snapshot_date,product_id,warehouse_id,stock_on_hand,safety_stock_level,reorder_point,annual_holding_rate
2025-01-06,SKU-1000,WH-01,74,30,54,0.2
2025-01-06,SKU-1001,WH-01,288,80,183,0.2
2025-01-06,SKU-1002,WH-01,166,30,69,0.2
2025-01-06,SKU-1003,WH-01,126,30,70,0.2
2025-01-06,SKU-1004,WH-01,27,120,279,0.2
2025-01-06,SKU-1005,WH-01,258,80,184,0.2
2025-01-06,SKU-1006,WH-01,209,80,156,0.2
2025-01-06,SKU-1007,WH-01,0,80,169,0.2
2025-01-06,SKU-1008,WH-01,253,80,164,0.2
2025-01-06,SKU-1009,WH-01,241,50,119,0.2
2025-01-06,SKU-1010,WH-01,265,80,187,0.2
2025-01-06,SKU-1011,WH-01,431,120,220,0.2
2025-01-06,SKU-1012,WH-01,54,30,54,0.2
2025-01-06,SKU-1013,WH-01,10,30,69,0.2
2025-01-06,SKU-1014,WH-01,264,120,231,0.2
2025-01-06,SKU-1015,WH-01,197,80,188,0.2
2025-01-06,SKU-1016,WH-01,0,80,178,0.2
2025-01-06,SKU-1017,WH-01,92,50,91,0.2
2025-01-06,SKU-1018,WH-01,244,50,105,0.2
2025-01-06,SKU-1019,WH-01,309,120,274,0.2
2025-01-06,SKU-1020,WH-01,159,50,94,0.2
2025-01-06,SKU-1021,WH-01,353,120,283,0.2
2025-01-06,SKU-1022,WH-01,596,120,254,0.2
2025-01-06,SKU-1023,WH-01,503,120,261,0.2
2025-01-06,SKU-1024,WH-01,229,50,112,0.2
2025-01-06,SKU-1025,WH-01,131,30,71,0.2
2025-01-06,SKU-1026,WH-01,268,80,152,0.2
2025-01-06,SKU-1027,WH-01,116,30,61,0.2
2025-01-06,SKU-1028,WH-01,277,80,150,0.2
2025-01-06,SKU-1029,WH-01,214,80,164,0.2
2025-01-06,SKU-1030,WH-01,77,30,66,0.2
2025-01-06,SKU-1031,WH-01,356,80,156,0.2
2025-01-06,SKU-1032,WH-01,696,120,280,0.2
2025-01-06,SKU-1033,WH-01,592,120,254,0.2
2025-01-06,SKU-1034,WH-01,283,50,115,0.2
2025-01-06,SKU-1035,WH-01,319,120,256,0.2
2025-01-06,SKU-1036,WH-01,0,80,153,0.2
2025-01-06,SKU-1037,WH-01,479,120,274,0.2
2025-01-06,SKU-1038,WH-01,522,120,280,0.2
2025-01-06,SKU-1039,WH-01,14,30,70,0.2
2025-01-06,SKU-1040,WH-01,338,80,144,0.2
2025-01-06,SKU-1041,WH-01,33,120,247,0.2
2025-01-06,SKU-1042,WH-01,448,120,234,0.2
2025-01-06,SKU-1043,WH-01,64,30,58,0.2
2025-01-06,SKU-1044,WH-01,0,80,176,0.2
2025-01-06,SKU-1045,WH-01,352,80,163,0.2
2025-01-06,SKU-1046,WH-01,0,50,100,0.2
2025-01-06,SKU-1047,WH-01,214,50,103,0.2
2025-01-06,SKU-1048,WH-01,204,50,117,0.2
2025-01-06,SKU-1049,WH-01,140,30,68,0.2
2025-01-06,SKU-1050,WH-01,91,30,71,0.2
2025-01-06,SKU-1051,WH-01,18,30,60,0.2
2025-01-06,SKU-1052,WH-01,165,30,67,0.2
2025-01-06,SKU-1053,WH-01,417,80,176,0.2
2025-01-06,SKU-1054,WH-01,110,30,58,0.2
2025-01-06,SKU-1055,WH-01,131,30,54,0.2
2025-01-06,SKU-1056,WH-01,274,80,170,0.2
2025-01-06,SKU-1057,WH-01,428,80,188,0.2
2025-01-06,SKU-1058,WH-01,113,30,69,0.2
2025-01-06,SKU-1059,WH-01,467,120,283,0.2
2025-01-06,SKU-1000,WH-02,49,80,174,0.2
2025-01-06,SKU-1001,WH-02,114,30,70,0.2
2025-01-06,SKU-1002,WH-02,598,120,257,0.2
2025-01-06,SKU-1003,WH-02,317,120,266,0.2
2025-01-06,SKU-1004,WH-02,111,30,70,0.2
2025-01-06,SKU-1005,WH-02,334,120,268,0.2
2025-01-06,SKU-1006,WH-02,13,30,58,0.2
2025-01-06,SKU-1007,WH-02,24,120,236,0.2
2025-01-06,SKU-1008,WH-02,401,80,183,0.2
2025-01-06,SKU-1009,WH-02,69,80,179,0.2
2025-01-06,SKU-1010,WH-02,118,30,63,0.2
2025-01-06,SKU-1011,WH-02,24,50,105,0.2
2025-01-06,SKU-1012,WH-02,277,120,246,0.2
2025-01-06,SKU-1013,WH-02,126,50,106,0.2
2025-01-06,SKU-1014,WH-02,161,50,114,0.2
2025-01-06,SKU-1015,WH-02,360,80,177,0.2
2025-01-06,SKU-1016,WH-02,112,30,69,0.2
2025-01-06,SKU-1017,WH-02,238,80,148,0.2
2025-01-06,SKU-1018,WH-02,345,80,187,0.2
2025-01-06,SKU-1019,WH-02,235,80,162,0.2
2025-01-06,SKU-1020,WH-02,419,120,223,0.2
2025-01-06,SKU-1021,WH-02,200,50,97,0.2
2025-01-06,SKU-1022,WH-02,182,50,110,0.2
2025-01-06,SKU-1023,WH-02,346,80,155,0.2
2025-01-06,SKU-1024,WH-02,388,80,180,0.2
2025-01-06,SKU-1025,WH-02,115,30,65,0.2
2025-01-06,SKU-1026,WH-02,434,120,239,0.2
2025-01-06,SKU-1027,WH-02,93,30,71,0.2
2025-01-06,SKU-1028,WH-02,111,50,104,0.2
2025-01-06,SKU-1029,WH-02,162,30,65,0.2
2025-01-06,SKU-1030,WH-02,389,80,162,0.2
2025-01-06,SKU-1031,WH-02,151,50,105,0.2
2025-01-06,SKU-1032,WH-02,159,80,150,0.2
2025-01-06,SKU-1033,WH-02,159,30,64,0.2
2025-01-06,SKU-1034,WH-02,151,50,103,0.2
2025-01-06,SKU-1035,WH-02,234,80,171,0.2
2025-01-06,SKU-1036,WH-02,132,30,54,0.2
2025-01-06,SKU-1037,WH-02,346,120,261,0.2
2025-01-06,SKU-1038,WH-02,69,30,58,0.2
2025-01-06,SKU-1039,WH-02,132,50,117,0.2
2025-01-06,SKU-1040,WH-02,66,30,56,0.2
2025-01-06,SKU-1041,WH-02,380,80,174,0.2
2025-01-06,SKU-1042,WH-02,256,80,166,0.2
2025-01-06,SKU-1043,WH-02,144,30,58,0.2
2025-01-06,SKU-1044,WH-02,191,50,93,0.2
2025-01-06,SKU-1045,WH-02,399,120,279,0.2
2025-01-06,SKU-1046,WH-02,121,50,93,0.2
2025-01-06,SKU-1047,WH-02,187,80,184,0.2
2025-01-06,SKU-1048,WH-02,223,80,161,0.2
2025-01-06,SKU-1049,WH-02,396,120,247,0.2
2025-01-06,SKU-1050,WH-02,19,80,163,0.2
2025-01-06,SKU-1051,WH-02,101,30,65,0.2
2025-01-06,SKU-1052,WH-02,2,30,58,0.2
2025-01-06,SKU-1053,WH-02,81,30,63,0.2
2025-01-06,SKU-1054,WH-02,366,80,156,0.2
2025-01-06,SKU-1055,WH-02,109,50,100,0.2
2025-01-06,SKU-1056,WH-02,169,50,116,0.2
2025-01-06,SKU-1057,WH-02,497,120,265,0.2
2025-01-06,SKU-1058,WH-02,503,120,256,0.2
2025-01-06,SKU-1059,WH-02,29,30,54,0.2
2025-01-06,SKU-1000,WH-03,224,80,152,0.2
2025-01-06,SKU-1001,WH-03,163,50,119,0.2
2025-01-06,SKU-1002,WH-03,449,120,263,0.2
2025-01-06,SKU-1003,WH-03,121,30,66,0.2
2025-01-06,SKU-1004,WH-03,98,30,63,0.2
2025-01-06,SKU-1005,WH-03,69,30,69,0.2
2025-01-06,SKU-1006,WH-03,107,50,96,0.2
2025-01-06,SKU-1007,WH-03,224,50,108,0.2
2025-01-06,SKU-1008,WH-03,298,80,160,0.2
2025-01-06,SKU-1009,WH-03,330,120,240,0.2
2025-01-06,SKU-1010,WH-03,0,50,116,0.2
2025-01-06,SKU-1011,WH-03,216,50,115,0.2
2025-01-06,SKU-1012,WH-03,79,80,170,0.2
2025-01-06,SKU-1013,WH-03,0,50,97,0.2
2025-01-06,SKU-1014,WH-03,235,50,101,0.2
2025-01-06,SKU-1015,WH-03,225,50,102,0.2
2025-01-06,SKU-1016,WH-03,26,120,276,0.2
2025-01-06,SKU-1017,WH-03,211,50,111,0.2
2025-01-06,SKU-1018,WH-03,180,80,146,0.2
2025-01-06,SKU-1019,WH-03,291,120,280,0.2
2025-01-06,SKU-1020,WH-03,227,50,117,0.2
2025-01-06,SKU-1021,WH-03,121,30,63,0.2
2025-01-06,SKU-1022,WH-03,198,80,149,0.2
2025-01-06,SKU-1023,WH-03,210,50,104,0.2
2025-01-06,SKU-1024,WH-03,193,50,113,0.2
2025-01-06,SKU-1025,WH-03,73,30,58,0.2
2025-01-06,SKU-1026,WH-03,114,30,70,0.2
2025-01-06,SKU-1027,WH-03,204,80,159,0.2
2025-01-06,SKU-1028,WH-03,0,50,113,0.2
2025-01-06,SKU-1029,WH-03,535,120,265,0.2
2025-01-06,SKU-1030,WH-03,328,80,173,0.2
2025-01-06,SKU-1031,WH-03,134,50,114,0.2
2025-01-06,SKU-1032,WH-03,14,30,68,0.2
2025-01-06,SKU-1033,WH-03,153,50,109,0.2
2025-01-06,SKU-1034,WH-03,0,50,112,0.2
2025-01-06,SKU-1035,WH-03,243,120,235,0.2
2025-01-06,SKU-1036,WH-03,463,80,188,0.2
2025-01-06,SKU-1037,WH-03,292,80,151,0.2
2025-01-06,SKU-1038,WH-03,112,30,66,0.2
2025-01-06,SKU-1039,WH-03,45,50,115,0.2
2025-01-06,SKU-1040,WH-03,492,120,249,0.2
2025-01-06,SKU-1041,WH-03,662,120,285,0.2
2025-01-06,SKU-1042,WH-03,87,30,60,0.2
2025-01-06,SKU-1043,WH-03,165,50,114,0.2
2025-01-06,SKU-1044,WH-03,101,30,67,0.2
2025-01-06,SKU-1045,WH-03,392,80,169,0.2
2025-01-06,SKU-1046,WH-03,225,120,223,0.2
2025-01-06,SKU-1047,WH-03,506,120,275,0.2
2025-01-06,SKU-1048,WH-03,85,30,54,0.2
2025-01-06,SKU-1049,WH-03,348,120,228,0.2
2025-01-06,SKU-1050,WH-03,15,80,170,0.2
2025-01-06,SKU-1051,WH-03,129,50,99,0.2
2025-01-06,SKU-1052,WH-03,536,120,232,0.2
2025-01-06,SKU-1053,WH-03,255,50,105,0.2
2025-01-06,SKU-1054,WH-03,93,30,55,0.2
2025-01-06,SKU-1055,WH-03,255,80,172,0.2
2025-01-06,SKU-1056,WH-03,270,80,179,0.2
2025-01-06,SKU-1057,WH-03,201,80,153,0.2
2025-01-06,SKU-1058,WH-03,387,120,259,0.2
2025-01-06,SKU-1059,WH-03,201,80,162,0.2
2025-01-06,SKU-1000,WH-04,69,30,56,0.2
2025-01-06,SKU-1001,WH-04,222,50,111,0.2
2025-01-06,SKU-1002,WH-04,0,30,61,0.2
2025-01-06,SKU-1003,WH-04,411,80,166,0.2
2025-01-06,SKU-1004,WH-04,278,120,230,0.2
2025-01-06,SKU-1005,WH-04,88,120,265,0.2
2025-01-06,SKU-1006,WH-04,395,120,270,0.2
2025-01-06,SKU-1007,WH-04,78,30,66,0.2
2025-01-06,SKU-1008,WH-04,140,30,60,0.2
2025-01-06,SKU-1009,WH-04,227,80,173,0.2
2025-01-06,SKU-1010,WH-04,248,80,157,0.2
2025-01-06,SKU-1011,WH-04,75,30,62,0.2
2025-01-06,SKU-1012,WH-04,220,80,180,0.2
2025-01-06,SKU-1013,WH-04,62,80,168,0.2
2025-01-06,SKU-1014,WH-04,361,120,280,0.2
2025-01-06,SKU-1015,WH-04,337,80,188,0.2
2025-01-06,SKU-1016,WH-04,186,80,152,0.2
2025-01-06,SKU-1017,WH-04,368,120,260,0.2
2025-01-06,SKU-1018,WH-04,327,120,256,0.2
2025-01-06,SKU-1019,WH-04,67,30,63,0.2
2025-01-06,SKU-1020,WH-04,284,80,180,0.2
2025-01-06,SKU-1021,WH-04,156,50,101,0.2
2025-01-06,SKU-1022,WH-04,504,120,267,0.2
2025-01-06,SKU-1023,WH-04,550,120,226,0.2
2025-01-06,SKU-1024,WH-04,89,30,62,0.2
2025-01-06,SKU-1025,WH-04,120,30,66,0.2
2025-01-06,SKU-1026,WH-04,450,80,189,0.2
2025-01-06,SKU-1027,WH-04,357,80,154,0.2
2025-01-06,SKU-1028,WH-04,73,30,62,0.2
2025-01-06,SKU-1029,WH-04,35,50,95,0.2
2025-01-06,SKU-1030,WH-04,181,50,100,0.2
2025-01-06,SKU-1031,WH-04,113,30,57,0.2
2025-01-06,SKU-1032,WH-04,66,30,54,0.2
2025-01-06,SKU-1033,WH-04,0,30,67,0.2
2025-01-06,SKU-1034,WH-04,7,120,224,0.2
2025-01-06,SKU-1035,WH-04,457,120,230,0.2
2025-01-06,SKU-1036,WH-04,220,80,144,0.2
2025-01-06,SKU-1037,WH-04,305,80,181,0.2
2025-01-06,SKU-1038,WH-04,235,50,103,0.2
2025-01-06,SKU-1039,WH-04,415,80,187,0.2
2025-01-06,SKU-1040,WH-04,430,120,255,0.2
2025-01-06,SKU-1041,WH-04,9,30,59,0.2
2025-01-06,SKU-1042,WH-04,205,50,118,0.2
2025-01-06,SKU-1043,WH-04,143,50,96,0.2
2025-01-06,SKU-1044,WH-04,0,50,96,0.2
2025-01-06,SKU-1045,WH-04,460,120,269,0.2
2025-01-06,SKU-1046,WH-04,248,80,163,0.2
2025-01-06,SKU-1047,WH-04,174,30,70,0.2
2025-01-06,SKU-1048,WH-04,135,50,119,0.2
2025-01-06,SKU-1049,WH-04,104,30,69,0.2
2025-01-06,SKU-1050,WH-04,140,30,64,0.2
2025-01-06,SKU-1051,WH-04,101,30,62,0.2
2025-01-06,SKU-1052,WH-04,485,120,220,0.2
2025-01-06,SKU-1053,WH-04,513,120,242,0.2
2025-01-06,SKU-1054,WH-04,282,50,114,0.2
2025-01-06,SKU-1055,WH-04,76,80,179,0.2
2025-01-06,SKU-1056,WH-04,249,80,168,0.2
2025-01-06,SKU-1057,WH-04,211,50,94,0.2
2025-01-06,SKU-1058,WH-04,235,80,174,0.2
2025-01-06,SKU-1059,WH-04,240,80,150,0.2
2025-01-13,SKU-1000,WH-01,513,120,236,0.2
2025-01-13,SKU-1001,WH-01,16,30,58,0.2
2025-01-13,SKU-1002,WH-01,544,120,227,0.2
2025-01-13,SKU-1003,WH-01,161,30,65,0.2
2025-01-13,SKU-1004,WH-01,65,80,164,0.2
2025-01-13,SKU-1005,WH-01,386,80,191,0.2
2025-01-13,SKU-1006,WH-01,196,80,149,0.2
2025-01-13,SKU-1007,WH-01,28,120,237,0.2
2025-01-13,SKU-1008,WH-01,71,120,241,0.2
2025-01-13,SKU-1009,WH-01,363,120,230,0.2
2025-01-13,SKU-1010,WH-01,439,120,239,0.2
2025-01-13,SKU-1011,WH-01,344,80,167,0.2
2025-01-13,SKU-1012,WH-01,344,80,188,0.2
2025-01-13,SKU-1013,WH-01,186,50,97,0.2
2025-01-13,SKU-1014,WH-01,78,30,54,0.2
2025-01-13,SKU-1015,WH-01,573,120,230,0.2
2025-01-13,SKU-1016,WH-01,114,120,219,0.2
2025-01-13,SKU-1017,WH-01,162,50,93,0.2
2025-01-13,SKU-1018,WH-01,0,30,62,0.2
2025-01-13,SKU-1019,WH-01,394,120,247,0.2
2025-01-13,SKU-1020,WH-01,119,30,57,0.2
2025-01-13,SKU-1021,WH-01,234,50,97,0.2
2025-01-13,SKU-1022,WH-01,126,30,58,0.2
2025-01-13,SKU-1023,WH-01,362,80,148,0.2
2025-01-13,SKU-1024,WH-01,187,80,152,0.2
2025-01-13,SKU-1025,WH-01,144,50,91,0.2
2025-01-13,SKU-1026,WH-01,377,120,222,0.2
2025-01-13,SKU-1027,WH-01,222,50,111,0.2
2025-01-13,SKU-1028,WH-01,419,80,186,0.2
2025-01-13,SKU-1029,WH-01,7,30,70,0.2
2025-01-13,SKU-1030,WH-01,1,80,172,0.2
2025-01-13,SKU-1031,WH-01,312,80,161,0.2
2025-01-13,SKU-1032,WH-01,252,50,108,0.2
2025-01-13,SKU-1033,WH-01,97,30,71,0.2
2025-01-13,SKU-1034,WH-01,33,120,223,0.2
2025-01-13,SKU-1035,WH-01,114,30,62,0.2
2025-01-13,SKU-1036,WH-01,107,30,62,0.2
2025-01-13,SKU-1037,WH-01,0,50,111,0.2
2025-01-13,SKU-1038,WH-01,38,120,220,0.2
2025-01-13,SKU-1039,WH-01,135,50,108,0.2
2025-01-13,SKU-1040,WH-01,86,30,54,0.2
2025-01-13,SKU-1041,WH-01,427,120,271,0.2
2025-01-13,SKU-1042,WH-01,374,80,184,0.2
2025-01-13,SKU-1043,WH-01,112,30,54,0.2
2025-01-13,SKU-1044,WH-01,103,30,70,0.2
2025-01-13,SKU-1045,WH-01,147,50,97,0.2
2025-01-13,SKU-1046,WH-01,82,30,63,0.2
2025-01-13,SKU-1047,WH-01,19,30,68,0.2
2025-01-13,SKU-1048,WH-01,6,30,70,0.2
2025-01-13,SKU-1049,WH-01,83,120,220,0.2
2025-01-13,SKU-1050,WH-01,68,30,60,0.2
2025-01-13,SKU-1051,WH-01,0,80,168,0.2
2025-01-13,SKU-1052,WH-01,122,50,111,0.2
2025-01-13,SKU-1053,WH-01,147,30,71,0.2
2025-01-13,SKU-1054,WH-01,266,120,233,0.2
2025-01-13,SKU-1055,WH-01,365,120,237,0.2
2025-01-13,SKU-1056,WH-01,0,50,95,0.2
2025-01-13,SKU-1057,WH-01,285,120,217,0.2
2025-01-13,SKU-1058,WH-01,87,30,55,0.2
2025-01-13,SKU-1059,WH-01,8,30,68,0.2
2025-01-13,SKU-1000,WH-02,581,120,256,0.2
2025-01-13,SKU-1001,WH-02,304,80,182,0.2
2025-01-13,SKU-1002,WH-02,231,80,178,0.2
2025-01-13,SKU-1003,WH-02,190,50,100,0.2
2025-01-13,SKU-1004,WH-02,143,50,119,0.2
2025-01-13,SKU-1005,WH-02,40,120,243,0.2
2025-01-13,SKU-1006,WH-02,147,50,107,0.2
2025-01-13,SKU-1007,WH-02,65,120,285,0.2
2025-01-13,SKU-1008,WH-02,372,120,253,0.2
2025-01-13,SKU-1009,WH-02,149,50,108,0.2
2025-01-13,SKU-1010,WH-02,137,30,60,0.2
2025-01-13,SKU-1011,WH-02,464,120,269,0.2
2025-01-13,SKU-1012,WH-02,256,80,172,0.2
2025-01-13,SKU-1013,WH-02,111,120,279,0.2
2025-01-13,SKU-1014,WH-02,559,120,261,0.2
2025-01-13,SKU-1015,WH-02,79,80,151,0.2
2025-01-13,SKU-1016,WH-02,400,120,282,0.2
2025-01-13,SKU-1017,WH-02,5,50,96,0.2
2025-01-13,SKU-1018,WH-02,5,120,235,0.2
2025-01-13,SKU-1019,WH-02,104,50,92,0.2
2025-01-13,SKU-1020,WH-02,202,50,110,0.2
2025-01-13,SKU-1021,WH-02,231,120,225,0.2
2025-01-13,SKU-1022,WH-02,242,50,105,0.2
2025-01-13,SKU-1023,WH-02,29,30,59,0.2
2025-01-13,SKU-1024,WH-02,2,80,147,0.2
2025-01-13,SKU-1025,WH-02,112,30,63,0.2
2025-01-13,SKU-1026,WH-02,296,120,275,0.2
2025-01-13,SKU-1027,WH-02,92,30,57,0.2
2025-01-13,SKU-1028,WH-02,119,50,94,0.2
2025-01-13,SKU-1029,WH-02,117,30,71,0.2
2025-01-13,SKU-1030,WH-02,18,50,110,0.2
2025-01-13,SKU-1031,WH-02,8,120,275,0.2
2025-01-13,SKU-1032,WH-02,0,80,157,0.2
2025-01-13,SKU-1033,WH-02,81,30,57,0.2
2025-01-13,SKU-1034,WH-02,217,80,182,0.2
2025-01-13,SKU-1035,WH-02,244,80,190,0.2
2025-01-13,SKU-1036,WH-02,446,120,254,0.2
2025-01-13,SKU-1037,WH-02,228,50,99,0.2
2025-01-13,SKU-1038,WH-02,288,120,268,0.2
2025-01-13,SKU-1039,WH-02,139,30,64,0.2
2025-01-13,SKU-1040,WH-02,52,120,229,0.2
2025-01-13,SKU-1041,WH-02,451,80,183,0.2
2025-01-13,SKU-1042,WH-02,180,80,147,0.2
2025-01-13,SKU-1043,WH-02,87,30,58,0.2
2025-01-13,SKU-1044,WH-02,464,120,246,0.2
2025-01-13,SKU-1045,WH-02,406,120,241,0.2
2025-01-13,SKU-1046,WH-02,17,80,183,0.2
2025-01-13,SKU-1047,WH-02,212,50,110,0.2
2025-01-13,SKU-1048,WH-02,150,50,115,0.2
2025-01-13,SKU-1049,WH-02,258,120,224,0.2
2025-01-13,SKU-1050,WH-02,287,80,189,0.2
2025-01-13,SKU-1051,WH-02,352,80,189,0.2
2025-01-13,SKU-1052,WH-02,138,30,60,0.2
2025-01-13,SKU-1053,WH-02,259,80,162,0.2
2025-01-13,SKU-1054,WH-02,140,50,107,0.2
2025-01-13,SKU-1055,WH-02,175,50,104,0.2
2025-01-13,SKU-1056,WH-02,131,30,54,0.2
2025-01-13,SKU-1057,WH-02,0,80,159,0.2
2025-01-13,SKU-1058,WH-02,70,120,263,0.2
2025-01-13,SKU-1059,WH-02,75,30,67,0.2
2025-01-13,SKU-1000,WH-03,345,80,148,0.2
2025-01-13,SKU-1001,WH-03,548,120,220,0.2
2025-01-13,SKU-1002,WH-03,40,120,217,0.2
2025-01-13,SKU-1003,WH-03,151,30,69,0.2
2025-01-13,SKU-1004,WH-03,88,30,57,0.2
2025-01-13,SKU-1005,WH-03,318,120,285,0.2
2025-01-13,SKU-1006,WH-03,355,80,180,0.2
2025-01-13,SKU-1007,WH-03,37,50,95,0.2
2025-01-13,SKU-1008,WH-03,266,80,185,0.2
2025-01-13,SKU-1009,WH-03,287,120,231,0.2
2025-01-13,SKU-1010,WH-03,133,50,92,0.2
2025-01-13,SKU-1011,WH-03,228,50,92,0.2
2025-01-13,SKU-1012,WH-03,351,80,176,0.2
2025-01-13,SKU-1013,WH-03,277,80,177,0.2
2025-01-13,SKU-1014,WH-03,708,120,285,0.2
2025-01-13,SKU-1015,WH-03,1,80,162,0.2
2025-01-13,SKU-1016,WH-03,202,50,110,0.2
2025-01-13,SKU-1017,WH-03,22,30,58,0.2
2025-01-13,SKU-1018,WH-03,67,120,269,0.2
2025-01-13,SKU-1019,WH-03,0,120,281,0.2
2025-01-13,SKU-1020,WH-03,285,120,217,0.2
2025-01-13,SKU-1021,WH-03,381,80,153,0.2
2025-01-13,SKU-1022,WH-03,330,80,165,0.2
2025-01-13,SKU-1023,WH-03,560,120,244,0.2
2025-01-13,SKU-1024,WH-03,200,50,107,0.2
2025-01-13,SKU-1025,WH-03,212,50,106,0.2
2025-01-13,SKU-1026,WH-03,116,30,66,0.2
2025-01-13,SKU-1027,WH-03,512,120,263,0.2
2025-01-13,SKU-1028,WH-03,0,80,158,0.2
2025-01-13,SKU-1029,WH-03,57,30,54,0.2
2025-01-13,SKU-1030,WH-03,160,30,66,0.2
2025-01-13,SKU-1031,WH-03,271,50,117,0.2
2025-01-13,SKU-1032,WH-03,391,80,179,0.2
2025-01-13,SKU-1033,WH-03,225,50,117,0.2
2025-01-13,SKU-1034,WH-03,244,80,166,0.2
2025-01-13,SKU-1035,WH-03,144,30,68,0.2
2025-01-13,SKU-1036,WH-03,268,50,110,0.2
2025-01-13,SKU-1037,WH-03,155,30,64,0.2
2025-01-13,SKU-1038,WH-03,438,120,285,0.2
2025-01-13,SKU-1039,WH-03,391,120,272,0.2
2025-01-13,SKU-1040,WH-03,495,120,239,0.2
2025-01-13,SKU-1041,WH-03,3,50,111,0.2
2025-01-13,SKU-1042,WH-03,82,30,56,0.2
2025-01-13,SKU-1043,WH-03,181,50,107,0.2
2025-01-13,SKU-1044,WH-03,407,120,276,0.2
2025-01-13,SKU-1045,WH-03,336,120,238,0.2
2025-01-13,SKU-1046,WH-03,3,50,105,0.2
2025-01-13,SKU-1047,WH-03,9,120,246,0.2
2025-01-13,SKU-1048,WH-03,0,120,254,0.2
2025-01-13,SKU-1049,WH-03,3,50,92,0.2
2025-01-13,SKU-1050,WH-03,248,80,164,0.2
2025-01-13,SKU-1051,WH-03,176,50,100,0.2
2025-01-13,SKU-1052,WH-03,180,50,107,0.2
2025-01-13,SKU-1053,WH-03,110,30,56,0.2
2025-01-13,SKU-1054,WH-03,203,50,92,0.2
2025-01-13,SKU-1055,WH-03,362,80,148,0.2
2025-01-13,SKU-1056,WH-03,207,50,113,0.2
2025-01-13,SKU-1057,WH-03,296,80,152,0.2
2025-01-13,SKU-1058,WH-03,173,80,149,0.2
2025-01-13,SKU-1059,WH-03,198,50,96,0.2
2025-01-13,SKU-1000,WH-04,0,50,110,0.2
2025-01-13,SKU-1001,WH-04,0,120,261,0.2
2025-01-13,SKU-1002,WH-04,27,30,62,0.2
2025-01-13,SKU-1003,WH-04,85,120,246,0.2
2025-01-13,SKU-1004,WH-04,314,120,238,0.2
2025-01-13,SKU-1005,WH-04,236,50,112,0.2
2025-01-13,SKU-1006,WH-04,284,80,189,0.2
2025-01-13,SKU-1007,WH-04,80,30,68,0.2
2025-01-13,SKU-1008,WH-04,221,50,98,0.2
2025-01-13,SKU-1009,WH-04,405,80,169,0.2
2025-01-13,SKU-1010,WH-04,151,80,150,0.2
2025-01-13,SKU-1011,WH-04,104,50,91,0.2
2025-01-13,SKU-1012,WH-04,4,50,118,0.2
2025-01-13,SKU-1013,WH-04,99,30,56,0.2
2025-01-13,SKU-1014,WH-04,0,80,183,0.2
2025-01-13,SKU-1015,WH-04,3,30,58,0.2
2025-01-13,SKU-1016,WH-04,216,80,146,0.2
2025-01-13,SKU-1017,WH-04,499,120,244,0.2
2025-01-13,SKU-1018,WH-04,488,120,242,0.2
2025-01-13,SKU-1019,WH-04,221,80,149,0.2
2025-01-13,SKU-1020,WH-04,119,30,61,0.2
2025-01-13,SKU-1021,WH-04,62,30,62,0.2
2025-01-13,SKU-1022,WH-04,180,50,93,0.2
2025-01-13,SKU-1023,WH-04,222,80,146,0.2
2025-01-13,SKU-1024,WH-04,313,80,161,0.2
2025-01-13,SKU-1025,WH-04,298,80,146,0.2
2025-01-13,SKU-1026,WH-04,257,50,119,0.2
2025-01-13,SKU-1027,WH-04,83,30,68,0.2
2025-01-13,SKU-1028,WH-04,28,30,65,0.2
2025-01-13,SKU-1029,WH-04,144,30,63,0.2
2025-01-13,SKU-1030,WH-04,94,30,69,0.2
2025-01-13,SKU-1031,WH-04,201,50,107,0.2
2025-01-13,SKU-1032,WH-04,447,120,276,0.2
2025-01-13,SKU-1033,WH-04,271,80,149,0.2
2025-01-13,SKU-1034,WH-04,216,50,97,0.2
2025-01-13,SKU-1035,WH-04,196,50,110,0.2
2025-01-13,SKU-1036,WH-04,17,30,65,0.2
2025-01-13,SKU-1037,WH-04,167,50,116,0.2
2025-01-13,SKU-1038,WH-04,161,30,65,0.2
2025-01-13,SKU-1039,WH-04,139,30,66,0.2
2025-01-13,SKU-1040,WH-04,532,120,249,0.2
2025-01-13,SKU-1041,WH-04,402,120,220,0.2
2025-01-13,SKU-1042,WH-04,108,50,103,0.2
2025-01-13,SKU-1043,WH-04,227,50,93,0.2
2025-01-13,SKU-1044,WH-04,46,50,100,0.2
2025-01-13,SKU-1045,WH-04,67,30,61,0.2
2025-01-13,SKU-1046,WH-04,336,80,180,0.2
2025-01-13,SKU-1047,WH-04,92,30,57,0.2
2025-01-13,SKU-1048,WH-04,210,50,94,0.2
2025-01-13,SKU-1049,WH-04,158,50,90,0.2
2025-01-13,SKU-1050,WH-04,704,120,283,0.2
2025-01-13,SKU-1051,WH-04,187,50,96,0.2
2025-01-13,SKU-1052,WH-04,96,30,65,0.2
2025-01-13,SKU-1053,WH-04,79,30,62,0.2
2025-01-13,SKU-1054,WH-04,103,120,230,0.2
2025-01-13,SKU-1055,WH-04,316,80,147,0.2
2025-01-13,SKU-1056,WH-04,460,120,252,0.2
2025-01-13,SKU-1057,WH-04,106,30,70,0.2
2025-01-13,SKU-1058,WH-04,328,80,159,0.2
2025-01-13,SKU-1059,WH-04,444,120,272,0.2
2025-01-20,SKU-1000,WH-01,0,50,116,0.2
2025-01-20,SKU-1001,WH-01,36,50,108,0.2
2025-01-20,SKU-1002,WH-01,305,80,168,0.2
2025-01-20,SKU-1003,WH-01,0,120,246,0.2
2025-01-20,SKU-1004,WH-01,332,80,176,0.2
2025-01-20,SKU-1005,WH-01,223,50,91,0.2
2025-01-20,SKU-1006,WH-01,11,80,164,0.2
2025-01-20,SKU-1007,WH-01,196,50,99,0.2
2025-01-20,SKU-1008,WH-01,337,120,238,0.2
2025-01-20,SKU-1009,WH-01,43,50,118,0.2
2025-01-20,SKU-1010,WH-01,201,80,157,0.2
2025-01-20,SKU-1011,WH-01,0,80,145,0.2
2025-01-20,SKU-1012,WH-01,351,120,223,0.2
2025-01-20,SKU-1013,WH-01,303,120,224,0.2
2025-01-20,SKU-1014,WH-01,186,80,164,0.2
2025-01-20,SKU-1015,WH-01,282,50,119,0.2
2025-01-20,SKU-1016,WH-01,622,120,255,0.2
2025-01-20,SKU-1017,WH-01,31,120,269,0.2
2025-01-20,SKU-1018,WH-01,161,50,101,0.2
2025-01-20,SKU-1019,WH-01,0,30,66,0.2
2025-01-20,SKU-1020,WH-01,12,50,96,0.2
2025-01-20,SKU-1021,WH-01,420,120,286,0.2
2025-01-20,SKU-1022,WH-01,217,80,160,0.2
2025-01-20,SKU-1023,WH-01,99,30,58,0.2
2025-01-20,SKU-1024,WH-01,217,80,191,0.2
2025-01-20,SKU-1025,WH-01,248,50,103,0.2
2025-01-20,SKU-1026,WH-01,29,50,104,0.2
2025-01-20,SKU-1027,WH-01,39,120,218,0.2
2025-01-20,SKU-1028,WH-01,28,120,287,0.2
2025-01-20,SKU-1029,WH-01,130,50,98,0.2
2025-01-20,SKU-1030,WH-01,375,80,181,0.2
2025-01-20,SKU-1031,WH-01,84,30,60,0.2
2025-01-20,SKU-1032,WH-01,645,120,287,0.2
2025-01-20,SKU-1033,WH-01,154,80,153,0.2
2025-01-20,SKU-1034,WH-01,134,30,65,0.2
2025-01-20,SKU-1035,WH-01,389,80,162,0.2
2025-01-20,SKU-1036,WH-01,114,50,101,0.2
2025-01-20,SKU-1037,WH-01,0,30,62,0.2
2025-01-20,SKU-1038,WH-01,267,80,189,0.2
2025-01-20,SKU-1039,WH-01,452,120,226,0.2
2025-01-20,SKU-1040,WH-01,20,120,286,0.2
2025-01-20,SKU-1041,WH-01,200,80,162,0.2
2025-01-20,SKU-1042,WH-01,122,30,56,0.2
2025-01-20,SKU-1043,WH-01,99,30,63,0.2
2025-01-20,SKU-1044,WH-01,23,50,113,0.2
2025-01-20,SKU-1045,WH-01,136,50,96,0.2
2025-01-20,SKU-1046,WH-01,546,120,254,0.2
2025-01-20,SKU-1047,WH-01,387,80,184,0.2
2025-01-20,SKU-1048,WH-01,322,80,163,0.2
2025-01-20,SKU-1049,WH-01,337,80,154,0.2
2025-01-20,SKU-1050,WH-01,338,80,148,0.2
2025-01-20,SKU-1051,WH-01,411,120,277,0.2
2025-01-20,SKU-1052,WH-01,243,80,170,0.2
2025-01-20,SKU-1053,WH-01,151,50,104,0.2
2025-01-20,SKU-1054,WH-01,423,80,177,0.2
2025-01-20,SKU-1055,WH-01,47,50,98,0.2
2025-01-20,SKU-1056,WH-01,0,120,246,0.2
2025-01-20,SKU-1057,WH-01,79,30,68,0.2
2025-01-20,SKU-1058,WH-01,626,120,285,0.2
2025-01-20,SKU-1059,WH-01,663,120,283,0.2
2025-01-20,SKU-1000,WH-02,324,80,147,0.2
2025-01-20,SKU-1001,WH-02,24,30,58,0.2
2025-01-20,SKU-1002,WH-02,115,30,69,0.2
2025-01-20,SKU-1003,WH-02,339,80,164,0.2
2025-01-20,SKU-1004,WH-02,72,80,146,0.2
2025-01-20,SKU-1005,WH-02,164,50,98,0.2
2025-01-20,SKU-1006,WH-02,323,120,239,0.2
2025-01-20,SKU-1007,WH-02,400,80,177,0.2
2025-01-20,SKU-1008,WH-02,320,120,244,0.2
2025-01-20,SKU-1009,WH-02,151,30,64,0.2
2025-01-20,SKU-1010,WH-02,102,30,68,0.2
2025-01-20,SKU-1011,WH-02,151,50,95,0.2
2025-01-20,SKU-1012,WH-02,172,50,102,0.2
2025-01-20,SKU-1013,WH-02,109,50,108,0.2
2025-01-20,SKU-1014,WH-02,329,80,162,0.2
2025-01-20,SKU-1015,WH-02,315,80,174,0.2
2025-01-20,SKU-1016,WH-02,438,120,217,0.2
2025-01-20,SKU-1017,WH-02,32,120,246,0.2
2025-01-20,SKU-1018,WH-02,39,50,115,0.2
2025-01-20,SKU-1019,WH-02,361,120,279,0.2
2025-01-20,SKU-1020,WH-02,195,50,91,0.2
2025-01-20,SKU-1021,WH-02,0,30,60,0.2
2025-01-20,SKU-1022,WH-02,367,80,172,0.2
2025-01-20,SKU-1023,WH-02,240,80,174,0.2
2025-01-20,SKU-1024,WH-02,0,30,67,0.2
2025-01-20,SKU-1025,WH-02,307,120,261,0.2
2025-01-20,SKU-1026,WH-02,34,120,255,0.2
2025-01-20,SKU-1027,WH-02,187,50,110,0.2
2025-01-20,SKU-1028,WH-02,352,80,171,0.2
2025-01-20,SKU-1029,WH-02,99,30,63,0.2
2025-01-20,SKU-1030,WH-02,75,80,166,0.2
2025-01-20,SKU-1031,WH-02,264,120,218,0.2
2025-01-20,SKU-1032,WH-02,271,80,182,0.2
2025-01-20,SKU-1033,WH-02,119,30,66,0.2
2025-01-20,SKU-1034,WH-02,525,120,252,0.2
2025-01-20,SKU-1035,WH-02,112,30,56,0.2
2025-01-20,SKU-1036,WH-02,148,50,105,0.2
2025-01-20,SKU-1037,WH-02,103,30,59,0.2
2025-01-20,SKU-1038,WH-02,213,80,175,0.2
2025-01-20,SKU-1039,WH-02,199,80,176,0.2
2025-01-20,SKU-1040,WH-02,398,80,176,0.2
2025-01-20,SKU-1041,WH-02,581,120,274,0.2
2025-01-20,SKU-1042,WH-02,115,30,61,0.2
2025-01-20,SKU-1043,WH-02,262,50,113,0.2
2025-01-20,SKU-1044,WH-02,291,80,170,0.2
2025-01-20,SKU-1045,WH-02,22,50,102,0.2
2025-01-20,SKU-1046,WH-02,104,30,60,0.2
2025-01-20,SKU-1047,WH-02,108,30,58,0.2
2025-01-20,SKU-1048,WH-02,143,30,62,0.2
2025-01-20,SKU-1049,WH-02,358,80,169,0.2
2025-01-20,SKU-1050,WH-02,439,120,271,0.2
2025-01-20,SKU-1051,WH-02,63,120,280,0.2
2025-01-20,SKU-1052,WH-02,81,30,60,0.2
2025-01-20,SKU-1053,WH-02,654,120,263,0.2
2025-01-20,SKU-1054,WH-02,630,120,287,0.2
2025-01-20,SKU-1055,WH-02,177,50,98,0.2
2025-01-20,SKU-1056,WH-02,35,50,110,0.2
2025-01-20,SKU-1057,WH-02,0,30,55,0.2
2025-01-20,SKU-1058,WH-02,74,80,169,0.2
2025-01-20,SKU-1059,WH-02,425,120,223,0.2
2025-01-20,SKU-1000,WH-03,403,80,167,0.2
2025-01-20,SKU-1001,WH-03,76,80,180,0.2
2025-01-20,SKU-1002,WH-03,147,50,108,0.2
2025-01-20,SKU-1003,WH-03,95,30,66,0.2
2025-01-20,SKU-1004,WH-03,540,120,286,0.2
2025-01-20,SKU-1005,WH-03,364,120,223,0.2
2025-01-20,SKU-1006,WH-03,407,120,221,0.2
2025-01-20,SKU-1007,WH-03,79,30,70,0.2
2025-01-20,SKU-1008,WH-03,362,120,251,0.2
2025-01-20,SKU-1009,WH-03,27,80,152,0.2
2025-01-20,SKU-1010,WH-03,451,120,229,0.2
2025-01-20,SKU-1011,WH-03,160,50,116,0.2
2025-01-20,SKU-1012,WH-03,152,50,103,0.2
2025-01-20,SKU-1013,WH-03,502,120,241,0.2
2025-01-20,SKU-1014,WH-03,46,80,189,0.2
2025-01-20,SKU-1015,WH-03,0,120,243,0.2
2025-01-20,SKU-1016,WH-03,45,50,95,0.2
2025-01-20,SKU-1017,WH-03,309,80,163,0.2
2025-01-20,SKU-1018,WH-03,103,30,56,0.2
2025-01-20,SKU-1019,WH-03,182,50,103,0.2
2025-01-20,SKU-1020,WH-03,195,80,146,0.2
2025-01-20,SKU-1021,WH-03,102,30,55,0.2
2025-01-20,SKU-1022,WH-03,603,120,280,0.2
2025-01-20,SKU-1023,WH-03,421,120,255,0.2
2025-01-20,SKU-1024,WH-03,525,120,270,0.2
2025-01-20,SKU-1025,WH-03,100,50,98,0.2
2025-01-20,SKU-1026,WH-03,166,50,91,0.2
2025-01-20,SKU-1027,WH-03,106,30,69,0.2
2025-01-20,SKU-1028,WH-03,156,50,97,0.2
2025-01-20,SKU-1029,WH-03,153,30,62,0.2
2025-01-20,SKU-1030,WH-03,47,80,144,0.2
2025-01-20,SKU-1031,WH-03,43,80,151,0.2
2025-01-20,SKU-1032,WH-03,0,50,100,0.2
2025-01-20,SKU-1033,WH-03,135,50,113,0.2
2025-01-20,SKU-1034,WH-03,271,80,144,0.2
2025-01-20,SKU-1035,WH-03,132,50,108,0.2
2025-01-20,SKU-1036,WH-03,355,80,157,0.2
2025-01-20,SKU-1037,WH-03,16,50,99,0.2
2025-01-20,SKU-1038,WH-03,19,30,63,0.2
2025-01-20,SKU-1039,WH-03,150,80,150,0.2
2025-01-20,SKU-1040,WH-03,82,30,60,0.2
2025-01-20,SKU-1041,WH-03,424,120,256,0.2
2025-01-20,SKU-1042,WH-03,234,120,219,0.2
2025-01-20,SKU-1043,WH-03,470,120,225,0.2
2025-01-20,SKU-1044,WH-03,436,80,181,0.2
2025-01-20,SKU-1045,WH-03,359,120,238,0.2
2025-01-20,SKU-1046,WH-03,115,30,55,0.2
2025-01-20,SKU-1047,WH-03,145,30,60,0.2
2025-01-20,SKU-1048,WH-03,18,30,65,0.2
2025-01-20,SKU-1049,WH-03,604,120,262,0.2
2025-01-20,SKU-1050,WH-03,376,80,163,0.2
2025-01-20,SKU-1051,WH-03,242,80,180,0.2
2025-01-20,SKU-1052,WH-03,426,120,283,0.2
2025-01-20,SKU-1053,WH-03,34,50,106,0.2
2025-01-20,SKU-1054,WH-03,527,120,221,0.2
2025-01-20,SKU-1055,WH-03,532,120,240,0.2
2025-01-20,SKU-1056,WH-03,114,50,109,0.2
2025-01-20,SKU-1057,WH-03,225,50,116,0.2
2025-01-20,SKU-1058,WH-03,160,30,66,0.2
2025-01-20,SKU-1059,WH-03,0,120,281,0.2
2025-01-20,SKU-1000,WH-04,403,120,246,0.2
2025-01-20,SKU-1001,WH-04,22,30,54,0.2
2025-01-20,SKU-1002,WH-04,362,80,191,0.2
2025-01-20,SKU-1003,WH-04,289,80,179,0.2
2025-01-20,SKU-1004,WH-04,139,30,64,0.2
2025-01-20,SKU-1005,WH-04,339,120,262,0.2
2025-01-20,SKU-1006,WH-04,150,50,114,0.2
2025-01-20,SKU-1007,WH-04,272,80,186,0.2
2025-01-20,SKU-1008,WH-04,139,50,104,0.2
2025-01-20,SKU-1009,WH-04,110,50,103,0.2
2025-01-20,SKU-1010,WH-04,120,30,69,0.2
2025-01-20,SKU-1011,WH-04,495,120,281,0.2
2025-01-20,SKU-1012,WH-04,404,80,186,0.2
2025-01-20,SKU-1013,WH-04,272,50,114,0.2
2025-01-20,SKU-1014,WH-04,211,50,96,0.2
2025-01-20,SKU-1015,WH-04,116,50,116,0.2
2025-01-20,SKU-1016,WH-04,319,120,234,0.2
2025-01-20,SKU-1017,WH-04,222,50,109,0.2
2025-01-20,SKU-1018,WH-04,341,80,146,0.2
2025-01-20,SKU-1019,WH-04,222,80,172,0.2
2025-01-20,SKU-1020,WH-04,84,30,59,0.2
2025-01-20,SKU-1021,WH-04,143,30,66,0.2
2025-01-20,SKU-1022,WH-04,237,80,151,0.2
2025-01-20,SKU-1023,WH-04,332,120,241,0.2
2025-01-20,SKU-1024,WH-04,363,120,234,0.2
2025-01-20,SKU-1025,WH-04,403,80,162,0.2
2025-01-20,SKU-1026,WH-04,24,50,91,0.2
2025-01-20,SKU-1027,WH-04,0,30,58,0.2
2025-01-20,SKU-1028,WH-04,398,120,280,0.2
2025-01-20,SKU-1029,WH-04,77,30,63,0.2
2025-01-20,SKU-1030,WH-04,97,50,93,0.2
2025-01-20,SKU-1031,WH-04,433,120,259,0.2
2025-01-20,SKU-1032,WH-04,190,50,101,0.2
2025-01-20,SKU-1033,WH-04,180,80,152,0.2
2025-01-20,SKU-1034,WH-04,267,50,113,0.2
2025-01-20,SKU-1035,WH-04,336,120,221,0.2
2025-01-20,SKU-1036,WH-04,57,80,190,0.2
2025-01-20,SKU-1037,WH-04,123,50,116,0.2
2025-01-20,SKU-1038,WH-04,32,50,105,0.2
2025-01-20,SKU-1039,WH-04,146,50,108,0.2
2025-01-20,SKU-1040,WH-04,221,50,94,0.2
2025-01-20,SKU-1041,WH-04,100,30,55,0.2
2025-01-20,SKU-1042,WH-04,55,120,270,0.2
2025-01-20,SKU-1043,WH-04,140,50,117,0.2
2025-01-20,SKU-1044,WH-04,424,120,282,0.2
2025-01-20,SKU-1045,WH-04,280,120,248,0.2
2025-01-20,SKU-1046,WH-04,512,120,283,0.2
2025-01-20,SKU-1047,WH-04,188,50,92,0.2
2025-01-20,SKU-1048,WH-04,15,80,164,0.2
2025-01-20,SKU-1049,WH-04,0,50,99,0.2
2025-01-20,SKU-1050,WH-04,74,30,67,0.2
2025-01-20,SKU-1051,WH-04,0,80,181,0.2
2025-01-20,SKU-1052,WH-04,0,80,145,0.2
2025-01-20,SKU-1053,WH-04,345,120,277,0.2
2025-01-20,SKU-1054,WH-04,477,120,223,0.2
2025-01-20,SKU-1055,WH-04,187,50,117,0.2
2025-01-20,SKU-1056,WH-04,13,50,117,0.2
2025-01-20,SKU-1057,WH-04,358,120,266,0.2
2025-01-20,SKU-1058,WH-04,350,80,171,0.2
2025-01-20,SKU-1059,WH-04,152,30,69,0.2
2025-01-27,SKU-1000,WH-01,309,80,173,0.2
2025-01-27,SKU-1001,WH-01,61,30,58,0.2
2025-01-27,SKU-1002,WH-01,344,120,238,0.2
2025-01-27,SKU-1003,WH-01,106,50,90,0.2
2025-01-27,SKU-1004,WH-01,90,30,57,0.2
2025-01-27,SKU-1005,WH-01,322,80,182,0.2
2025-01-27,SKU-1006,WH-01,131,50,107,0.2
2025-01-27,SKU-1007,WH-01,294,120,237,0.2
2025-01-27,SKU-1008,WH-01,188,50,111,0.2
2025-01-27,SKU-1009,WH-01,351,80,151,0.2
2025-01-27,SKU-1010,WH-01,368,80,190,0.2
2025-01-27,SKU-1011,WH-01,144,30,61,0.2
2025-01-27,SKU-1012,WH-01,173,80,160,0.2
2025-01-27,SKU-1013,WH-01,540,120,280,0.2
2025-01-27,SKU-1014,WH-01,177,80,169,0.2
2025-01-27,SKU-1015,WH-01,27,80,171,0.2
2025-01-27,SKU-1016,WH-01,106,50,106,0.2
2025-01-27,SKU-1017,WH-01,247,50,104,0.2
2025-01-27,SKU-1018,WH-01,12,50,105,0.2
2025-01-27,SKU-1019,WH-01,0,120,227,0.2
2025-01-27,SKU-1020,WH-01,22,50,97,0.2
2025-01-27,SKU-1021,WH-01,142,30,64,0.2
2025-01-27,SKU-1022,WH-01,195,50,104,0.2
2025-01-27,SKU-1023,WH-01,0,50,97,0.2
2025-01-27,SKU-1024,WH-01,150,50,112,0.2
2025-01-27,SKU-1025,WH-01,128,50,111,0.2
2025-01-27,SKU-1026,WH-01,535,120,238,0.2
2025-01-27,SKU-1027,WH-01,175,50,106,0.2
2025-01-27,SKU-1028,WH-01,71,30,55,0.2
2025-01-27,SKU-1029,WH-01,374,80,186,0.2
2025-01-27,SKU-1030,WH-01,297,80,174,0.2
2025-01-27,SKU-1031,WH-01,18,50,106,0.2
2025-01-27,SKU-1032,WH-01,167,30,70,0.2
2025-01-27,SKU-1033,WH-01,215,80,180,0.2
2025-01-27,SKU-1034,WH-01,105,30,58,0.2
2025-01-27,SKU-1035,WH-01,113,50,96,0.2
2025-01-27,SKU-1036,WH-01,89,30,57,0.2
2025-01-27,SKU-1037,WH-01,188,80,148,0.2
2025-01-27,SKU-1038,WH-01,196,80,154,0.2
2025-01-27,SKU-1039,WH-01,108,30,57,0.2
2025-01-27,SKU-1040,WH-01,14,120,276,0.2
2025-01-27,SKU-1041,WH-01,377,80,191,0.2
2025-01-27,SKU-1042,WH-01,110,30,67,0.2
2025-01-27,SKU-1043,WH-01,290,80,154,0.2
2025-01-27,SKU-1044,WH-01,234,50,98,0.2
2025-01-27,SKU-1045,WH-01,195,50,104,0.2
2025-01-27,SKU-1046,WH-01,114,50,99,0.2
2025-01-27,SKU-1047,WH-01,80,30,69,0.2
2025-01-27,SKU-1048,WH-01,217,50,102,0.2
2025-01-27,SKU-1049,WH-01,192,80,150,0.2
2025-01-27,SKU-1050,WH-01,217,50,116,0.2
2025-01-27,SKU-1051,WH-01,69,30,60,0.2
2025-01-27,SKU-1052,WH-01,121,30,69,0.2
2025-01-27,SKU-1053,WH-01,397,120,217,0.2
2025-01-27,SKU-1054,WH-01,187,50,116,0.2
2025-01-27,SKU-1055,WH-01,509,120,242,0.2
2025-01-27,SKU-1056,WH-01,543,120,268,0.2
2025-01-27,SKU-1057,WH-01,29,30,61,0.2
2025-01-27,SKU-1058,WH-01,0,30,58,0.2
2025-01-27,SKU-1059,WH-01,353,80,178,0.2
2025-01-27,SKU-1000,WH-02,234,80,190,0.2
2025-01-27,SKU-1001,WH-02,534,120,249,0.2
2025-01-27,SKU-1002,WH-02,266,50,114,0.2
2025-01-27,SKU-1003,WH-02,171,50,102,0.2
2025-01-27,SKU-1004,WH-02,108,30,61,0.2
2025-01-27,SKU-1005,WH-02,208,80,147,0.2
2025-01-27,SKU-1006,WH-02,153,30,71,0.2
2025-01-27,SKU-1007,WH-02,398,80,188,0.2
2025-01-27,SKU-1008,WH-02,82,30,71,0.2
2025-01-27,SKU-1009,WH-02,84,30,63,0.2
2025-01-27,SKU-1010,WH-02,16,80,186,0.2
2025-01-27,SKU-1011,WH-02,128,50,101,0.2
2025-01-27,SKU-1012,WH-02,412,120,236,0.2
2025-01-27,SKU-1013,WH-02,302,80,172,0.2
2025-01-27,SKU-1014,WH-02,276,80,166,0.2
2025-01-27,SKU-1015,WH-02,159,30,65,0.2
2025-01-27,SKU-1016,WH-02,416,80,180,0.2
2025-01-27,SKU-1017,WH-02,150,50,94,0.2
2025-01-27,SKU-1018,WH-02,458,120,247,0.2
2025-01-27,SKU-1019,WH-02,288,80,170,0.2
2025-01-27,SKU-1020,WH-02,362,80,161,0.2
2025-01-27,SKU-1021,WH-02,112,30,64,0.2
2025-01-27,SKU-1022,WH-02,142,30,65,0.2
2025-01-27,SKU-1023,WH-02,512,120,259,0.2
2025-01-27,SKU-1024,WH-02,301,80,171,0.2
2025-01-27,SKU-1025,WH-02,107,30,61,0.2
2025-01-27,SKU-1026,WH-02,614,120,271,0.2
2025-01-27,SKU-1027,WH-02,0,120,235,0.2
2025-01-27,SKU-1028,WH-02,264,50,117,0.2
2025-01-27,SKU-1029,WH-02,347,120,222,0.2
2025-01-27,SKU-1030,WH-02,61,80,184,0.2
2025-01-27,SKU-1031,WH-02,12,80,185,0.2
2025-01-27,SKU-1032,WH-02,315,80,162,0.2
2025-01-27,SKU-1033,WH-02,224,80,160,0.2
2025-01-27,SKU-1034,WH-02,183,50,100,0.2
2025-01-27,SKU-1035,WH-02,195,50,95,0.2
2025-01-27,SKU-1036,WH-02,12,80,164,0.2
2025-01-27,SKU-1037,WH-02,299,80,190,0.2
2025-01-27,SKU-1038,WH-02,236,50,108,0.2
2025-01-27,SKU-1039,WH-02,167,30,71,0.2
2025-01-27,SKU-1040,WH-02,443,120,232,0.2
2025-01-27,SKU-1041,WH-02,153,30,70,0.2
2025-01-27,SKU-1042,WH-02,228,50,116,0.2
2025-01-27,SKU-1043,WH-02,109,30,70,0.2
2025-01-27,SKU-1044,WH-02,178,50,113,0.2
2025-01-27,SKU-1045,WH-02,179,80,172,0.2
2025-01-27,SKU-1046,WH-02,208,50,102,0.2
2025-01-27,SKU-1047,WH-02,68,80,169,0.2
2025-01-27,SKU-1048,WH-02,487,120,251,0.2
2025-01-27,SKU-1049,WH-02,69,30,56,0.2
2025-01-27,SKU-1050,WH-02,145,50,111,0.2
2025-01-27,SKU-1051,WH-02,405,120,230,0.2
2025-01-27,SKU-1052,WH-02,440,80,189,0.2
2025-01-27,SKU-1053,WH-02,14,120,244,0.2
2025-01-27,SKU-1054,WH-02,569,120,280,0.2
2025-01-27,SKU-1055,WH-02,96,30,64,0.2
2025-01-27,SKU-1056,WH-02,242,50,116,0.2
2025-01-27,SKU-1057,WH-02,111,30,58,0.2
2025-01-27,SKU-1058,WH-02,23,50,114,0.2
2025-01-27,SKU-1059,WH-02,323,120,229,0.2
2025-01-27,SKU-1000,WH-03,0,80,177,0.2
2025-01-27,SKU-1001,WH-03,129,30,71,0.2
2025-01-27,SKU-1002,WH-03,136,50,112,0.2
2025-01-27,SKU-1003,WH-03,46,120,286,0.2
2025-01-27,SKU-1004,WH-03,28,30,59,0.2
2025-01-27,SKU-1005,WH-03,635,120,262,0.2
2025-01-27,SKU-1006,WH-03,88,30,68,0.2
2025-01-27,SKU-1007,WH-03,255,50,119,0.2
2025-01-27,SKU-1008,WH-03,133,30,66,0.2
2025-01-27,SKU-1009,WH-03,386,80,169,0.2
2025-01-27,SKU-1010,WH-03,222,80,181,0.2
2025-01-27,SKU-1011,WH-03,158,50,106,0.2
2025-01-27,SKU-1012,WH-03,339,80,151,0.2
2025-01-27,SKU-1013,WH-03,152,30,65,0.2
2025-01-27,SKU-1014,WH-03,0,120,218,0.2
2025-01-27,SKU-1015,WH-03,295,80,164,0.2
2025-01-27,SKU-1016,WH-03,17,120,267,0.2
2025-01-27,SKU-1017,WH-03,32,120,269,0.2
2025-01-27,SKU-1018,WH-03,9,30,65,0.2
2025-01-27,SKU-1019,WH-03,62,80,172,0.2
2025-01-27,SKU-1020,WH-03,196,80,179,0.2
2025-01-27,SKU-1021,WH-03,193,50,115,0.2
2025-01-27,SKU-1022,WH-03,225,80,158,0.2
2025-01-27,SKU-1023,WH-03,234,50,113,0.2
2025-01-27,SKU-1024,WH-03,69,80,186,0.2
2025-01-27,SKU-1025,WH-03,74,120,285,0.2
2025-01-27,SKU-1026,WH-03,214,80,179,0.2
2025-01-27,SKU-1027,WH-03,1,30,68,0.2
2025-01-27,SKU-1028,WH-03,251,120,225,0.2
2025-01-27,SKU-1029,WH-03,512,120,281,0.2
2025-01-27,SKU-1030,WH-03,27,80,145,0.2
2025-01-27,SKU-1031,WH-03,153,30,69,0.2
2025-01-27,SKU-1032,WH-03,211,50,108,0.2
2025-01-27,SKU-1033,WH-03,112,30,66,0.2
2025-01-27,SKU-1034,WH-03,169,50,104,0.2
2025-01-27,SKU-1035,WH-03,304,120,259,0.2
2025-01-27,SKU-1036,WH-03,87,30,63,0.2
2025-01-27,SKU-1037,WH-03,287,120,219,0.2
2025-01-27,SKU-1038,WH-03,91,30,55,0.2
2025-01-27,SKU-1039,WH-03,219,50,99,0.2
2025-01-27,SKU-1040,WH-03,372,80,163,0.2
2025-01-27,SKU-1041,WH-03,317,120,232,0.2
2025-01-27,SKU-1042,WH-03,413,120,228,0.2
2025-01-27,SKU-1043,WH-03,622,120,267,0.2
2025-01-27,SKU-1044,WH-03,125,30,70,0.2
2025-01-27,SKU-1045,WH-03,182,50,108,0.2
2025-01-27,SKU-1046,WH-03,230,50,95,0.2
2025-01-27,SKU-1047,WH-03,206,80,185,0.2
2025-01-27,SKU-1048,WH-03,20,50,93,0.2
2025-01-27,SKU-1049,WH-03,140,30,71,0.2
2025-01-27,SKU-1050,WH-03,72,30,68,0.2
2025-01-27,SKU-1051,WH-03,36,80,151,0.2
2025-01-27,SKU-1052,WH-03,362,80,186,0.2
2025-01-27,SKU-1053,WH-03,97,30,69,0.2
2025-01-27,SKU-1054,WH-03,185,50,94,0.2
2025-01-27,SKU-1055,WH-03,150,50,90,0.2
2025-01-27,SKU-1056,WH-03,166,50,113,0.2
2025-01-27,SKU-1057,WH-03,104,120,249,0.2
2025-01-27,SKU-1058,WH-03,343,120,216,0.2
2025-01-27,SKU-1059,WH-03,121,50,119,0.2
2025-01-27,SKU-1000,WH-04,278,80,150,0.2
2025-01-27,SKU-1001,WH-04,135,30,59,0.2
2025-01-27,SKU-1002,WH-04,260,120,246,0.2
2025-01-27,SKU-1003,WH-04,210,80,144,0.2
2025-01-27,SKU-1004,WH-04,10,30,62,0.2
2025-01-27,SKU-1005,WH-04,386,120,258,0.2
2025-01-27,SKU-1006,WH-04,238,50,115,0.2
2025-01-27,SKU-1007,WH-04,429,80,178,0.2
2025-01-27,SKU-1008,WH-04,85,30,55,0.2
2025-01-27,SKU-1009,WH-04,331,80,154,0.2
2025-01-27,SKU-1010,WH-04,195,80,179,0.2
2025-01-27,SKU-1011,WH-04,460,80,190,0.2
2025-01-27,SKU-1012,WH-04,153,30,65,0.2
2025-01-27,SKU-1013,WH-04,550,120,281,0.2
2025-01-27,SKU-1014,WH-04,72,30,61,0.2
2025-01-27,SKU-1015,WH-04,283,80,152,0.2
2025-01-27,SKU-1016,WH-04,172,80,169,0.2
2025-01-27,SKU-1017,WH-04,157,50,104,0.2
2025-01-27,SKU-1018,WH-04,425,120,252,0.2
2025-01-27,SKU-1019,WH-04,142,30,61,0.2
2025-01-27,SKU-1020,WH-04,151,30,66,0.2
2025-01-27,SKU-1021,WH-04,129,30,67,0.2
2025-01-27,SKU-1022,WH-04,296,120,263,0.2
2025-01-27,SKU-1023,WH-04,385,80,156,0.2
2025-01-27,SKU-1024,WH-04,222,50,109,0.2
2025-01-27,SKU-1025,WH-04,280,120,252,0.2
2025-01-27,SKU-1026,WH-04,80,30,59,0.2
2025-01-27,SKU-1027,WH-04,205,80,171,0.2
2025-01-27,SKU-1028,WH-04,253,50,103,0.2
2025-01-27,SKU-1029,WH-04,358,120,241,0.2
2025-01-27,SKU-1030,WH-04,45,120,249,0.2
2025-01-27,SKU-1031,WH-04,41,80,149,0.2
2025-01-27,SKU-1032,WH-04,381,120,274,0.2
2025-01-27,SKU-1033,WH-04,44,120,230,0.2
2025-01-27,SKU-1034,WH-04,7,80,171,0.2
2025-01-27,SKU-1035,WH-04,187,80,181,0.2
2025-01-27,SKU-1036,WH-04,136,30,65,0.2
2025-01-27,SKU-1037,WH-04,145,50,98,0.2
2025-01-27,SKU-1038,WH-04,127,30,71,0.2
2025-01-27,SKU-1039,WH-04,217,80,182,0.2
2025-01-27,SKU-1040,WH-04,156,50,101,0.2
2025-01-27,SKU-1041,WH-04,26,30,63,0.2
2025-01-27,SKU-1042,WH-04,471,120,247,0.2
2025-01-27,SKU-1043,WH-04,440,120,280,0.2
2025-01-27,SKU-1044,WH-04,226,50,117,0.2
2025-01-27,SKU-1045,WH-04,289,80,173,0.2
2025-01-27,SKU-1046,WH-04,0,50,107,0.2
2025-01-27,SKU-1047,WH-04,559,120,239,0.2
2025-01-27,SKU-1048,WH-04,92,30,59,0.2
2025-01-27,SKU-1049,WH-04,129,30,65,0.2
2025-01-27,SKU-1050,WH-04,234,80,157,0.2
2025-01-27,SKU-1051,WH-04,537,120,245,0.2
2025-01-27,SKU-1052,WH-04,217,50,101,0.2
2025-01-27,SKU-1053,WH-04,237,50,100,0.2
2025-01-27,SKU-1054,WH-04,0,50,119,0.2
2025-01-27,SKU-1055,WH-04,135,50,105,0.2
2025-01-27,SKU-1056,WH-04,112,30,55,0.2
2025-01-27,SKU-1057,WH-04,372,120,229,0.2
2025-01-27,SKU-1058,WH-04,232,50,102,0.2
2025-01-27,SKU-1059,WH-04,398,120,246,0.2
2025-02-03,SKU-1000,WH-01,0,50,116,0.2
2025-02-03,SKU-1001,WH-01,355,120,269,0.2
2025-02-03,SKU-1002,WH-01,326,80,149,0.2
2025-02-03,SKU-1003,WH-01,8,30,71,0.2
2025-02-03,SKU-1004,WH-01,368,120,242,0.2
2025-02-03,SKU-1005,WH-01,187,50,93,0.2
2025-02-03,SKU-1006,WH-01,8,50,95,0.2
2025-02-03,SKU-1007,WH-01,233,50,119,0.2
2025-02-03,SKU-1008,WH-01,312,80,172,0.2
2025-02-03,SKU-1009,WH-01,287,80,155,0.2
2025-02-03,SKU-1010,WH-01,327,80,163,0.2
2025-02-03,SKU-1011,WH-01,343,80,150,0.2
2025-02-03,SKU-1012,WH-01,34,80,165,0.2
2025-02-03,SKU-1013,WH-01,435,120,234,0.2
2025-02-03,SKU-1014,WH-01,287,80,175,0.2
2025-02-03,SKU-1015,WH-01,155,50,90,0.2
2025-02-03,SKU-1016,WH-01,267,50,115,0.2
2025-02-03,SKU-1017,WH-01,185,80,180,0.2
2025-02-03,SKU-1018,WH-01,247,80,173,0.2
2025-02-03,SKU-1019,WH-01,304,120,252,0.2
2025-02-03,SKU-1020,WH-01,164,50,114,0.2
2025-02-03,SKU-1021,WH-01,96,30,66,0.2
2025-02-03,SKU-1022,WH-01,371,80,157,0.2
2025-02-03,SKU-1023,WH-01,530,120,284,0.2
2025-02-03,SKU-1024,WH-01,104,30,71,0.2
2025-02-03,SKU-1025,WH-01,120,30,58,0.2
2025-02-03,SKU-1026,WH-01,521,120,270,0.2
2025-02-03,SKU-1027,WH-01,196,50,113,0.2
2025-02-03,SKU-1028,WH-01,306,120,278,0.2
2025-02-03,SKU-1029,WH-01,0,50,90,0.2
2025-02-03,SKU-1030,WH-01,0,30,64,0.2
2025-02-03,SKU-1031,WH-01,538,120,271,0.2
2025-02-03,SKU-1032,WH-01,498,120,257,0.2
2025-02-03,SKU-1033,WH-01,419,120,225,0.2
2025-02-03,SKU-1034,WH-01,29,50,108,0.2
2025-02-03,SKU-1035,WH-01,93,30,60,0.2
2025-02-03,SKU-1036,WH-01,69,30,66,0.2
2025-02-03,SKU-1037,WH-01,641,120,277,0.2
2025-02-03,SKU-1038,WH-01,19,80,170,0.2
2025-02-03,SKU-1039,WH-01,138,30,59,0.2
2025-02-03,SKU-1040,WH-01,408,120,270,0.2
2025-02-03,SKU-1041,WH-01,0,30,62,0.2
2025-02-03,SKU-1042,WH-01,261,50,105,0.2
2025-02-03,SKU-1043,WH-01,155,30,68,0.2
2025-02-03,SKU-1044,WH-01,137,50,107,0.2
2025-02-03,SKU-1045,WH-01,52,120,225,0.2
2025-02-03,SKU-1046,WH-01,263,50,107,0.2
2025-02-03,SKU-1047,WH-01,152,30,63,0.2
2025-02-03,SKU-1048,WH-01,64,30,61,0.2
2025-02-03,SKU-1049,WH-01,375,120,251,0.2
2025-02-03,SKU-1050,WH-01,388,120,220,0.2
2025-02-03,SKU-1051,WH-01,182,80,163,0.2
2025-02-03,SKU-1052,WH-01,135,50,92,0.2
2025-02-03,SKU-1053,WH-01,246,50,115,0.2
2025-02-03,SKU-1054,WH-01,240,80,150,0.2
2025-02-03,SKU-1055,WH-01,664,120,278,0.2
2025-02-03,SKU-1056,WH-01,259,80,186,0.2
2025-02-03,SKU-1057,WH-01,78,30,60,0.2
2025-02-03,SKU-1058,WH-01,0,80,159,0.2
2025-02-03,SKU-1059,WH-01,103,50,96,0.2
2025-02-03,SKU-1000,WH-02,404,80,171,0.2
2025-02-03,SKU-1001,WH-02,211,50,96,0.2
2025-02-03,SKU-1002,WH-02,81,30,54,0.2
2025-02-03,SKU-1003,WH-02,248,80,152,0.2
2025-02-03,SKU-1004,WH-02,110,30,54,0.2
2025-02-03,SKU-1005,WH-02,425,80,173,0.2
2025-02-03,SKU-1006,WH-02,6,50,119,0.2
2025-02-03,SKU-1007,WH-02,570,120,286,0.2
2025-02-03,SKU-1008,WH-02,537,120,259,0.2
2025-02-03,SKU-1009,WH-02,306,80,171,0.2
2025-02-03,SKU-1010,WH-02,397,80,185,0.2
2025-02-03,SKU-1011,WH-02,140,50,98,0.2
2025-02-03,SKU-1012,WH-02,108,30,57,0.2
2025-02-03,SKU-1013,WH-02,9,30,71,0.2
2025-02-03,SKU-1014,WH-02,154,30,63,0.2
2025-02-03,SKU-1015,WH-02,175,50,90,0.2
2025-02-03,SKU-1016,WH-02,225,80,145,0.2
2025-02-03,SKU-1017,WH-02,44,50,109,0.2
2025-02-03,SKU-1018,WH-02,156,50,119,0.2
2025-02-03,SKU-1019,WH-02,93,30,67,0.2
2025-02-03,SKU-1020,WH-02,363,80,155,0.2
2025-02-03,SKU-1021,WH-02,139,30,56,0.2
2025-02-03,SKU-1022,WH-02,208,80,189,0.2
2025-02-03,SKU-1023,WH-02,0,80,153,0.2
2025-02-03,SKU-1024,WH-02,81,30,65,0.2
2025-02-03,SKU-1025,WH-02,0,30,58,0.2
2025-02-03,SKU-1026,WH-02,21,30,61,0.2
2025-02-03,SKU-1027,WH-02,117,30,60,0.2
2025-02-03,SKU-1028,WH-02,400,120,220,0.2
2025-02-03,SKU-1029,WH-02,125,30,58,0.2
2025-02-03,SKU-1030,WH-02,274,80,148,0.2
2025-02-03,SKU-1031,WH-02,507,120,233,0.2
2025-02-03,SKU-1032,WH-02,63,30,60,0.2
2025-02-03,SKU-1033,WH-02,433,120,224,0.2
2025-02-03,SKU-1034,WH-02,268,50,110,0.2
2025-02-03,SKU-1035,WH-02,365,120,262,0.2
2025-02-03,SKU-1036,WH-02,427,120,277,0.2
2025-02-03,SKU-1037,WH-02,132,30,61,0.2
2025-02-03,SKU-1038,WH-02,146,30,64,0.2
2025-02-03,SKU-1039,WH-02,116,30,70,0.2
2025-02-03,SKU-1040,WH-02,185,80,159,0.2
2025-02-03,SKU-1041,WH-02,98,30,58,0.2
2025-02-03,SKU-1042,WH-02,355,120,271,0.2
2025-02-03,SKU-1043,WH-02,509,120,254,0.2
2025-02-03,SKU-1044,WH-02,0,120,270,0.2
2025-02-03,SKU-1045,WH-02,113,30,54,0.2
2025-02-03,SKU-1046,WH-02,664,120,274,0.2
2025-02-03,SKU-1047,WH-02,372,120,263,0.2
2025-02-03,SKU-1048,WH-02,75,30,70,0.2
2025-02-03,SKU-1049,WH-02,14,30,57,0.2
2025-02-03,SKU-1050,WH-02,22,30,54,0.2
2025-02-03,SKU-1051,WH-02,217,50,99,0.2
2025-02-03,SKU-1052,WH-02,649,120,283,0.2
2025-02-03,SKU-1053,WH-02,152,30,71,0.2
2025-02-03,SKU-1054,WH-02,161,30,65,0.2
2025-02-03,SKU-1055,WH-02,98,30,57,0.2
2025-02-03,SKU-1056,WH-02,284,120,275,0.2
2025-02-03,SKU-1057,WH-02,72,30,59,0.2
2025-02-03,SKU-1058,WH-02,166,50,91,0.2
2025-02-03,SKU-1059,WH-02,233,80,188,0.2
2025-02-03,SKU-1000,WH-03,94,30,62,0.2
2025-02-03,SKU-1001,WH-03,90,30,64,0.2
2025-02-03,SKU-1002,WH-03,116,50,97,0.2
2025-02-03,SKU-1003,WH-03,5,50,93,0.2
2025-02-03,SKU-1004,WH-03,111,30,67,0.2
2025-02-03,SKU-1005,WH-03,209,80,156,0.2
2025-02-03,SKU-1006,WH-03,139,30,69,0.2
2025-02-03,SKU-1007,WH-03,105,50,99,0.2
2025-02-03,SKU-1008,WH-03,229,50,103,0.2
2025-02-03,SKU-1009,WH-03,309,80,157,0.2
2025-02-03,SKU-1010,WH-03,107,50,92,0.2
2025-02-03,SKU-1011,WH-03,175,80,155,0.2
2025-02-03,SKU-1012,WH-03,330,80,171,0.2
2025-02-03,SKU-1013,WH-03,535,120,229,0.2
2025-02-03,SKU-1014,WH-03,324,80,179,0.2
2025-02-03,SKU-1015,WH-03,185,50,96,0.2
2025-02-03,SKU-1016,WH-03,234,50,100,0.2
2025-02-03,SKU-1017,WH-03,116,50,103,0.2
2025-02-03,SKU-1018,WH-03,89,30,69,0.2
2025-02-03,SKU-1019,WH-03,171,50,91,0.2
2025-02-03,SKU-1020,WH-03,251,80,156,0.2
2025-02-03,SKU-1021,WH-03,106,30,64,0.2
2025-02-03,SKU-1022,WH-03,126,30,67,0.2
2025-02-03,SKU-1023,WH-03,162,50,95,0.2
2025-02-03,SKU-1024,WH-03,0,30,68,0.2
2025-02-03,SKU-1025,WH-03,0,50,101,0.2
2025-02-03,SKU-1026,WH-03,383,80,160,0.2
2025-02-03,SKU-1027,WH-03,109,30,60,0.2
2025-02-03,SKU-1028,WH-03,342,120,286,0.2
2025-02-03,SKU-1029,WH-03,290,120,282,0.2
2025-02-03,SKU-1030,WH-03,256,80,176,0.2
2025-02-03,SKU-1031,WH-03,418,80,182,0.2
2025-02-03,SKU-1032,WH-03,110,30,54,0.2
2025-02-03,SKU-1033,WH-03,0,120,218,0.2
2025-02-03,SKU-1034,WH-03,132,30,61,0.2
2025-02-03,SKU-1035,WH-03,186,50,92,0.2
2025-02-03,SKU-1036,WH-03,113,30,61,0.2
2025-02-03,SKU-1037,WH-03,169,50,117,0.2
2025-02-03,SKU-1038,WH-03,433,80,189,0.2
2025-02-03,SKU-1039,WH-03,426,80,183,0.2
2025-02-03,SKU-1040,WH-03,535,120,255,0.2
2025-02-03,SKU-1041,WH-03,327,80,166,0.2
2025-02-03,SKU-1042,WH-03,280,120,223,0.2
2025-02-03,SKU-1043,WH-03,59,120,231,0.2
2025-02-03,SKU-1044,WH-03,364,80,157,0.2
2025-02-03,SKU-1045,WH-03,150,30,65,0.2
2025-02-03,SKU-1046,WH-03,135,50,112,0.2
2025-02-03,SKU-1047,WH-03,97,30,54,0.2
2025-02-03,SKU-1048,WH-03,131,30,64,0.2
2025-02-03,SKU-1049,WH-03,172,50,114,0.2
2025-02-03,SKU-1050,WH-03,196,50,103,0.2
2025-02-03,SKU-1051,WH-03,106,50,96,0.2
2025-02-03,SKU-1052,WH-03,244,50,117,0.2
2025-02-03,SKU-1053,WH-03,0,30,58,0.2
2025-02-03,SKU-1054,WH-03,119,30,59,0.2
2025-02-03,SKU-1055,WH-03,224,50,91,0.2
2025-02-03,SKU-1056,WH-03,289,80,179,0.2
2025-02-03,SKU-1057,WH-03,423,80,180,0.2
2025-02-03,SKU-1058,WH-03,80,30,55,0.2
2025-02-03,SKU-1059,WH-03,417,120,275,0.2
2025-02-03,SKU-1000,WH-04,195,80,144,0.2
2025-02-03,SKU-1001,WH-04,218,50,112,0.2
2025-02-03,SKU-1002,WH-04,0,50,92,0.2
2025-02-03,SKU-1003,WH-04,283,80,171,0.2
2025-02-03,SKU-1004,WH-04,274,120,234,0.2
2025-02-03,SKU-1005,WH-04,177,80,150,0.2
2025-02-03,SKU-1006,WH-04,30,50,103,0.2
2025-02-03,SKU-1007,WH-04,521,120,224,0.2
2025-02-03,SKU-1008,WH-04,39,120,279,0.2
2025-02-03,SKU-1009,WH-04,365,80,172,0.2
2025-02-03,SKU-1010,WH-04,419,120,249,0.2
2025-02-03,SKU-1011,WH-04,74,30,68,0.2
2025-02-03,SKU-1012,WH-04,324,80,150,0.2
2025-02-03,SKU-1013,WH-04,158,30,68,0.2
2025-02-03,SKU-1014,WH-04,137,30,64,0.2
2025-02-03,SKU-1015,WH-04,520,120,216,0.2
2025-02-03,SKU-1016,WH-04,74,30,55,0.2
2025-02-03,SKU-1017,WH-04,54,120,218,0.2
2025-02-03,SKU-1018,WH-04,349,80,156,0.2
2025-02-03,SKU-1019,WH-04,78,30,54,0.2
2025-02-03,SKU-1020,WH-04,279,120,239,0.2
2025-02-03,SKU-1021,WH-04,237,80,150,0.2
2025-02-03,SKU-1022,WH-04,163,80,161,0.2
2025-02-03,SKU-1023,WH-04,105,50,96,0.2
2025-02-03,SKU-1024,WH-04,0,120,230,0.2
2025-02-03,SKU-1025,WH-04,600,120,241,0.2
2025-02-03,SKU-1026,WH-04,342,80,189,0.2
2025-02-03,SKU-1027,WH-04,462,120,222,0.2
2025-02-03,SKU-1028,WH-04,232,50,106,0.2
2025-02-03,SKU-1029,WH-04,195,50,116,0.2
2025-02-03,SKU-1030,WH-04,113,50,108,0.2
2025-02-03,SKU-1031,WH-04,163,50,118,0.2
2025-02-03,SKU-1032,WH-04,179,50,91,0.2
2025-02-03,SKU-1033,WH-04,0,80,168,0.2
2025-02-03,SKU-1034,WH-04,102,30,61,0.2
2025-02-03,SKU-1035,WH-04,158,50,119,0.2
2025-02-03,SKU-1036,WH-04,157,80,150,0.2
2025-02-03,SKU-1037,WH-04,117,50,114,0.2
2025-02-03,SKU-1038,WH-04,226,50,105,0.2
2025-02-03,SKU-1039,WH-04,319,80,172,0.2
2025-02-03,SKU-1040,WH-04,29,80,146,0.2
2025-02-03,SKU-1041,WH-04,26,80,169,0.2
2025-02-03,SKU-1042,WH-04,82,120,243,0.2
2025-02-03,SKU-1043,WH-04,355,80,145,0.2
2025-02-03,SKU-1044,WH-04,238,50,115,0.2
2025-02-03,SKU-1045,WH-04,123,50,94,0.2
2025-02-03,SKU-1046,WH-04,331,120,275,0.2
2025-02-03,SKU-1047,WH-04,26,30,60,0.2
2025-02-03,SKU-1048,WH-04,250,80,146,0.2
2025-02-03,SKU-1049,WH-04,637,120,285,0.2
2025-02-03,SKU-1050,WH-04,90,30,55,0.2
2025-02-03,SKU-1051,WH-04,1,50,115,0.2
2025-02-03,SKU-1052,WH-04,0,80,178,0.2
2025-02-03,SKU-1053,WH-04,95,30,69,0.2
2025-02-03,SKU-1054,WH-04,0,50,96,0.2
2025-02-03,SKU-1055,WH-04,639,120,283,0.2
2025-02-03,SKU-1056,WH-04,37,50,118,0.2
2025-02-03,SKU-1057,WH-04,501,120,249,0.2
2025-02-03,SKU-1058,WH-04,164,30,71,0.2
2025-02-03,SKU-1059,WH-04,2,50,109,0.2
2025-02-10,SKU-1000,WH-01,146,50,117,0.2
2025-02-10,SKU-1001,WH-01,244,50,119,0.2
2025-02-10,SKU-1002,WH-01,68,30,57,0.2
2025-02-10,SKU-1003,WH-01,153,30,67,0.2
2025-02-10,SKU-1004,WH-01,0,120,237,0.2
2025-02-10,SKU-1005,WH-01,167,30,69,0.2
2025-02-10,SKU-1006,WH-01,0,80,157,0.2
2025-02-10,SKU-1007,WH-01,568,120,256,0.2
2025-02-10,SKU-1008,WH-01,248,50,100,0.2
2025-02-10,SKU-1009,WH-01,555,120,236,0.2
2025-02-10,SKU-1010,WH-01,236,80,146,0.2
2025-02-10,SKU-1011,WH-01,24,50,94,0.2
2025-02-10,SKU-1012,WH-01,348,120,217,0.2
2025-02-10,SKU-1013,WH-01,165,30,71,0.2
2025-02-10,SKU-1014,WH-01,283,50,115,0.2
2025-02-10,SKU-1015,WH-01,577,120,243,0.2
2025-02-10,SKU-1016,WH-01,83,30,59,0.2
2025-02-10,SKU-1017,WH-01,152,30,66,0.2
2025-02-10,SKU-1018,WH-01,89,30,65,0.2
2025-02-10,SKU-1019,WH-01,97,30,62,0.2
2025-02-10,SKU-1020,WH-01,97,120,216,0.2
2025-02-10,SKU-1021,WH-01,447,120,257,0.2
2025-02-10,SKU-1022,WH-01,126,50,104,0.2
2025-02-10,SKU-1023,WH-01,95,30,58,0.2
2025-02-10,SKU-1024,WH-01,10,30,71,0.2
2025-02-10,SKU-1025,WH-01,0,30,57,0.2
2025-02-10,SKU-1026,WH-01,249,50,103,0.2
2025-02-10,SKU-1027,WH-01,4,50,96,0.2
2025-02-10,SKU-1028,WH-01,300,80,155,0.2
2025-02-10,SKU-1029,WH-01,290,120,245,0.2
2025-02-10,SKU-1030,WH-01,110,30,60,0.2
2025-02-10,SKU-1031,WH-01,71,30,71,0.2
2025-02-10,SKU-1032,WH-01,214,50,96,0.2
2025-02-10,SKU-1033,WH-01,357,80,178,0.2
2025-02-10,SKU-1034,WH-01,113,50,106,0.2
2025-02-10,SKU-1035,WH-01,179,80,171,0.2
2025-02-10,SKU-1036,WH-01,94,30,68,0.2
2025-02-10,SKU-1037,WH-01,232,50,95,0.2
2025-02-10,SKU-1038,WH-01,272,80,152,0.2
2025-02-10,SKU-1039,WH-01,270,80,185,0.2
2025-02-10,SKU-1040,WH-01,175,50,100,0.2
2025-02-10,SKU-1041,WH-01,69,30,54,0.2
2025-02-10,SKU-1042,WH-01,339,80,163,0.2
2025-02-10,SKU-1043,WH-01,570,120,231,0.2
2025-02-10,SKU-1044,WH-01,492,120,227,0.2
2025-02-10,SKU-1045,WH-01,346,80,186,0.2
2025-02-10,SKU-1046,WH-01,145,30,70,0.2
2025-02-10,SKU-1047,WH-01,283,80,188,0.2
2025-02-10,SKU-1048,WH-01,146,30,63,0.2
2025-02-10,SKU-1049,WH-01,412,120,266,0.2
2025-02-10,SKU-1050,WH-01,168,80,151,0.2
2025-02-10,SKU-1051,WH-01,559,120,249,0.2
2025-02-10,SKU-1052,WH-01,298,120,268,0.2
2025-02-10,SKU-1053,WH-01,493,120,228,0.2
2025-02-10,SKU-1054,WH-01,358,120,264,0.2
2025-02-10,SKU-1055,WH-01,383,80,178,0.2
2025-02-10,SKU-1056,WH-01,237,50,106,0.2
2025-02-10,SKU-1057,WH-01,34,80,157,0.2
2025-02-10,SKU-1058,WH-01,134,30,70,0.2
2025-02-10,SKU-1059,WH-01,163,30,67,0.2
2025-02-10,SKU-1000,WH-02,220,50,91,0.2
2025-02-10,SKU-1001,WH-02,0,30,60,0.2
2025-02-10,SKU-1002,WH-02,190,50,93,0.2
2025-02-10,SKU-1003,WH-02,390,80,175,0.2
2025-02-10,SKU-1004,WH-02,19,120,250,0.2
2025-02-10,SKU-1005,WH-02,231,50,99,0.2
2025-02-10,SKU-1006,WH-02,172,30,70,0.2
2025-02-10,SKU-1007,WH-02,292,80,178,0.2
2025-02-10,SKU-1008,WH-02,517,120,277,0.2
2025-02-10,SKU-1009,WH-02,237,80,162,0.2
2025-02-10,SKU-1010,WH-02,217,50,118,0.2
2025-02-10,SKU-1011,WH-02,140,50,96,0.2
2025-02-10,SKU-1012,WH-02,125,30,64,0.2
2025-02-10,SKU-1013,WH-02,152,30,62,0.2
2025-02-10,SKU-1014,WH-02,108,30,68,0.2
2025-02-10,SKU-1015,WH-02,97,30,56,0.2
2025-02-10,SKU-1016,WH-02,583,120,237,0.2
2025-02-10,SKU-1017,WH-02,186,50,117,0.2
2025-02-10,SKU-1018,WH-02,206,50,103,0.2
2025-02-10,SKU-1019,WH-02,581,120,263,0.2
2025-02-10,SKU-1020,WH-02,71,30,60,0.2
2025-02-10,SKU-1021,WH-02,548,120,240,0.2
2025-02-10,SKU-1022,WH-02,301,120,233,0.2
2025-02-10,SKU-1023,WH-02,23,30,71,0.2
2025-02-10,SKU-1024,WH-02,481,120,233,0.2
2025-02-10,SKU-1025,WH-02,506,120,235,0.2
2025-02-10,SKU-1026,WH-02,249,120,220,0.2
2025-02-10,SKU-1027,WH-02,338,120,270,0.2
2025-02-10,SKU-1028,WH-02,137,30,64,0.2
2025-02-10,SKU-1029,WH-02,282,120,255,0.2
2025-02-10,SKU-1030,WH-02,79,30,62,0.2
2025-02-10,SKU-1031,WH-02,328,120,240,0.2
2025-02-10,SKU-1032,WH-02,228,50,105,0.2
2025-02-10,SKU-1033,WH-02,434,80,190,0.2
2025-02-10,SKU-1034,WH-02,327,80,155,0.2
2025-02-10,SKU-1035,WH-02,112,30,54,0.2
2025-02-10,SKU-1036,WH-02,205,50,101,0.2
2025-02-10,SKU-1037,WH-02,212,50,107,0.2
2025-02-10,SKU-1038,WH-02,214,80,158,0.2
2025-02-10,SKU-1039,WH-02,104,30,58,0.2
2025-02-10,SKU-1040,WH-02,54,120,279,0.2
2025-02-10,SKU-1041,WH-02,253,120,232,0.2
2025-02-10,SKU-1042,WH-02,304,120,239,0.2
2025-02-10,SKU-1043,WH-02,380,80,184,0.2
2025-02-10,SKU-1044,WH-02,212,80,165,0.2
2025-02-10,SKU-1045,WH-02,122,30,65,0.2
2025-02-10,SKU-1046,WH-02,62,30,56,0.2
2025-02-10,SKU-1047,WH-02,277,80,150,0.2
2025-02-10,SKU-1048,WH-02,201,50,103,0.2
2025-02-10,SKU-1049,WH-02,312,80,145,0.2
2025-02-10,SKU-1050,WH-02,102,30,54,0.2
2025-02-10,SKU-1051,WH-02,183,50,104,0.2
2025-02-10,SKU-1052,WH-02,163,50,108,0.2
2025-02-10,SKU-1053,WH-02,134,30,58,0.2
2025-02-10,SKU-1054,WH-02,170,50,94,0.2
2025-02-10,SKU-1055,WH-02,295,80,153,0.2
2025-02-10,SKU-1056,WH-02,107,30,64,0.2
2025-02-10,SKU-1057,WH-02,125,30,65,0.2
2025-02-10,SKU-1058,WH-02,294,120,270,0.2
2025-02-10,SKU-1059,WH-02,100,30,67,0.2
2025-02-10,SKU-1000,WH-03,93,30,54,0.2
2025-02-10,SKU-1001,WH-03,68,30,56,0.2
2025-02-10,SKU-1002,WH-03,430,120,225,0.2
2025-02-10,SKU-1003,WH-03,420,120,257,0.2
2025-02-10,SKU-1004,WH-03,252,120,224,0.2
2025-02-10,SKU-1005,WH-03,138,30,63,0.2
2025-02-10,SKU-1006,WH-03,395,80,184,0.2
2025-02-10,SKU-1007,WH-03,388,120,270,0.2
2025-02-10,SKU-1008,WH-03,111,30,58,0.2
2025-02-10,SKU-1009,WH-03,677,120,275,0.2
2025-02-10,SKU-1010,WH-03,173,50,116,0.2
2025-02-10,SKU-1011,WH-03,105,30,54,0.2
2025-02-10,SKU-1012,WH-03,120,30,59,0.2
2025-02-10,SKU-1013,WH-03,15,30,63,0.2
2025-02-10,SKU-1014,WH-03,269,80,166,0.2
2025-02-10,SKU-1015,WH-03,26,30,56,0.2
2025-02-10,SKU-1016,WH-03,0,30,62,0.2
2025-02-10,SKU-1017,WH-03,322,80,158,0.2
2025-02-10,SKU-1018,WH-03,149,50,94,0.2
2025-02-10,SKU-1019,WH-03,132,30,54,0.2
2025-02-10,SKU-1020,WH-03,637,120,280,0.2
2025-02-10,SKU-1021,WH-03,125,30,69,0.2
2025-02-10,SKU-1022,WH-03,388,80,172,0.2
2025-02-10,SKU-1023,WH-03,314,120,244,0.2
2025-02-10,SKU-1024,WH-03,76,120,251,0.2
2025-02-10,SKU-1025,WH-03,236,80,153,0.2
2025-02-10,SKU-1026,WH-03,90,30,67,0.2
2025-02-10,SKU-1027,WH-03,0,30,61,0.2
2025-02-10,SKU-1028,WH-03,213,50,98,0.2
2025-02-10,SKU-1029,WH-03,3,30,68,0.2
2025-02-10,SKU-1030,WH-03,241,50,105,0.2
2025-02-10,SKU-1031,WH-03,269,80,147,0.2
2025-02-10,SKU-1032,WH-03,452,120,282,0.2
2025-02-10,SKU-1033,WH-03,510,120,244,0.2
2025-02-10,SKU-1034,WH-03,206,80,180,0.2
2025-02-10,SKU-1035,WH-03,170,80,144,0.2
2025-02-10,SKU-1036,WH-03,115,30,55,0.2
2025-02-10,SKU-1037,WH-03,63,80,156,0.2
2025-02-10,SKU-1038,WH-03,95,30,67,0.2
2025-02-10,SKU-1039,WH-03,66,30,65,0.2
2025-02-10,SKU-1040,WH-03,370,80,152,0.2
2025-02-10,SKU-1041,WH-03,174,80,158,0.2
2025-02-10,SKU-1042,WH-03,0,80,150,0.2
2025-02-10,SKU-1043,WH-03,232,50,110,0.2
2025-02-10,SKU-1044,WH-03,110,50,94,0.2
2025-02-10,SKU-1045,WH-03,555,120,265,0.2
2025-02-10,SKU-1046,WH-03,557,120,261,0.2
2025-02-10,SKU-1047,WH-03,357,80,170,0.2
2025-02-10,SKU-1048,WH-03,94,30,62,0.2
2025-02-10,SKU-1049,WH-03,199,50,115,0.2
2025-02-10,SKU-1050,WH-03,325,80,157,0.2
2025-02-10,SKU-1051,WH-03,208,50,109,0.2
2025-02-10,SKU-1052,WH-03,279,120,227,0.2
2025-02-10,SKU-1053,WH-03,367,80,161,0.2
2025-02-10,SKU-1054,WH-03,404,80,188,0.2
2025-02-10,SKU-1055,WH-03,310,120,253,0.2
2025-02-10,SKU-1056,WH-03,189,50,103,0.2
2025-02-10,SKU-1057,WH-03,97,30,68,0.2
2025-02-10,SKU-1058,WH-03,14,30,61,0.2
2025-02-10,SKU-1059,WH-03,148,30,64,0.2
2025-02-10,SKU-1000,WH-04,90,30,55,0.2
2025-02-10,SKU-1001,WH-04,0,120,258,0.2
2025-02-10,SKU-1002,WH-04,8,50,112,0.2
2025-02-10,SKU-1003,WH-04,557,120,272,0.2
2025-02-10,SKU-1004,WH-04,342,80,179,0.2
2025-02-10,SKU-1005,WH-04,185,80,163,0.2
2025-02-10,SKU-1006,WH-04,417,120,232,0.2
2025-02-10,SKU-1007,WH-04,342,120,248,0.2
2025-02-10,SKU-1008,WH-04,179,50,112,0.2
2025-02-10,SKU-1009,WH-04,130,50,101,0.2
2025-02-10,SKU-1010,WH-04,420,80,190,0.2
2025-02-10,SKU-1011,WH-04,355,80,162,0.2
2025-02-10,SKU-1012,WH-04,214,50,117,0.2
2025-02-10,SKU-1013,WH-04,256,50,107,0.2
2025-02-10,SKU-1014,WH-04,161,80,159,0.2
2025-02-10,SKU-1015,WH-04,336,120,256,0.2
2025-02-10,SKU-1016,WH-04,0,120,238,0.2
2025-02-10,SKU-1017,WH-04,570,120,282,0.2
2025-02-10,SKU-1018,WH-04,8,80,170,0.2
2025-02-10,SKU-1019,WH-04,331,80,165,0.2
2025-02-10,SKU-1020,WH-04,423,120,265,0.2
2025-02-10,SKU-1021,WH-04,272,120,253,0.2
2025-02-10,SKU-1022,WH-04,157,50,99,0.2
2025-02-10,SKU-1023,WH-04,231,120,226,0.2
2025-02-10,SKU-1024,WH-04,0,80,181,0.2
2025-02-10,SKU-1025,WH-04,29,120,220,0.2
2025-02-10,SKU-1026,WH-04,570,120,240,0.2
2025-02-10,SKU-1027,WH-04,363,80,176,0.2
2025-02-10,SKU-1028,WH-04,86,30,69,0.2
2025-02-10,SKU-1029,WH-04,0,80,190,0.2
2025-02-10,SKU-1030,WH-04,0,120,281,0.2
2025-02-10,SKU-1031,WH-04,268,80,149,0.2
2025-02-10,SKU-1032,WH-04,179,50,99,0.2
2025-02-10,SKU-1033,WH-04,332,120,218,0.2
2025-02-10,SKU-1034,WH-04,290,120,231,0.2
2025-02-10,SKU-1035,WH-04,135,50,107,0.2
2025-02-10,SKU-1036,WH-04,151,50,105,0.2
2025-02-10,SKU-1037,WH-04,61,30,58,0.2
2025-02-10,SKU-1038,WH-04,101,30,54,0.2
2025-02-10,SKU-1039,WH-04,233,120,226,0.2
2025-02-10,SKU-1040,WH-04,121,50,106,0.2
2025-02-10,SKU-1041,WH-04,4,50,116,0.2
2025-02-10,SKU-1042,WH-04,137,30,60,0.2
2025-02-10,SKU-1043,WH-04,69,80,177,0.2
2025-02-10,SKU-1044,WH-04,217,50,105,0.2
2025-02-10,SKU-1045,WH-04,108,50,97,0.2
2025-02-10,SKU-1046,WH-04,292,120,274,0.2
2025-02-10,SKU-1047,WH-04,0,50,114,0.2
2025-02-10,SKU-1048,WH-04,417,80,168,0.2
2025-02-10,SKU-1049,WH-04,376,80,169,0.2
2025-02-10,SKU-1050,WH-04,110,50,90,0.2
2025-02-10,SKU-1051,WH-04,232,50,102,0.2
2025-02-10,SKU-1052,WH-04,81,30,67,0.2
2025-02-10,SKU-1053,WH-04,0,80,179,0.2
2025-02-10,SKU-1054,WH-04,385,120,265,0.2
2025-02-10,SKU-1055,WH-04,251,50,109,0.2
2025-02-10,SKU-1056,WH-04,395,80,172,0.2
2025-02-10,SKU-1057,WH-04,146,50,107,0.2
2025-02-10,SKU-1058,WH-04,249,80,157,0.2
2025-02-10,SKU-1059,WH-04,577,120,249,0.2
2025-02-17,SKU-1000,WH-01,63,30,60,0.2
2025-02-17,SKU-1001,WH-01,144,30,70,0.2
2025-02-17,SKU-1002,WH-01,6,30,62,0.2
2025-02-17,SKU-1003,WH-01,115,30,54,0.2
2025-02-17,SKU-1004,WH-01,149,30,65,0.2
2025-02-17,SKU-1005,WH-01,323,80,186,0.2
2025-02-17,SKU-1006,WH-01,236,50,114,0.2
2025-02-17,SKU-1007,WH-01,92,30,67,0.2
2025-02-17,SKU-1008,WH-01,112,30,57,0.2
2025-02-17,SKU-1009,WH-01,505,120,218,0.2
2025-02-17,SKU-1010,WH-01,138,30,56,0.2
2025-02-17,SKU-1011,WH-01,70,30,69,0.2
2025-02-17,SKU-1012,WH-01,369,120,222,0.2
2025-02-17,SKU-1013,WH-01,185,50,119,0.2
2025-02-17,SKU-1014,WH-01,63,30,57,0.2
2025-02-17,SKU-1015,WH-01,642,120,279,0.2
2025-02-17,SKU-1016,WH-01,351,80,175,0.2
2025-02-17,SKU-1017,WH-01,80,30,58,0.2
2025-02-17,SKU-1018,WH-01,142,50,100,0.2
2025-02-17,SKU-1019,WH-01,316,80,183,0.2
2025-02-17,SKU-1020,WH-01,97,30,58,0.2
2025-02-17,SKU-1021,WH-01,76,30,65,0.2
2025-02-17,SKU-1022,WH-01,131,30,65,0.2
2025-02-17,SKU-1023,WH-01,321,80,175,0.2
2025-02-17,SKU-1024,WH-01,94,50,90,0.2
2025-02-17,SKU-1025,WH-01,521,120,231,0.2
2025-02-17,SKU-1026,WH-01,62,30,55,0.2
2025-02-17,SKU-1027,WH-01,139,50,90,0.2
2025-02-17,SKU-1028,WH-01,39,120,282,0.2
2025-02-17,SKU-1029,WH-01,0,80,154,0.2
2025-02-17,SKU-1030,WH-01,152,50,92,0.2
2025-02-17,SKU-1031,WH-01,329,120,242,0.2
2025-02-17,SKU-1032,WH-01,13,30,69,0.2
2025-02-17,SKU-1033,WH-01,105,30,62,0.2
2025-02-17,SKU-1034,WH-01,91,30,60,0.2
2025-02-17,SKU-1035,WH-01,410,120,278,0.2
2025-02-17,SKU-1036,WH-01,0,50,101,0.2
2025-02-17,SKU-1037,WH-01,33,120,236,0.2
2025-02-17,SKU-1038,WH-01,400,120,229,0.2
2025-02-17,SKU-1039,WH-01,186,80,161,0.2
2025-02-17,SKU-1040,WH-01,0,120,285,0.2
2025-02-17,SKU-1041,WH-01,416,120,216,0.2
2025-02-17,SKU-1042,WH-01,264,120,231,0.2
2025-02-17,SKU-1043,WH-01,2,30,70,0.2
2025-02-17,SKU-1044,WH-01,75,30,62,0.2
2025-02-17,SKU-1045,WH-01,0,80,185,0.2
2025-02-17,SKU-1046,WH-01,609,120,267,0.2
2025-02-17,SKU-1047,WH-01,535,120,249,0.2
2025-02-17,SKU-1048,WH-01,178,80,148,0.2
2025-02-17,SKU-1049,WH-01,19,30,62,0.2
2025-02-17,SKU-1050,WH-01,72,80,185,0.2
2025-02-17,SKU-1051,WH-01,607,120,278,0.2
2025-02-17,SKU-1052,WH-01,134,30,71,0.2
2025-02-17,SKU-1053,WH-01,29,50,113,0.2
2025-02-17,SKU-1054,WH-01,380,120,248,0.2
2025-02-17,SKU-1055,WH-01,29,50,117,0.2
2025-02-17,SKU-1056,WH-01,654,120,285,0.2
2025-02-17,SKU-1057,WH-01,333,80,153,0.2
2025-02-17,SKU-1058,WH-01,208,50,102,0.2
2025-02-17,SKU-1059,WH-01,394,120,241,0.2
2025-02-17,SKU-1000,WH-02,24,50,109,0.2
2025-02-17,SKU-1001,WH-02,244,50,118,0.2
2025-02-17,SKU-1002,WH-02,82,120,264,0.2
2025-02-17,SKU-1003,WH-02,79,120,284,0.2
2025-02-17,SKU-1004,WH-02,541,120,222,0.2
2025-02-17,SKU-1005,WH-02,78,30,71,0.2
2025-02-17,SKU-1006,WH-02,326,120,229,0.2
2025-02-17,SKU-1007,WH-02,119,30,56,0.2
2025-02-17,SKU-1008,WH-02,200,80,186,0.2
2025-02-17,SKU-1009,WH-02,112,50,105,0.2
2025-02-17,SKU-1010,WH-02,167,50,119,0.2
2025-02-17,SKU-1011,WH-02,389,80,169,0.2
2025-02-17,SKU-1012,WH-02,382,80,157,0.2
2025-02-17,SKU-1013,WH-02,285,120,254,0.2
2025-02-17,SKU-1014,WH-02,103,50,94,0.2
2025-02-17,SKU-1015,WH-02,293,80,151,0.2
2025-02-17,SKU-1016,WH-02,426,80,183,0.2
2025-02-17,SKU-1017,WH-02,104,30,55,0.2
2025-02-17,SKU-1018,WH-02,148,30,62,0.2
2025-02-17,SKU-1019,WH-02,21,120,285,0.2
2025-02-17,SKU-1020,WH-02,158,30,65,0.2
2025-02-17,SKU-1021,WH-02,339,80,190,0.2
2025-02-17,SKU-1022,WH-02,643,120,277,0.2
2025-02-17,SKU-1023,WH-02,83,30,69,0.2
2025-02-17,SKU-1024,WH-02,110,30,69,0.2
2025-02-17,SKU-1025,WH-02,214,50,109,0.2
2025-02-17,SKU-1026,WH-02,119,30,66,0.2
2025-02-17,SKU-1027,WH-02,106,30,61,0.2
2025-02-17,SKU-1028,WH-02,328,120,263,0.2
2025-02-17,SKU-1029,WH-02,0,50,119,0.2
2025-02-17,SKU-1030,WH-02,159,50,103,0.2
2025-02-17,SKU-1031,WH-02,0,80,179,0.2
2025-02-17,SKU-1032,WH-02,501,120,278,0.2
2025-02-17,SKU-1033,WH-02,181,50,94,0.2
2025-02-17,SKU-1034,WH-02,333,120,263,0.2
2025-02-17,SKU-1035,WH-02,134,50,92,0.2
2025-02-17,SKU-1036,WH-02,572,120,250,0.2
2025-02-17,SKU-1037,WH-02,120,30,62,0.2
2025-02-17,SKU-1038,WH-02,422,120,272,0.2
2025-02-17,SKU-1039,WH-02,218,50,93,0.2
2025-02-17,SKU-1040,WH-02,279,80,174,0.2
2025-02-17,SKU-1041,WH-02,548,120,221,0.2
2025-02-17,SKU-1042,WH-02,1,50,114,0.2
2025-02-17,SKU-1043,WH-02,0,50,112,0.2
2025-02-17,SKU-1044,WH-02,418,80,175,0.2
2025-02-17,SKU-1045,WH-02,211,50,104,0.2
2025-02-17,SKU-1046,WH-02,287,80,179,0.2
2025-02-17,SKU-1047,WH-02,7,120,224,0.2
2025-02-17,SKU-1048,WH-02,136,30,61,0.2
2025-02-17,SKU-1049,WH-02,113,120,220,0.2
2025-02-17,SKU-1050,WH-02,323,120,280,0.2
2025-02-17,SKU-1051,WH-02,0,50,93,0.2
2025-02-17,SKU-1052,WH-02,339,80,153,0.2
2025-02-17,SKU-1053,WH-02,354,80,146,0.2
2025-02-17,SKU-1054,WH-02,66,30,59,0.2
2025-02-17,SKU-1055,WH-02,361,80,187,0.2
2025-02-17,SKU-1056,WH-02,401,80,165,0.2
2025-02-17,SKU-1057,WH-02,60,30,56,0.2
2025-02-17,SKU-1058,WH-02,204,50,91,0.2
2025-02-17,SKU-1059,WH-02,247,80,161,0.2
2025-02-17,SKU-1000,WH-03,304,120,250,0.2
2025-02-17,SKU-1001,WH-03,345,80,159,0.2
2025-02-17,SKU-1002,WH-03,212,80,149,0.2
2025-02-17,SKU-1003,WH-03,274,80,147,0.2
2025-02-17,SKU-1004,WH-03,101,30,63,0.2
2025-02-17,SKU-1005,WH-03,141,30,71,0.2
2025-02-17,SKU-1006,WH-03,242,50,105,0.2
2025-02-17,SKU-1007,WH-03,431,120,235,0.2
2025-02-17,SKU-1008,WH-03,36,50,110,0.2
2025-02-17,SKU-1009,WH-03,315,120,282,0.2
2025-02-17,SKU-1010,WH-03,531,120,230,0.2
2025-02-17,SKU-1011,WH-03,198,80,157,0.2
2025-02-17,SKU-1012,WH-03,16,80,167,0.2
2025-02-17,SKU-1013,WH-03,358,80,176,0.2
2025-02-17,SKU-1014,WH-03,114,30,66,0.2
2025-02-17,SKU-1015,WH-03,194,50,111,0.2
2025-02-17,SKU-1016,WH-03,195,50,109,0.2
2025-02-17,SKU-1017,WH-03,507,120,234,0.2
2025-02-17,SKU-1018,WH-03,220,120,218,0.2
2025-02-17,SKU-1019,WH-03,301,80,183,0.2
2025-02-17,SKU-1020,WH-03,0,50,111,0.2
2025-02-17,SKU-1021,WH-03,431,120,238,0.2
2025-02-17,SKU-1022,WH-03,101,30,66,0.2
2025-02-17,SKU-1023,WH-03,394,80,164,0.2
2025-02-17,SKU-1024,WH-03,131,30,60,0.2
2025-02-17,SKU-1025,WH-03,128,30,69,0.2
2025-02-17,SKU-1026,WH-03,123,30,57,0.2
2025-02-17,SKU-1027,WH-03,235,80,145,0.2
2025-02-17,SKU-1028,WH-03,359,80,181,0.2
2025-02-17,SKU-1029,WH-03,128,30,64,0.2
2025-02-17,SKU-1030,WH-03,158,80,148,0.2
2025-02-17,SKU-1031,WH-03,228,50,109,0.2
2025-02-17,SKU-1032,WH-03,144,30,69,0.2
2025-02-17,SKU-1033,WH-03,25,50,109,0.2
2025-02-17,SKU-1034,WH-03,240,120,223,0.2
2025-02-17,SKU-1035,WH-03,398,80,162,0.2
2025-02-17,SKU-1036,WH-03,222,50,119,0.2
2025-02-17,SKU-1037,WH-03,307,80,178,0.2
2025-02-17,SKU-1038,WH-03,615,120,259,0.2
2025-02-17,SKU-1039,WH-03,304,120,255,0.2
2025-02-17,SKU-1040,WH-03,322,120,246,0.2
2025-02-17,SKU-1041,WH-03,467,120,269,0.2
2025-02-17,SKU-1042,WH-03,133,50,105,0.2
2025-02-17,SKU-1043,WH-03,525,120,235,0.2
2025-02-17,SKU-1044,WH-03,44,50,116,0.2
2025-02-17,SKU-1045,WH-03,206,80,162,0.2
2025-02-17,SKU-1046,WH-03,139,30,63,0.2
2025-02-17,SKU-1047,WH-03,371,120,217,0.2
2025-02-17,SKU-1048,WH-03,269,80,185,0.2
2025-02-17,SKU-1049,WH-03,0,120,223,0.2
2025-02-17,SKU-1050,WH-03,225,50,93,0.2
2025-02-17,SKU-1051,WH-03,583,120,280,0.2
2025-02-17,SKU-1052,WH-03,319,120,229,0.2
2025-02-17,SKU-1053,WH-03,118,30,70,0.2
2025-02-17,SKU-1054,WH-03,62,30,57,0.2
2025-02-17,SKU-1055,WH-03,189,50,114,0.2
2025-02-17,SKU-1056,WH-03,257,120,223,0.2
2025-02-17,SKU-1057,WH-03,329,80,162,0.2
2025-02-17,SKU-1058,WH-03,91,30,54,0.2
2025-02-17,SKU-1059,WH-03,143,30,71,0.2
2025-02-17,SKU-1000,WH-04,356,80,147,0.2
2025-02-17,SKU-1001,WH-04,12,120,228,0.2
2025-02-17,SKU-1002,WH-04,0,120,267,0.2
2025-02-17,SKU-1003,WH-04,116,30,58,0.2
2025-02-17,SKU-1004,WH-04,498,120,255,0.2
2025-02-17,SKU-1005,WH-04,309,80,187,0.2
2025-02-17,SKU-1006,WH-04,159,30,71,0.2
2025-02-17,SKU-1007,WH-04,319,80,167,0.2
2025-02-17,SKU-1008,WH-04,360,80,190,0.2
2025-02-17,SKU-1009,WH-04,188,80,147,0.2
2025-02-17,SKU-1010,WH-04,0,50,103,0.2
2025-02-17,SKU-1011,WH-04,224,50,103,0.2
2025-02-17,SKU-1012,WH-04,29,120,236,0.2
2025-02-17,SKU-1013,WH-04,280,120,218,0.2
2025-02-17,SKU-1014,WH-04,162,30,66,0.2
2025-02-17,SKU-1015,WH-04,262,50,112,0.2
2025-02-17,SKU-1016,WH-04,289,80,157,0.2
2025-02-17,SKU-1017,WH-04,176,50,97,0.2
2025-02-17,SKU-1018,WH-04,201,80,184,0.2
2025-02-17,SKU-1019,WH-04,200,50,118,0.2
2025-02-17,SKU-1020,WH-04,306,120,250,0.2
2025-02-17,SKU-1021,WH-04,200,80,161,0.2
2025-02-17,SKU-1022,WH-04,241,80,157,0.2
2025-02-17,SKU-1023,WH-04,26,30,56,0.2
2025-02-17,SKU-1024,WH-04,168,50,96,0.2
2025-02-17,SKU-1025,WH-04,161,30,66,0.2
2025-02-17,SKU-1026,WH-04,294,120,224,0.2
2025-02-17,SKU-1027,WH-04,433,120,250,0.2
2025-02-17,SKU-1028,WH-04,276,80,145,0.2
2025-02-17,SKU-1029,WH-04,27,50,93,0.2
2025-02-17,SKU-1030,WH-04,190,50,105,0.2
2025-02-17,SKU-1031,WH-04,27,50,115,0.2
2025-02-17,SKU-1032,WH-04,520,120,232,0.2
2025-02-17,SKU-1033,WH-04,139,30,67,0.2
2025-02-17,SKU-1034,WH-04,179,50,90,0.2
2025-02-17,SKU-1035,WH-04,175,50,112,0.2
2025-02-17,SKU-1036,WH-04,624,120,272,0.2
2025-02-17,SKU-1037,WH-04,461,120,261,0.2
2025-02-17,SKU-1038,WH-04,400,80,175,0.2
2025-02-17,SKU-1039,WH-04,42,50,100,0.2
2025-02-17,SKU-1040,WH-04,203,50,90,0.2
2025-02-17,SKU-1041,WH-04,107,30,65,0.2
2025-02-17,SKU-1042,WH-04,390,120,253,0.2
2025-02-17,SKU-1043,WH-04,120,30,61,0.2
2025-02-17,SKU-1044,WH-04,225,50,94,0.2
2025-02-17,SKU-1045,WH-04,14,30,60,0.2
2025-02-17,SKU-1046,WH-04,581,120,279,0.2
2025-02-17,SKU-1047,WH-04,206,50,94,0.2
2025-02-17,SKU-1048,WH-04,117,50,111,0.2
2025-02-17,SKU-1049,WH-04,207,80,173,0.2
2025-02-17,SKU-1050,WH-04,345,120,219,0.2
2025-02-17,SKU-1051,WH-04,333,80,154,0.2
2025-02-17,SKU-1052,WH-04,303,80,181,0.2
2025-02-17,SKU-1053,WH-04,76,80,186,0.2
2025-02-17,SKU-1054,WH-04,13,50,109,0.2
2025-02-17,SKU-1055,WH-04,97,50,96,0.2
2025-02-17,SKU-1056,WH-04,200,50,101,0.2
2025-02-17,SKU-1057,WH-04,236,120,220,0.2
2025-02-17,SKU-1058,WH-04,107,30,70,0.2
2025-02-17,SKU-1059,WH-04,105,30,62,0.2
2025-02-24,SKU-1000,WH-01,126,50,114,0.2
2025-02-24,SKU-1001,WH-01,171,30,71,0.2
2025-02-24,SKU-1002,WH-01,317,80,184,0.2
2025-02-24,SKU-1003,WH-01,59,30,56,0.2
2025-02-24,SKU-1004,WH-01,109,50,101,0.2
2025-02-24,SKU-1005,WH-01,130,50,110,0.2
2025-02-24,SKU-1006,WH-01,321,80,166,0.2
2025-02-24,SKU-1007,WH-01,143,50,117,0.2
2025-02-24,SKU-1008,WH-01,108,120,249,0.2
2025-02-24,SKU-1009,WH-01,362,120,248,0.2
2025-02-24,SKU-1010,WH-01,369,120,281,0.2
2025-02-24,SKU-1011,WH-01,136,50,99,0.2
2025-02-24,SKU-1012,WH-01,200,50,110,0.2
2025-02-24,SKU-1013,WH-01,332,80,154,0.2
2025-02-24,SKU-1014,WH-01,449,120,219,0.2
2025-02-24,SKU-1015,WH-01,121,30,56,0.2
2025-02-24,SKU-1016,WH-01,271,50,116,0.2
2025-02-24,SKU-1017,WH-01,0,30,68,0.2
2025-02-24,SKU-1018,WH-01,195,80,165,0.2
2025-02-24,SKU-1019,WH-01,273,50,110,0.2
2025-02-24,SKU-1020,WH-01,245,50,111,0.2
2025-02-24,SKU-1021,WH-01,353,120,279,0.2
2025-02-24,SKU-1022,WH-01,299,80,144,0.2
2025-02-24,SKU-1023,WH-01,199,50,119,0.2
2025-02-24,SKU-1024,WH-01,13,50,111,0.2
2025-02-24,SKU-1025,WH-01,0,120,230,0.2
2025-02-24,SKU-1026,WH-01,43,50,110,0.2
2025-02-24,SKU-1027,WH-01,95,120,257,0.2
2025-02-24,SKU-1028,WH-01,435,120,219,0.2
2025-02-24,SKU-1029,WH-01,144,30,66,0.2
2025-02-24,SKU-1030,WH-01,212,50,106,0.2
2025-02-24,SKU-1031,WH-01,590,120,264,0.2
2025-02-24,SKU-1032,WH-01,311,80,186,0.2
2025-02-24,SKU-1033,WH-01,493,120,271,0.2
2025-02-24,SKU-1034,WH-01,14,120,228,0.2
2025-02-24,SKU-1035,WH-01,102,30,67,0.2
2025-02-24,SKU-1036,WH-01,533,120,253,0.2
2025-02-24,SKU-1037,WH-01,104,30,65,0.2
2025-02-24,SKU-1038,WH-01,186,80,170,0.2
2025-02-24,SKU-1039,WH-01,208,80,166,0.2
2025-02-24,SKU-1040,WH-01,152,50,90,0.2
2025-02-24,SKU-1041,WH-01,394,80,183,0.2
2025-02-24,SKU-1042,WH-01,107,30,62,0.2
2025-02-24,SKU-1043,WH-01,0,120,245,0.2
2025-02-24,SKU-1044,WH-01,169,80,148,0.2
2025-02-24,SKU-1045,WH-01,352,80,186,0.2
2025-02-24,SKU-1046,WH-01,140,30,58,0.2
2025-02-24,SKU-1047,WH-01,461,120,263,0.2
2025-02-24,SKU-1048,WH-01,175,80,153,0.2
2025-02-24,SKU-1049,WH-01,152,50,96,0.2
2025-02-24,SKU-1050,WH-01,108,30,70,0.2
2025-02-24,SKU-1051,WH-01,227,80,173,0.2
2025-02-24,SKU-1052,WH-01,398,80,172,0.2
2025-02-24,SKU-1053,WH-01,27,30,71,0.2
2025-02-24,SKU-1054,WH-01,441,120,222,0.2
2025-02-24,SKU-1055,WH-01,30,120,235,0.2
2025-02-24,SKU-1056,WH-01,0,50,93,0.2
2025-02-24,SKU-1057,WH-01,0,50,109,0.2
2025-02-24,SKU-1058,WH-01,407,80,171,0.2
2025-02-24,SKU-1059,WH-01,303,120,270,0.2
2025-02-24,SKU-1000,WH-02,350,120,281,0.2
2025-02-24,SKU-1001,WH-02,201,50,110,0.2
2025-02-24,SKU-1002,WH-02,317,120,248,0.2
2025-02-24,SKU-1003,WH-02,212,50,110,0.2
2025-02-24,SKU-1004,WH-02,84,30,64,0.2
2025-02-24,SKU-1005,WH-02,332,80,179,0.2
2025-02-24,SKU-1006,WH-02,248,120,246,0.2
2025-02-24,SKU-1007,WH-02,0,120,286,0.2
2025-02-24,SKU-1008,WH-02,89,30,66,0.2
2025-02-24,SKU-1009,WH-02,256,80,190,0.2
2025-02-24,SKU-1010,WH-02,525,120,253,0.2
2025-02-24,SKU-1011,WH-02,150,50,99,0.2
2025-02-24,SKU-1012,WH-02,290,80,156,0.2
2025-02-24,SKU-1013,WH-02,283,80,174,0.2
2025-02-24,SKU-1014,WH-02,16,50,114,0.2
2025-02-24,SKU-1015,WH-02,133,30,57,0.2
2025-02-24,SKU-1016,WH-02,113,30,60,0.2
2025-02-24,SKU-1017,WH-02,447,120,259,0.2
2025-02-24,SKU-1018,WH-02,76,30,70,0.2
2025-02-24,SKU-1019,WH-02,83,30,71,0.2
2025-02-24,SKU-1020,WH-02,173,80,163,0.2
2025-02-24,SKU-1021,WH-02,27,30,67,0.2
2025-02-24,SKU-1022,WH-02,0,80,168,0.2
2025-02-24,SKU-1023,WH-02,119,30,58,0.2
2025-02-24,SKU-1024,WH-02,82,30,64,0.2
2025-02-24,SKU-1025,WH-02,137,30,57,0.2
2025-02-24,SKU-1026,WH-02,225,50,111,0.2
2025-02-24,SKU-1027,WH-02,463,120,232,0.2
2025-02-24,SKU-1028,WH-02,100,120,269,0.2
2025-02-24,SKU-1029,WH-02,462,120,270,0.2
2025-02-24,SKU-1030,WH-02,120,30,71,0.2
2025-02-24,SKU-1031,WH-02,141,30,70,0.2
2025-02-24,SKU-1032,WH-02,85,30,58,0.2
2025-02-24,SKU-1033,WH-02,120,50,103,0.2
2025-02-24,SKU-1034,WH-02,21,80,145,0.2
2025-02-24,SKU-1035,WH-02,521,120,259,0.2
2025-02-24,SKU-1036,WH-02,456,120,226,0.2
2025-02-24,SKU-1037,WH-02,46,120,268,0.2
2025-02-24,SKU-1038,WH-02,178,50,118,0.2
2025-02-24,SKU-1039,WH-02,481,120,253,0.2
2025-02-24,SKU-1040,WH-02,288,80,144,0.2
2025-02-24,SKU-1041,WH-02,162,80,151,0.2
2025-02-24,SKU-1042,WH-02,0,50,114,0.2
2025-02-24,SKU-1043,WH-02,145,50,100,0.2
2025-02-24,SKU-1044,WH-02,80,120,270,0.2
2025-02-24,SKU-1045,WH-02,0,80,185,0.2
2025-02-24,SKU-1046,WH-02,189,80,149,0.2
2025-02-24,SKU-1047,WH-02,447,80,190,0.2
2025-02-24,SKU-1048,WH-02,79,30,64,0.2
2025-02-24,SKU-1049,WH-02,461,120,222,0.2
2025-02-24,SKU-1050,WH-02,142,50,100,0.2
2025-02-24,SKU-1051,WH-02,24,30,61,0.2
2025-02-24,SKU-1052,WH-02,342,80,182,0.2
2025-02-24,SKU-1053,WH-02,103,120,248,0.2
2025-02-24,SKU-1054,WH-02,142,30,58,0.2
2025-02-24,SKU-1055,WH-02,121,50,112,0.2
2025-02-24,SKU-1056,WH-02,180,50,105,0.2
2025-02-24,SKU-1057,WH-02,108,30,61,0.2
2025-02-24,SKU-1058,WH-02,72,30,66,0.2
2025-02-24,SKU-1059,WH-02,137,30,60,0.2
2025-02-24,SKU-1000,WH-03,367,80,183,0.2
2025-02-24,SKU-1001,WH-03,22,120,274,0.2
2025-02-24,SKU-1002,WH-03,373,120,255,0.2
2025-02-24,SKU-1003,WH-03,78,30,54,0.2
2025-02-24,SKU-1004,WH-03,54,120,277,0.2
2025-02-24,SKU-1005,WH-03,321,80,188,0.2
2025-02-24,SKU-1006,WH-03,157,30,69,0.2
2025-02-24,SKU-1007,WH-03,383,120,219,0.2
2025-02-24,SKU-1008,WH-03,0,120,224,0.2
2025-02-24,SKU-1009,WH-03,385,80,188,0.2
2025-02-24,SKU-1010,WH-03,261,120,259,0.2
2025-02-24,SKU-1011,WH-03,170,50,107,0.2
2025-02-24,SKU-1012,WH-03,63,80,169,0.2
2025-02-24,SKU-1013,WH-03,3,80,150,0.2
2025-02-24,SKU-1014,WH-03,567,120,230,0.2
2025-02-24,SKU-1015,WH-03,210,80,170,0.2
2025-02-24,SKU-1016,WH-03,424,80,191,0.2
2025-02-24,SKU-1017,WH-03,450,120,227,0.2
2025-02-24,SKU-1018,WH-03,61,120,226,0.2
2025-02-24,SKU-1019,WH-03,139,50,114,0.2
2025-02-24,SKU-1020,WH-03,69,30,61,0.2
2025-02-24,SKU-1021,WH-03,26,30,64,0.2
2025-02-24,SKU-1022,WH-03,279,80,146,0.2
2025-02-24,SKU-1023,WH-03,205,50,116,0.2
2025-02-24,SKU-1024,WH-03,0,50,118,0.2
2025-02-24,SKU-1025,WH-03,277,120,240,0.2
2025-02-24,SKU-1026,WH-03,230,50,104,0.2
2025-02-24,SKU-1027,WH-03,46,80,184,0.2
2025-02-24,SKU-1028,WH-03,571,120,241,0.2
2025-02-24,SKU-1029,WH-03,415,80,182,0.2
2025-02-24,SKU-1030,WH-03,422,120,281,0.2
2025-02-24,SKU-1031,WH-03,126,30,55,0.2
2025-02-24,SKU-1032,WH-03,104,30,55,0.2
2025-02-24,SKU-1033,WH-03,144,30,67,0.2
2025-02-24,SKU-1034,WH-03,35,50,94,0.2
2025-02-24,SKU-1035,WH-03,139,30,66,0.2
2025-02-24,SKU-1036,WH-03,417,120,229,0.2
2025-02-24,SKU-1037,WH-03,124,30,71,0.2
2025-02-24,SKU-1038,WH-03,243,80,144,0.2
2025-02-24,SKU-1039,WH-03,133,50,101,0.2
2025-02-24,SKU-1040,WH-03,462,120,231,0.2
2025-02-24,SKU-1041,WH-03,0,30,59,0.2
2025-02-24,SKU-1042,WH-03,138,30,64,0.2
2025-02-24,SKU-1043,WH-03,279,80,186,0.2
2025-02-24,SKU-1044,WH-03,129,30,55,0.2
2025-02-24,SKU-1045,WH-03,396,80,189,0.2
2025-02-24,SKU-1046,WH-03,80,30,63,0.2
2025-02-24,SKU-1047,WH-03,52,120,268,0.2
2025-02-24,SKU-1048,WH-03,114,30,65,0.2
2025-02-24,SKU-1049,WH-03,537,120,254,0.2
2025-02-24,SKU-1050,WH-03,538,120,240,0.2
2025-02-24,SKU-1051,WH-03,0,80,167,0.2
2025-02-24,SKU-1052,WH-03,418,120,246,0.2
2025-02-24,SKU-1053,WH-03,0,30,60,0.2
2025-02-24,SKU-1054,WH-03,0,50,114,0.2
2025-02-24,SKU-1055,WH-03,252,50,119,0.2
2025-02-24,SKU-1056,WH-03,281,80,149,0.2
2025-02-24,SKU-1057,WH-03,274,120,264,0.2
2025-02-24,SKU-1058,WH-03,272,50,114,0.2
2025-02-24,SKU-1059,WH-03,170,80,160,0.2
2025-02-24,SKU-1000,WH-04,291,120,243,0.2
2025-02-24,SKU-1001,WH-04,248,80,154,0.2
2025-02-24,SKU-1002,WH-04,68,30,66,0.2
2025-02-24,SKU-1003,WH-04,182,80,168,0.2
2025-02-24,SKU-1004,WH-04,288,50,119,0.2
2025-02-24,SKU-1005,WH-04,107,30,64,0.2
2025-02-24,SKU-1006,WH-04,286,50,115,0.2
2025-02-24,SKU-1007,WH-04,139,30,58,0.2
2025-02-24,SKU-1008,WH-04,114,30,63,0.2
2025-02-24,SKU-1009,WH-04,220,80,181,0.2
2025-02-24,SKU-1010,WH-04,13,30,57,0.2
2025-02-24,SKU-1011,WH-04,60,80,151,0.2
2025-02-24,SKU-1012,WH-04,15,30,68,0.2
2025-02-24,SKU-1013,WH-04,57,80,153,0.2
2025-02-24,SKU-1014,WH-04,102,30,64,0.2
2025-02-24,SKU-1015,WH-04,0,80,145,0.2
2025-02-24,SKU-1016,WH-04,64,30,59,0.2
2025-02-24,SKU-1017,WH-04,237,50,102,0.2
2025-02-24,SKU-1018,WH-04,0,120,228,0.2
2025-02-24,SKU-1019,WH-04,116,50,97,0.2
2025-02-24,SKU-1020,WH-04,0,80,153,0.2
2025-02-24,SKU-1021,WH-04,393,120,241,0.2
2025-02-24,SKU-1022,WH-04,122,30,59,0.2
2025-02-24,SKU-1023,WH-04,359,120,268,0.2
2025-02-24,SKU-1024,WH-04,463,80,191,0.2
2025-02-24,SKU-1025,WH-04,6,30,68,0.2
2025-02-24,SKU-1026,WH-04,262,50,106,0.2
2025-02-24,SKU-1027,WH-04,14,30,54,0.2
2025-02-24,SKU-1028,WH-04,83,30,56,0.2
2025-02-24,SKU-1029,WH-04,208,50,91,0.2
2025-02-24,SKU-1030,WH-04,194,80,170,0.2
2025-02-24,SKU-1031,WH-04,0,50,113,0.2
2025-02-24,SKU-1032,WH-04,569,120,240,0.2
2025-02-24,SKU-1033,WH-04,163,50,102,0.2
2025-02-24,SKU-1034,WH-04,309,120,277,0.2
2025-02-24,SKU-1035,WH-04,572,120,249,0.2
2025-02-24,SKU-1036,WH-04,250,50,117,0.2
2025-02-24,SKU-1037,WH-04,159,50,92,0.2
2025-02-24,SKU-1038,WH-04,0,120,217,0.2
2025-02-24,SKU-1039,WH-04,426,120,243,0.2
2025-02-24,SKU-1040,WH-04,273,50,118,0.2
2025-02-24,SKU-1041,WH-04,154,30,67,0.2
2025-02-24,SKU-1042,WH-04,124,50,116,0.2
2025-02-24,SKU-1043,WH-04,37,50,117,0.2
2025-02-24,SKU-1044,WH-04,6,120,281,0.2
2025-02-24,SKU-1045,WH-04,400,120,223,0.2
2025-02-24,SKU-1046,WH-04,393,80,173,0.2
2025-02-24,SKU-1047,WH-04,398,120,267,0.2
2025-02-24,SKU-1048,WH-04,392,120,245,0.2
2025-02-24,SKU-1049,WH-04,0,120,239,0.2
2025-02-24,SKU-1050,WH-04,73,30,62,0.2
2025-02-24,SKU-1051,WH-04,17,30,66,0.2
2025-02-24,SKU-1052,WH-04,126,30,62,0.2
2025-02-24,SKU-1053,WH-04,190,50,94,0.2
2025-02-24,SKU-1054,WH-04,363,80,160,0.2
2025-02-24,SKU-1055,WH-04,69,80,149,0.2
2025-02-24,SKU-1056,WH-04,89,30,58,0.2
2025-02-24,SKU-1057,WH-04,497,120,234,0.2
2025-02-24,SKU-1058,WH-04,99,30,65,0.2
2025-02-24,SKU-1059,WH-04,55,30,55,0.2
2025-03-03,SKU-1000,WH-01,197,50,96,0.2
2025-03-03,SKU-1001,WH-01,309,120,267,0.2
2025-03-03,SKU-1002,WH-01,256,50,109,0.2
2025-03-03,SKU-1003,WH-01,0,50,111,0.2
2025-03-03,SKU-1004,WH-01,381,80,164,0.2
2025-03-03,SKU-1005,WH-01,65,80,189,0.2
2025-03-03,SKU-1006,WH-01,0,80,148,0.2
2025-03-03,SKU-1007,WH-01,160,80,157,0.2
2025-03-03,SKU-1008,WH-01,109,50,107,0.2
2025-03-03,SKU-1009,WH-01,270,80,175,0.2
2025-03-03,SKU-1010,WH-01,189,80,146,0.2
2025-03-03,SKU-1011,WH-01,16,30,68,0.2
2025-03-03,SKU-1012,WH-01,198,80,171,0.2
2025-03-03,SKU-1013,WH-01,257,50,109,0.2
2025-03-03,SKU-1014,WH-01,77,30,54,0.2
2025-03-03,SKU-1015,WH-01,528,120,243,0.2
2025-03-03,SKU-1016,WH-01,87,30,68,0.2
2025-03-03,SKU-1017,WH-01,369,80,158,0.2
2025-03-03,SKU-1018,WH-01,595,120,244,0.2
2025-03-03,SKU-1019,WH-01,142,30,69,0.2
2025-03-03,SKU-1020,WH-01,84,30,71,0.2
2025-03-03,SKU-1021,WH-01,184,50,100,0.2
2025-03-03,SKU-1022,WH-01,133,30,61,0.2
2025-03-03,SKU-1023,WH-01,0,30,68,0.2
2025-03-03,SKU-1024,WH-01,11,120,237,0.2
2025-03-03,SKU-1025,WH-01,146,50,117,0.2
2025-03-03,SKU-1026,WH-01,389,80,177,0.2
2025-03-03,SKU-1027,WH-01,339,80,145,0.2
2025-03-03,SKU-1028,WH-01,98,30,65,0.2
2025-03-03,SKU-1029,WH-01,163,80,145,0.2
2025-03-03,SKU-1030,WH-01,253,50,114,0.2
2025-03-03,SKU-1031,WH-01,349,120,260,0.2
2025-03-03,SKU-1032,WH-01,153,50,96,0.2
2025-03-03,SKU-1033,WH-01,266,80,149,0.2
2025-03-03,SKU-1034,WH-01,357,120,257,0.2
2025-03-03,SKU-1035,WH-01,445,120,229,0.2
2025-03-03,SKU-1036,WH-01,83,30,68,0.2
2025-03-03,SKU-1037,WH-01,0,50,91,0.2
2025-03-03,SKU-1038,WH-01,128,30,68,0.2
2025-03-03,SKU-1039,WH-01,120,30,70,0.2
2025-03-03,SKU-1040,WH-01,289,80,186,0.2
2025-03-03,SKU-1041,WH-01,173,50,95,0.2
2025-03-03,SKU-1042,WH-01,260,80,150,0.2
2025-03-03,SKU-1043,WH-01,26,30,58,0.2
2025-03-03,SKU-1044,WH-01,482,120,250,0.2
2025-03-03,SKU-1045,WH-01,122,30,57,0.2
2025-03-03,SKU-1046,WH-01,26,30,55,0.2
2025-03-03,SKU-1047,WH-01,72,30,62,0.2
2025-03-03,SKU-1048,WH-01,187,80,150,0.2
2025-03-03,SKU-1049,WH-01,200,80,188,0.2
2025-03-03,SKU-1050,WH-01,58,30,56,0.2
2025-03-03,SKU-1051,WH-01,100,30,60,0.2
2025-03-03,SKU-1052,WH-01,350,80,174,0.2
2025-03-03,SKU-1053,WH-01,111,120,243,0.2
2025-03-03,SKU-1054,WH-01,156,30,66,0.2
2025-03-03,SKU-1055,WH-01,125,30,54,0.2
2025-03-03,SKU-1056,WH-01,427,120,270,0.2
2025-03-03,SKU-1057,WH-01,270,80,149,0.2
2025-03-03,SKU-1058,WH-01,647,120,261,0.2
2025-03-03,SKU-1059,WH-01,218,80,163,0.2
2025-03-03,SKU-1000,WH-02,224,50,115,0.2
2025-03-03,SKU-1001,WH-02,382,120,281,0.2
2025-03-03,SKU-1002,WH-02,411,80,179,0.2
2025-03-03,SKU-1003,WH-02,71,30,62,0.2
2025-03-03,SKU-1004,WH-02,397,120,225,0.2
2025-03-03,SKU-1005,WH-02,76,30,60,0.2
2025-03-03,SKU-1006,WH-02,241,80,178,0.2
2025-03-03,SKU-1007,WH-02,544,120,225,0.2
2025-03-03,SKU-1008,WH-02,0,80,150,0.2
2025-03-03,SKU-1009,WH-02,230,80,188,0.2
2025-03-03,SKU-1010,WH-02,170,30,69,0.2
2025-03-03,SKU-1011,WH-02,0,30,63,0.2
2025-03-03,SKU-1012,WH-02,20,30,69,0.2
2025-03-03,SKU-1013,WH-02,190,50,118,0.2
2025-03-03,SKU-1014,WH-02,128,30,70,0.2
2025-03-03,SKU-1015,WH-02,624,120,263,0.2
2025-03-03,SKU-1016,WH-02,442,120,251,0.2
2025-03-03,SKU-1017,WH-02,439,120,280,0.2
2025-03-03,SKU-1018,WH-02,135,30,63,0.2
2025-03-03,SKU-1019,WH-02,141,50,103,0.2
2025-03-03,SKU-1020,WH-02,429,80,176,0.2
2025-03-03,SKU-1021,WH-02,440,120,287,0.2
2025-03-03,SKU-1022,WH-02,439,80,191,0.2
2025-03-03,SKU-1023,WH-02,343,80,174,0.2
2025-03-03,SKU-1024,WH-02,321,120,229,0.2
2025-03-03,SKU-1025,WH-02,247,50,119,0.2
2025-03-03,SKU-1026,WH-02,111,50,103,0.2
2025-03-03,SKU-1027,WH-02,130,30,56,0.2
2025-03-03,SKU-1028,WH-02,0,30,54,0.2
2025-03-03,SKU-1029,WH-02,0,120,261,0.2
2025-03-03,SKU-1030,WH-02,251,50,117,0.2
2025-03-03,SKU-1031,WH-02,542,120,220,0.2
2025-03-03,SKU-1032,WH-02,315,80,159,0.2
2025-03-03,SKU-1033,WH-02,29,30,60,0.2
2025-03-03,SKU-1034,WH-02,289,120,242,0.2
2025-03-03,SKU-1035,WH-02,175,80,151,0.2
2025-03-03,SKU-1036,WH-02,10,50,93,0.2
2025-03-03,SKU-1037,WH-02,411,120,263,0.2
2025-03-03,SKU-1038,WH-02,58,80,147,0.2
2025-03-03,SKU-1039,WH-02,279,50,114,0.2
2025-03-03,SKU-1040,WH-02,352,120,255,0.2
2025-03-03,SKU-1041,WH-02,184,50,103,0.2
2025-03-03,SKU-1042,WH-02,102,30,67,0.2
2025-03-03,SKU-1043,WH-02,661,120,285,0.2
2025-03-03,SKU-1044,WH-02,280,80,153,0.2
2025-03-03,SKU-1045,WH-02,391,80,172,0.2
2025-03-03,SKU-1046,WH-02,93,30,54,0.2
2025-03-03,SKU-1047,WH-02,121,30,71,0.2
2025-03-03,SKU-1048,WH-02,518,120,271,0.2
2025-03-03,SKU-1049,WH-02,224,50,105,0.2
2025-03-03,SKU-1050,WH-02,275,50,112,0.2
2025-03-03,SKU-1051,WH-02,181,80,177,0.2
2025-03-03,SKU-1052,WH-02,0,50,110,0.2
2025-03-03,SKU-1053,WH-02,334,80,172,0.2
2025-03-03,SKU-1054,WH-02,6,80,162,0.2
2025-03-03,SKU-1055,WH-02,130,50,111,0.2
2025-03-03,SKU-1056,WH-02,239,50,101,0.2
2025-03-03,SKU-1057,WH-02,0,120,228,0.2
2025-03-03,SKU-1058,WH-02,287,80,152,0.2
2025-03-03,SKU-1059,WH-02,408,120,233,0.2
2025-03-03,SKU-1000,WH-03,382,80,184,0.2
2025-03-03,SKU-1001,WH-03,463,80,189,0.2
2025-03-03,SKU-1002,WH-03,505,120,267,0.2
2025-03-03,SKU-1003,WH-03,346,120,276,0.2
2025-03-03,SKU-1004,WH-03,18,50,95,0.2
2025-03-03,SKU-1005,WH-03,304,120,229,0.2
2025-03-03,SKU-1006,WH-03,342,80,162,0.2
2025-03-03,SKU-1007,WH-03,352,120,281,0.2
2025-03-03,SKU-1008,WH-03,317,120,285,0.2
2025-03-03,SKU-1009,WH-03,105,50,94,0.2
2025-03-03,SKU-1010,WH-03,136,30,59,0.2
2025-03-03,SKU-1011,WH-03,247,50,118,0.2
2025-03-03,SKU-1012,WH-03,0,30,71,0.2
2025-03-03,SKU-1013,WH-03,138,30,62,0.2
2025-03-03,SKU-1014,WH-03,264,80,157,0.2
2025-03-03,SKU-1015,WH-03,285,80,184,0.2
2025-03-03,SKU-1016,WH-03,146,50,92,0.2
2025-03-03,SKU-1017,WH-03,113,30,66,0.2
2025-03-03,SKU-1018,WH-03,464,120,285,0.2
2025-03-03,SKU-1019,WH-03,95,30,66,0.2
2025-03-03,SKU-1020,WH-03,192,50,101,0.2
2025-03-03,SKU-1021,WH-03,238,50,108,0.2
2025-03-03,SKU-1022,WH-03,206,50,95,0.2
2025-03-03,SKU-1023,WH-03,370,80,186,0.2
2025-03-03,SKU-1024,WH-03,273,80,155,0.2
2025-03-03,SKU-1025,WH-03,250,120,218,0.2
2025-03-03,SKU-1026,WH-03,116,30,61,0.2
2025-03-03,SKU-1027,WH-03,246,50,100,0.2
2025-03-03,SKU-1028,WH-03,387,120,225,0.2
2025-03-03,SKU-1029,WH-03,0,50,95,0.2
2025-03-03,SKU-1030,WH-03,533,120,233,0.2
2025-03-03,SKU-1031,WH-03,114,30,64,0.2
2025-03-03,SKU-1032,WH-03,0,30,61,0.2
2025-03-03,SKU-1033,WH-03,273,120,251,0.2
2025-03-03,SKU-1034,WH-03,297,80,186,0.2
2025-03-03,SKU-1035,WH-03,396,80,165,0.2
2025-03-03,SKU-1036,WH-03,0,120,244,0.2
2025-03-03,SKU-1037,WH-03,0,120,276,0.2
2025-03-03,SKU-1038,WH-03,349,80,177,0.2
2025-03-03,SKU-1039,WH-03,392,80,172,0.2
2025-03-03,SKU-1040,WH-03,297,120,226,0.2
2025-03-03,SKU-1041,WH-03,400,80,168,0.2
2025-03-03,SKU-1042,WH-03,455,80,190,0.2
2025-03-03,SKU-1043,WH-03,0,30,67,0.2
2025-03-03,SKU-1044,WH-03,256,80,151,0.2
2025-03-03,SKU-1045,WH-03,145,30,65,0.2
2025-03-03,SKU-1046,WH-03,635,120,276,0.2
2025-03-03,SKU-1047,WH-03,193,50,104,0.2
2025-03-03,SKU-1048,WH-03,78,30,66,0.2
2025-03-03,SKU-1049,WH-03,515,120,262,0.2
2025-03-03,SKU-1050,WH-03,430,120,223,0.2
2025-03-03,SKU-1051,WH-03,214,80,156,0.2
2025-03-03,SKU-1052,WH-03,602,120,261,0.2
2025-03-03,SKU-1053,WH-03,63,80,155,0.2
2025-03-03,SKU-1054,WH-03,381,80,156,0.2
2025-03-03,SKU-1055,WH-03,0,50,90,0.2
2025-03-03,SKU-1056,WH-03,269,120,267,0.2
2025-03-03,SKU-1057,WH-03,257,50,110,0.2
2025-03-03,SKU-1058,WH-03,96,30,66,0.2
2025-03-03,SKU-1059,WH-03,320,80,184,0.2
2025-03-03,SKU-1000,WH-04,0,120,276,0.2
2025-03-03,SKU-1001,WH-04,0,80,189,0.2
2025-03-03,SKU-1002,WH-04,174,50,95,0.2
2025-03-03,SKU-1003,WH-04,68,120,217,0.2
2025-03-03,SKU-1004,WH-04,107,30,64,0.2
2025-03-03,SKU-1005,WH-04,252,50,106,0.2
2025-03-03,SKU-1006,WH-04,20,30,70,0.2
2025-03-03,SKU-1007,WH-04,86,30,71,0.2
2025-03-03,SKU-1008,WH-04,2,30,63,0.2
2025-03-03,SKU-1009,WH-04,238,50,110,0.2
2025-03-03,SKU-1010,WH-04,274,120,240,0.2
2025-03-03,SKU-1011,WH-04,131,30,71,0.2
2025-03-03,SKU-1012,WH-04,75,30,56,0.2
2025-03-03,SKU-1013,WH-04,39,80,167,0.2
2025-03-03,SKU-1014,WH-04,38,50,93,0.2
2025-03-03,SKU-1015,WH-04,0,80,175,0.2
2025-03-03,SKU-1016,WH-04,0,50,101,0.2
2025-03-03,SKU-1017,WH-04,468,120,227,0.2
2025-03-03,SKU-1018,WH-04,235,50,100,0.2
2025-03-03,SKU-1019,WH-04,403,120,230,0.2
2025-03-03,SKU-1020,WH-04,193,80,157,0.2
2025-03-03,SKU-1021,WH-04,392,120,269,0.2
2025-03-03,SKU-1022,WH-04,253,80,189,0.2
2025-03-03,SKU-1023,WH-04,350,80,171,0.2
2025-03-03,SKU-1024,WH-04,378,120,262,0.2
2025-03-03,SKU-1025,WH-04,85,30,54,0.2
2025-03-03,SKU-1026,WH-04,414,80,171,0.2
2025-03-03,SKU-1027,WH-04,290,80,168,0.2
2025-03-03,SKU-1028,WH-04,199,80,176,0.2
2025-03-03,SKU-1029,WH-04,61,30,60,0.2
2025-03-03,SKU-1030,WH-04,136,50,103,0.2
2025-03-03,SKU-1031,WH-04,103,30,60,0.2
2025-03-03,SKU-1032,WH-04,216,50,98,0.2
2025-03-03,SKU-1033,WH-04,363,120,239,0.2
2025-03-03,SKU-1034,WH-04,299,80,152,0.2
2025-03-03,SKU-1035,WH-04,82,30,71,0.2
2025-03-03,SKU-1036,WH-04,143,30,69,0.2
2025-03-03,SKU-1037,WH-04,371,120,237,0.2
2025-03-03,SKU-1038,WH-04,218,50,114,0.2
2025-03-03,SKU-1039,WH-04,0,50,114,0.2
2025-03-03,SKU-1040,WH-04,0,120,278,0.2
2025-03-03,SKU-1041,WH-04,398,80,177,0.2
2025-03-03,SKU-1042,WH-04,222,80,164,0.2
2025-03-03,SKU-1043,WH-04,124,30,70,0.2
2025-03-03,SKU-1044,WH-04,208,50,104,0.2
2025-03-03,SKU-1045,WH-04,191,50,114,0.2
2025-03-03,SKU-1046,WH-04,333,80,181,0.2
2025-03-03,SKU-1047,WH-04,66,30,60,0.2
2025-03-03,SKU-1048,WH-04,523,120,267,0.2
2025-03-03,SKU-1049,WH-04,150,30,71,0.2
2025-03-03,SKU-1050,WH-04,269,50,108,0.2
2025-03-03,SKU-1051,WH-04,178,80,160,0.2
2025-03-03,SKU-1052,WH-04,167,50,90,0.2
2025-03-03,SKU-1053,WH-04,518,120,230,0.2
2025-03-03,SKU-1054,WH-04,0,80,184,0.2
2025-03-03,SKU-1055,WH-04,182,50,90,0.2
2025-03-03,SKU-1056,WH-04,222,80,176,0.2
2025-03-03,SKU-1057,WH-04,468,120,262,0.2
2025-03-03,SKU-1058,WH-04,219,50,105,0.2
2025-03-03,SKU-1059,WH-04,247,80,149,0.2
2025-03-10,SKU-1000,WH-01,393,120,238,0.2
2025-03-10,SKU-1001,WH-01,83,30,60,0.2
2025-03-10,SKU-1002,WH-01,81,30,61,0.2
2025-03-10,SKU-1003,WH-01,357,80,156,0.2
2025-03-10,SKU-1004,WH-01,145,50,114,0.2
2025-03-10,SKU-1005,WH-01,5,80,147,0.2
2025-03-10,SKU-1006,WH-01,84,30,71,0.2
2025-03-10,SKU-1007,WH-01,19,80,162,0.2
2025-03-10,SKU-1008,WH-01,111,30,65,0.2
2025-03-10,SKU-1009,WH-01,205,50,110,0.2
2025-03-10,SKU-1010,WH-01,130,30,61,0.2
2025-03-10,SKU-1011,WH-01,217,50,109,0.2
2025-03-10,SKU-1012,WH-01,223,50,95,0.2
2025-03-10,SKU-1013,WH-01,270,50,113,0.2
2025-03-10,SKU-1014,WH-01,196,50,114,0.2
2025-03-10,SKU-1015,WH-01,262,80,156,0.2
2025-03-10,SKU-1016,WH-01,148,50,90,0.2
2025-03-10,SKU-1017,WH-01,26,30,69,0.2
2025-03-10,SKU-1018,WH-01,18,30,59,0.2
2025-03-10,SKU-1019,WH-01,73,30,64,0.2
2025-03-10,SKU-1020,WH-01,209,50,107,0.2
2025-03-10,SKU-1021,WH-01,222,50,91,0.2
2025-03-10,SKU-1022,WH-01,79,30,66,0.2
2025-03-10,SKU-1023,WH-01,201,80,172,0.2
2025-03-10,SKU-1024,WH-01,77,80,158,0.2
2025-03-10,SKU-1025,WH-01,369,80,169,0.2
2025-03-10,SKU-1026,WH-01,133,30,63,0.2
2025-03-10,SKU-1027,WH-01,181,50,98,0.2
2025-03-10,SKU-1028,WH-01,116,30,60,0.2
2025-03-10,SKU-1029,WH-01,201,50,90,0.2
2025-03-10,SKU-1030,WH-01,307,80,164,0.2
2025-03-10,SKU-1031,WH-01,121,30,66,0.2
2025-03-10,SKU-1032,WH-01,70,30,69,0.2
2025-03-10,SKU-1033,WH-01,206,80,179,0.2
2025-03-10,SKU-1034,WH-01,49,80,180,0.2
2025-03-10,SKU-1035,WH-01,531,120,231,0.2
2025-03-10,SKU-1036,WH-01,322,120,218,0.2
2025-03-10,SKU-1037,WH-01,346,80,147,0.2
2025-03-10,SKU-1038,WH-01,184,80,158,0.2
2025-03-10,SKU-1039,WH-01,126,30,57,0.2
2025-03-10,SKU-1040,WH-01,73,30,56,0.2
2025-03-10,SKU-1041,WH-01,449,120,217,0.2
2025-03-10,SKU-1042,WH-01,190,50,93,0.2
2025-03-10,SKU-1043,WH-01,107,30,58,0.2
2025-03-10,SKU-1044,WH-01,249,50,100,0.2
2025-03-10,SKU-1045,WH-01,372,80,178,0.2
2025-03-10,SKU-1046,WH-01,259,80,150,0.2
2025-03-10,SKU-1047,WH-01,22,120,216,0.2
2025-03-10,SKU-1048,WH-01,134,30,62,0.2
2025-03-10,SKU-1049,WH-01,156,50,109,0.2
2025-03-10,SKU-1050,WH-01,417,120,275,0.2
2025-03-10,SKU-1051,WH-01,448,120,242,0.2
2025-03-10,SKU-1052,WH-01,272,80,185,0.2
2025-03-10,SKU-1053,WH-01,166,30,68,0.2
2025-03-10,SKU-1054,WH-01,201,50,97,0.2
2025-03-10,SKU-1055,WH-01,248,50,116,0.2
2025-03-10,SKU-1056,WH-01,9,30,66,0.2
2025-03-10,SKU-1057,WH-01,12,80,157,0.2
2025-03-10,SKU-1058,WH-01,395,80,164,0.2
2025-03-10,SKU-1059,WH-01,343,80,190,0.2
2025-03-10,SKU-1000,WH-02,283,120,237,0.2
2025-03-10,SKU-1001,WH-02,37,80,153,0.2
2025-03-10,SKU-1002,WH-02,0,50,107,0.2
2025-03-10,SKU-1003,WH-02,308,80,172,0.2
2025-03-10,SKU-1004,WH-02,194,50,91,0.2
2025-03-10,SKU-1005,WH-02,278,80,149,0.2
2025-03-10,SKU-1006,WH-02,371,80,179,0.2
2025-03-10,SKU-1007,WH-02,199,80,190,0.2
2025-03-10,SKU-1008,WH-02,198,50,100,0.2
2025-03-10,SKU-1009,WH-02,13,80,145,0.2
2025-03-10,SKU-1010,WH-02,386,120,249,0.2
2025-03-10,SKU-1011,WH-02,306,80,147,0.2
2025-03-10,SKU-1012,WH-02,0,80,189,0.2
2025-03-10,SKU-1013,WH-02,440,80,183,0.2
2025-03-10,SKU-1014,WH-02,268,80,162,0.2
2025-03-10,SKU-1015,WH-02,138,30,62,0.2
2025-03-10,SKU-1016,WH-02,291,80,181,0.2
2025-03-10,SKU-1017,WH-02,140,50,94,0.2
2025-03-10,SKU-1018,WH-02,0,80,184,0.2
2025-03-10,SKU-1019,WH-02,136,50,110,0.2
2025-03-10,SKU-1020,WH-02,351,80,177,0.2
2025-03-10,SKU-1021,WH-02,248,80,191,0.2
2025-03-10,SKU-1022,WH-02,83,30,64,0.2
2025-03-10,SKU-1023,WH-02,45,50,103,0.2
2025-03-10,SKU-1024,WH-02,127,30,66,0.2
2025-03-10,SKU-1025,WH-02,9,50,113,0.2
2025-03-10,SKU-1026,WH-02,338,80,144,0.2
2025-03-10,SKU-1027,WH-02,416,120,254,0.2
2025-03-10,SKU-1028,WH-02,348,120,245,0.2
2025-03-10,SKU-1029,WH-02,215,50,101,0.2
2025-03-10,SKU-1030,WH-02,234,80,151,0.2
2025-03-10,SKU-1031,WH-02,321,80,156,0.2
2025-03-10,SKU-1032,WH-02,101,30,56,0.2
2025-03-10,SKU-1033,WH-02,179,50,110,0.2
2025-03-10,SKU-1034,WH-02,147,50,106,0.2
2025-03-10,SKU-1035,WH-02,371,120,249,0.2
2025-03-10,SKU-1036,WH-02,126,30,60,0.2
2025-03-10,SKU-1037,WH-02,348,80,167,0.2
2025-03-10,SKU-1038,WH-02,583,120,282,0.2
2025-03-10,SKU-1039,WH-02,215,50,114,0.2
2025-03-10,SKU-1040,WH-02,0,120,282,0.2
2025-03-10,SKU-1041,WH-02,80,30,58,0.2
2025-03-10,SKU-1042,WH-02,113,30,65,0.2
2025-03-10,SKU-1043,WH-02,12,30,66,0.2
2025-03-10,SKU-1044,WH-02,254,80,149,0.2
2025-03-10,SKU-1045,WH-02,518,120,286,0.2
2025-03-10,SKU-1046,WH-02,482,120,267,0.2
2025-03-10,SKU-1047,WH-02,218,50,93,0.2
2025-03-10,SKU-1048,WH-02,13,30,59,0.2
2025-03-10,SKU-1049,WH-02,346,80,183,0.2
2025-03-10,SKU-1050,WH-02,111,30,62,0.2
2025-03-10,SKU-1051,WH-02,7,80,164,0.2
2025-03-10,SKU-1052,WH-02,229,120,223,0.2
2025-03-10,SKU-1053,WH-02,161,30,67,0.2
2025-03-10,SKU-1054,WH-02,102,50,101,0.2
2025-03-10,SKU-1055,WH-02,67,80,153,0.2
2025-03-10,SKU-1056,WH-02,364,80,175,0.2
2025-03-10,SKU-1057,WH-02,0,120,236,0.2
2025-03-10,SKU-1058,WH-02,383,120,226,0.2
2025-03-10,SKU-1059,WH-02,56,30,56,0.2
2025-03-10,SKU-1000,WH-03,265,120,230,0.2
2025-03-10,SKU-1001,WH-03,275,120,231,0.2
2025-03-10,SKU-1002,WH-03,0,80,149,0.2
2025-03-10,SKU-1003,WH-03,338,120,258,0.2
2025-03-10,SKU-1004,WH-03,132,30,56,0.2
2025-03-10,SKU-1005,WH-03,481,120,281,0.2
2025-03-10,SKU-1006,WH-03,52,120,279,0.2
2025-03-10,SKU-1007,WH-03,116,30,64,0.2
2025-03-10,SKU-1008,WH-03,79,30,59,0.2
2025-03-10,SKU-1009,WH-03,66,30,61,0.2
2025-03-10,SKU-1010,WH-03,101,30,54,0.2
2025-03-10,SKU-1011,WH-03,345,80,186,0.2
2025-03-10,SKU-1012,WH-03,450,120,232,0.2
2025-03-10,SKU-1013,WH-03,262,50,119,0.2
2025-03-10,SKU-1014,WH-03,264,80,180,0.2
2025-03-10,SKU-1015,WH-03,338,80,164,0.2
2025-03-10,SKU-1016,WH-03,107,30,61,0.2
2025-03-10,SKU-1017,WH-03,186,50,94,0.2
2025-03-10,SKU-1018,WH-03,152,50,107,0.2
2025-03-10,SKU-1019,WH-03,415,120,274,0.2
2025-03-10,SKU-1020,WH-03,350,80,155,0.2
2025-03-10,SKU-1021,WH-03,230,50,97,0.2
2025-03-10,SKU-1022,WH-03,0,30,59,0.2
2025-03-10,SKU-1023,WH-03,252,50,110,0.2
2025-03-10,SKU-1024,WH-03,107,30,54,0.2
2025-03-10,SKU-1025,WH-03,98,30,71,0.2
2025-03-10,SKU-1026,WH-03,0,120,263,0.2
2025-03-10,SKU-1027,WH-03,313,80,180,0.2
2025-03-10,SKU-1028,WH-03,106,30,61,0.2
2025-03-10,SKU-1029,WH-03,158,50,106,0.2
2025-03-10,SKU-1030,WH-03,346,120,284,0.2
2025-03-10,SKU-1031,WH-03,546,120,267,0.2
2025-03-10,SKU-1032,WH-03,226,50,106,0.2
2025-03-10,SKU-1033,WH-03,351,120,220,0.2
2025-03-10,SKU-1034,WH-03,364,80,188,0.2
2025-03-10,SKU-1035,WH-03,235,120,235,0.2
2025-03-10,SKU-1036,WH-03,147,30,68,0.2
2025-03-10,SKU-1037,WH-03,415,80,181,0.2
2025-03-10,SKU-1038,WH-03,138,30,67,0.2
2025-03-10,SKU-1039,WH-03,96,30,58,0.2
2025-03-10,SKU-1040,WH-03,525,120,280,0.2
2025-03-10,SKU-1041,WH-03,123,50,103,0.2
2025-03-10,SKU-1042,WH-03,223,80,162,0.2
2025-03-10,SKU-1043,WH-03,115,120,286,0.2
2025-03-10,SKU-1044,WH-03,34,120,245,0.2
2025-03-10,SKU-1045,WH-03,268,50,119,0.2
2025-03-10,SKU-1046,WH-03,338,80,171,0.2
2025-03-10,SKU-1047,WH-03,154,50,97,0.2
2025-03-10,SKU-1048,WH-03,596,120,267,0.2
2025-03-10,SKU-1049,WH-03,107,30,64,0.2
2025-03-10,SKU-1050,WH-03,110,30,68,0.2
2025-03-10,SKU-1051,WH-03,22,30,65,0.2
2025-03-10,SKU-1052,WH-03,112,30,66,0.2
2025-03-10,SKU-1053,WH-03,136,50,116,0.2
2025-03-10,SKU-1054,WH-03,206,50,102,0.2
2025-03-10,SKU-1055,WH-03,79,30,66,0.2
2025-03-10,SKU-1056,WH-03,201,80,161,0.2
2025-03-10,SKU-1057,WH-03,116,30,54,0.2
2025-03-10,SKU-1058,WH-03,143,30,64,0.2
2025-03-10,SKU-1059,WH-03,0,30,56,0.2
2025-03-10,SKU-1000,WH-04,365,120,286,0.2
2025-03-10,SKU-1001,WH-04,315,80,189,0.2
2025-03-10,SKU-1002,WH-04,559,120,259,0.2
2025-03-10,SKU-1003,WH-04,405,80,179,0.2
2025-03-10,SKU-1004,WH-04,79,30,66,0.2
2025-03-10,SKU-1005,WH-04,4,30,57,0.2
2025-03-10,SKU-1006,WH-04,144,50,91,0.2
2025-03-10,SKU-1007,WH-04,28,30,63,0.2
2025-03-10,SKU-1008,WH-04,209,80,159,0.2
2025-03-10,SKU-1009,WH-04,17,30,61,0.2
2025-03-10,SKU-1010,WH-04,272,50,119,0.2
2025-03-10,SKU-1011,WH-04,0,120,260,0.2
2025-03-10,SKU-1012,WH-04,291,120,275,0.2
2025-03-10,SKU-1013,WH-04,492,120,227,0.2
2025-03-10,SKU-1014,WH-04,0,50,105,0.2
2025-03-10,SKU-1015,WH-04,0,80,189,0.2
2025-03-10,SKU-1016,WH-04,33,120,250,0.2
2025-03-10,SKU-1017,WH-04,20,30,60,0.2
2025-03-10,SKU-1018,WH-04,4,80,154,0.2
2025-03-10,SKU-1019,WH-04,0,30,69,0.2
2025-03-10,SKU-1020,WH-04,178,50,104,0.2
2025-03-10,SKU-1021,WH-04,454,120,226,0.2
2025-03-10,SKU-1022,WH-04,80,30,70,0.2
2025-03-10,SKU-1023,WH-04,52,80,178,0.2
2025-03-10,SKU-1024,WH-04,99,50,92,0.2
2025-03-10,SKU-1025,WH-04,120,30,62,0.2
2025-03-10,SKU-1026,WH-04,164,80,157,0.2
2025-03-10,SKU-1027,WH-04,209,50,114,0.2
2025-03-10,SKU-1028,WH-04,156,30,67,0.2
2025-03-10,SKU-1029,WH-04,217,50,111,0.2
2025-03-10,SKU-1030,WH-04,291,80,173,0.2
2025-03-10,SKU-1031,WH-04,129,30,67,0.2
2025-03-10,SKU-1032,WH-04,108,30,71,0.2
2025-03-10,SKU-1033,WH-04,25,50,92,0.2
2025-03-10,SKU-1034,WH-04,76,80,155,0.2
2025-03-10,SKU-1035,WH-04,190,80,149,0.2
2025-03-10,SKU-1036,WH-04,164,30,67,0.2
2025-03-10,SKU-1037,WH-04,157,30,66,0.2
2025-03-10,SKU-1038,WH-04,254,50,114,0.2
2025-03-10,SKU-1039,WH-04,244,50,104,0.2
2025-03-10,SKU-1040,WH-04,233,80,145,0.2
2025-03-10,SKU-1041,WH-04,171,50,119,0.2
2025-03-10,SKU-1042,WH-04,255,80,186,0.2
2025-03-10,SKU-1043,WH-04,97,30,69,0.2
2025-03-10,SKU-1044,WH-04,4,80,150,0.2
2025-03-10,SKU-1045,WH-04,375,120,237,0.2
2025-03-10,SKU-1046,WH-04,0,50,90,0.2
2025-03-10,SKU-1047,WH-04,111,50,106,0.2
2025-03-10,SKU-1048,WH-04,309,120,269,0.2
2025-03-10,SKU-1049,WH-04,319,80,159,0.2
2025-03-10,SKU-1050,WH-04,207,50,118,0.2
2025-03-10,SKU-1051,WH-04,146,50,106,0.2
2025-03-10,SKU-1052,WH-04,120,30,64,0.2
2025-03-10,SKU-1053,WH-04,142,30,68,0.2
2025-03-10,SKU-1054,WH-04,421,120,267,0.2
2025-03-10,SKU-1055,WH-04,142,50,96,0.2
2025-03-10,SKU-1056,WH-04,323,80,158,0.2
2025-03-10,SKU-1057,WH-04,381,120,232,0.2
2025-03-10,SKU-1058,WH-04,99,50,90,0.2
2025-03-10,SKU-1059,WH-04,409,120,223,0.2
2025-03-17,SKU-1000,WH-01,293,80,164,0.2
2025-03-17,SKU-1001,WH-01,73,80,170,0.2
2025-03-17,SKU-1002,WH-01,217,50,117,0.2
2025-03-17,SKU-1003,WH-01,225,50,119,0.2
2025-03-17,SKU-1004,WH-01,626,120,280,0.2
2025-03-17,SKU-1005,WH-01,604,120,254,0.2
2025-03-17,SKU-1006,WH-01,129,30,61,0.2
2025-03-17,SKU-1007,WH-01,607,120,276,0.2
2025-03-17,SKU-1008,WH-01,391,80,177,0.2
2025-03-17,SKU-1009,WH-01,549,120,236,0.2
2025-03-17,SKU-1010,WH-01,443,80,180,0.2
2025-03-17,SKU-1011,WH-01,57,30,57,0.2
2025-03-17,SKU-1012,WH-01,24,30,70,0.2
2025-03-17,SKU-1013,WH-01,203,80,165,0.2
2025-03-17,SKU-1014,WH-01,178,50,90,0.2
2025-03-17,SKU-1015,WH-01,200,50,118,0.2
2025-03-17,SKU-1016,WH-01,0,120,219,0.2
2025-03-17,SKU-1017,WH-01,509,120,278,0.2
2025-03-17,SKU-1018,WH-01,421,80,172,0.2
2025-03-17,SKU-1019,WH-01,37,50,115,0.2
2025-03-17,SKU-1020,WH-01,179,50,102,0.2
2025-03-17,SKU-1021,WH-01,409,80,168,0.2
2025-03-17,SKU-1022,WH-01,297,80,162,0.2
2025-03-17,SKU-1023,WH-01,325,120,280,0.2
2025-03-17,SKU-1024,WH-01,104,120,249,0.2
2025-03-17,SKU-1025,WH-01,140,50,108,0.2
2025-03-17,SKU-1026,WH-01,0,30,67,0.2
2025-03-17,SKU-1027,WH-01,72,80,156,0.2
2025-03-17,SKU-1028,WH-01,566,120,253,0.2
2025-03-17,SKU-1029,WH-01,0,80,172,0.2
2025-03-17,SKU-1030,WH-01,105,30,55,0.2
2025-03-17,SKU-1031,WH-01,176,50,101,0.2
2025-03-17,SKU-1032,WH-01,327,80,165,0.2
2025-03-17,SKU-1033,WH-01,97,30,58,0.2
2025-03-17,SKU-1034,WH-01,22,30,61,0.2
2025-03-17,SKU-1035,WH-01,385,80,190,0.2
2025-03-17,SKU-1036,WH-01,586,120,267,0.2
2025-03-17,SKU-1037,WH-01,6,30,57,0.2
2025-03-17,SKU-1038,WH-01,71,30,62,0.2
2025-03-17,SKU-1039,WH-01,113,120,224,0.2
2025-03-17,SKU-1040,WH-01,325,80,155,0.2
2025-03-17,SKU-1041,WH-01,216,50,104,0.2
2025-03-17,SKU-1042,WH-01,387,80,176,0.2
2025-03-17,SKU-1043,WH-01,228,50,105,0.2
2025-03-17,SKU-1044,WH-01,249,50,114,0.2
2025-03-17,SKU-1045,WH-01,145,30,60,0.2
2025-03-17,SKU-1046,WH-01,120,50,114,0.2
2025-03-17,SKU-1047,WH-01,286,80,188,0.2
2025-03-17,SKU-1048,WH-01,243,80,156,0.2
2025-03-17,SKU-1049,WH-01,262,120,261,0.2
2025-03-17,SKU-1050,WH-01,387,120,286,0.2
2025-03-17,SKU-1051,WH-01,390,80,159,0.2
2025-03-17,SKU-1052,WH-01,334,120,271,0.2
2025-03-17,SKU-1053,WH-01,510,120,254,0.2
2025-03-17,SKU-1054,WH-01,248,120,230,0.2
2025-03-17,SKU-1055,WH-01,168,50,90,0.2
2025-03-17,SKU-1056,WH-01,449,80,180,0.2
2025-03-17,SKU-1057,WH-01,0,50,90,0.2
2025-03-17,SKU-1058,WH-01,174,50,93,0.2
2025-03-17,SKU-1059,WH-01,71,30,66,0.2
2025-03-17,SKU-1000,WH-02,0,50,102,0.2
2025-03-17,SKU-1001,WH-02,284,80,175,0.2
2025-03-17,SKU-1002,WH-02,26,30,71,0.2
2025-03-17,SKU-1003,WH-02,441,120,233,0.2
2025-03-17,SKU-1004,WH-02,75,30,65,0.2
2025-03-17,SKU-1005,WH-02,4,50,94,0.2
2025-03-17,SKU-1006,WH-02,77,30,67,0.2
2025-03-17,SKU-1007,WH-02,523,120,226,0.2
2025-03-17,SKU-1008,WH-02,101,30,57,0.2
2025-03-17,SKU-1009,WH-02,180,50,90,0.2
2025-03-17,SKU-1010,WH-02,147,30,60,0.2
2025-03-17,SKU-1011,WH-02,80,30,66,0.2
2025-03-17,SKU-1012,WH-02,501,120,268,0.2
2025-03-17,SKU-1013,WH-02,0,30,63,0.2
2025-03-17,SKU-1014,WH-02,13,30,60,0.2
2025-03-17,SKU-1015,WH-02,194,50,118,0.2
2025-03-17,SKU-1016,WH-02,148,30,61,0.2
2025-03-17,SKU-1017,WH-02,410,80,172,0.2
2025-03-17,SKU-1018,WH-02,104,50,93,0.2
2025-03-17,SKU-1019,WH-02,185,80,184,0.2
2025-03-17,SKU-1020,WH-02,303,80,151,0.2
2025-03-17,SKU-1021,WH-02,557,120,267,0.2
2025-03-17,SKU-1022,WH-02,36,50,108,0.2
2025-03-17,SKU-1023,WH-02,125,50,118,0.2
2025-03-17,SKU-1024,WH-02,272,80,177,0.2
2025-03-17,SKU-1025,WH-02,192,50,102,0.2
2025-03-17,SKU-1026,WH-02,152,50,94,0.2
2025-03-17,SKU-1027,WH-02,132,50,101,0.2
2025-03-17,SKU-1028,WH-02,113,50,102,0.2
2025-03-17,SKU-1029,WH-02,185,50,119,0.2
2025-03-17,SKU-1030,WH-02,0,50,93,0.2
2025-03-17,SKU-1031,WH-02,126,30,59,0.2
2025-03-17,SKU-1032,WH-02,101,30,68,0.2
2025-03-17,SKU-1033,WH-02,641,120,273,0.2
2025-03-17,SKU-1034,WH-02,3,30,60,0.2
2025-03-17,SKU-1035,WH-02,74,30,60,0.2
2025-03-17,SKU-1036,WH-02,280,120,237,0.2
2025-03-17,SKU-1037,WH-02,115,50,91,0.2
2025-03-17,SKU-1038,WH-02,68,30,67,0.2
2025-03-17,SKU-1039,WH-02,261,120,223,0.2
2025-03-17,SKU-1040,WH-02,144,50,102,0.2
2025-03-17,SKU-1041,WH-02,0,30,61,0.2
2025-03-17,SKU-1042,WH-02,17,50,101,0.2
2025-03-17,SKU-1043,WH-02,117,30,62,0.2
2025-03-17,SKU-1044,WH-02,181,80,173,0.2
2025-03-17,SKU-1045,WH-02,70,30,65,0.2
2025-03-17,SKU-1046,WH-02,23,30,65,0.2
2025-03-17,SKU-1047,WH-02,206,80,164,0.2
2025-03-17,SKU-1048,WH-02,383,80,174,0.2
2025-03-17,SKU-1049,WH-02,95,30,62,0.2
2025-03-17,SKU-1050,WH-02,155,50,118,0.2
2025-03-17,SKU-1051,WH-02,415,80,168,0.2
2025-03-17,SKU-1052,WH-02,251,80,176,0.2
2025-03-17,SKU-1053,WH-02,33,80,186,0.2
2025-03-17,SKU-1054,WH-02,667,120,268,0.2
2025-03-17,SKU-1055,WH-02,385,80,162,0.2
2025-03-17,SKU-1056,WH-02,14,80,172,0.2
2025-03-17,SKU-1057,WH-02,0,80,184,0.2
2025-03-17,SKU-1058,WH-02,174,50,104,0.2
2025-03-17,SKU-1059,WH-02,0,50,98,0.2
2025-03-17,SKU-1000,WH-03,62,30,61,0.2
2025-03-17,SKU-1001,WH-03,119,50,110,0.2
2025-03-17,SKU-1002,WH-03,347,120,246,0.2
2025-03-17,SKU-1003,WH-03,80,30,57,0.2
2025-03-17,SKU-1004,WH-03,155,50,107,0.2
2025-03-17,SKU-1005,WH-03,109,120,227,0.2
2025-03-17,SKU-1006,WH-03,244,120,239,0.2
2025-03-17,SKU-1007,WH-03,106,30,63,0.2
2025-03-17,SKU-1008,WH-03,95,30,66,0.2
2025-03-17,SKU-1009,WH-03,0,30,55,0.2
2025-03-17,SKU-1010,WH-03,133,50,101,0.2
2025-03-17,SKU-1011,WH-03,64,30,60,0.2
2025-03-17,SKU-1012,WH-03,79,30,71,0.2
2025-03-17,SKU-1013,WH-03,270,80,161,0.2
2025-03-17,SKU-1014,WH-03,178,50,115,0.2
2025-03-17,SKU-1015,WH-03,380,120,234,0.2
2025-03-17,SKU-1016,WH-03,224,80,172,0.2
2025-03-17,SKU-1017,WH-03,248,50,105,0.2
2025-03-17,SKU-1018,WH-03,293,120,246,0.2
2025-03-17,SKU-1019,WH-03,169,80,144,0.2
2025-03-17,SKU-1020,WH-03,313,120,217,0.2
2025-03-17,SKU-1021,WH-03,157,50,98,0.2
2025-03-17,SKU-1022,WH-03,71,30,70,0.2
2025-03-17,SKU-1023,WH-03,98,120,216,0.2
2025-03-17,SKU-1024,WH-03,192,50,93,0.2
2025-03-17,SKU-1025,WH-03,415,120,239,0.2
2025-03-17,SKU-1026,WH-03,73,30,55,0.2
2025-03-17,SKU-1027,WH-03,546,120,251,0.2
2025-03-17,SKU-1028,WH-03,241,80,188,0.2
2025-03-17,SKU-1029,WH-03,336,80,173,0.2
2025-03-17,SKU-1030,WH-03,133,30,65,0.2
2025-03-17,SKU-1031,WH-03,291,120,218,0.2
2025-03-17,SKU-1032,WH-03,54,80,145,0.2
2025-03-17,SKU-1033,WH-03,142,30,62,0.2
2025-03-17,SKU-1034,WH-03,41,50,91,0.2
2025-03-17,SKU-1035,WH-03,247,50,101,0.2
2025-03-17,SKU-1036,WH-03,362,80,182,0.2
2025-03-17,SKU-1037,WH-03,212,50,107,0.2
2025-03-17,SKU-1038,WH-03,428,120,272,0.2
2025-03-17,SKU-1039,WH-03,275,50,113,0.2
2025-03-17,SKU-1040,WH-03,103,30,68,0.2
2025-03-17,SKU-1041,WH-03,134,50,100,0.2
2025-03-17,SKU-1042,WH-03,63,30,55,0.2
2025-03-17,SKU-1043,WH-03,461,120,241,0.2
2025-03-17,SKU-1044,WH-03,81,30,58,0.2
2025-03-17,SKU-1045,WH-03,368,80,158,0.2
2025-03-17,SKU-1046,WH-03,125,30,68,0.2
2025-03-17,SKU-1047,WH-03,97,120,261,0.2
2025-03-17,SKU-1048,WH-03,115,30,55,0.2
2025-03-17,SKU-1049,WH-03,395,80,163,0.2
2025-03-17,SKU-1050,WH-03,587,120,258,0.2
2025-03-17,SKU-1051,WH-03,121,30,70,0.2
2025-03-17,SKU-1052,WH-03,141,30,60,0.2
2025-03-17,SKU-1053,WH-03,23,50,113,0.2
2025-03-17,SKU-1054,WH-03,9,30,63,0.2
2025-03-17,SKU-1055,WH-03,0,120,268,0.2
2025-03-17,SKU-1056,WH-03,367,80,183,0.2
2025-03-17,SKU-1057,WH-03,193,50,115,0.2
2025-03-17,SKU-1058,WH-03,21,50,115,0.2
2025-03-17,SKU-1059,WH-03,0,30,65,0.2
2025-03-17,SKU-1000,WH-04,46,50,91,0.2
2025-03-17,SKU-1001,WH-04,362,80,176,0.2
2025-03-17,SKU-1002,WH-04,142,30,58,0.2
2025-03-17,SKU-1003,WH-04,360,120,256,0.2
2025-03-17,SKU-1004,WH-04,0,50,110,0.2
2025-03-17,SKU-1005,WH-04,0,30,69,0.2
2025-03-17,SKU-1006,WH-04,0,120,220,0.2
2025-03-17,SKU-1007,WH-04,337,120,235,0.2
2025-03-17,SKU-1008,WH-04,241,50,108,0.2
2025-03-17,SKU-1009,WH-04,131,30,59,0.2
2025-03-17,SKU-1010,WH-04,4,80,181,0.2
2025-03-17,SKU-1011,WH-04,221,80,172,0.2
2025-03-17,SKU-1012,WH-04,129,30,58,0.2
2025-03-17,SKU-1013,WH-04,609,120,252,0.2
2025-03-17,SKU-1014,WH-04,275,80,148,0.2
2025-03-17,SKU-1015,WH-04,234,50,94,0.2
2025-03-17,SKU-1016,WH-04,102,120,264,0.2
2025-03-17,SKU-1017,WH-04,223,50,104,0.2
2025-03-17,SKU-1018,WH-04,135,50,94,0.2
2025-03-17,SKU-1019,WH-04,0,120,216,0.2
2025-03-17,SKU-1020,WH-04,196,50,113,0.2
2025-03-17,SKU-1021,WH-04,54,80,185,0.2
2025-03-17,SKU-1022,WH-04,625,120,265,0.2
2025-03-17,SKU-1023,WH-04,439,80,184,0.2
2025-03-17,SKU-1024,WH-04,138,30,68,0.2
2025-03-17,SKU-1025,WH-04,102,30,59,0.2
2025-03-17,SKU-1026,WH-04,136,30,56,0.2
2025-03-17,SKU-1027,WH-04,301,80,152,0.2
2025-03-17,SKU-1028,WH-04,0,30,54,0.2
2025-03-17,SKU-1029,WH-04,270,120,220,0.2
2025-03-17,SKU-1030,WH-04,155,30,63,0.2
2025-03-17,SKU-1031,WH-04,0,80,183,0.2
2025-03-17,SKU-1032,WH-04,319,120,255,0.2
2025-03-17,SKU-1033,WH-04,65,30,59,0.2
2025-03-17,SKU-1034,WH-04,272,80,190,0.2
2025-03-17,SKU-1035,WH-04,532,120,279,0.2
2025-03-17,SKU-1036,WH-04,162,50,118,0.2
2025-03-17,SKU-1037,WH-04,137,30,64,0.2
2025-03-17,SKU-1038,WH-04,192,80,154,0.2
2025-03-17,SKU-1039,WH-04,222,50,111,0.2
2025-03-17,SKU-1040,WH-04,170,50,112,0.2
2025-03-17,SKU-1041,WH-04,235,80,147,0.2
2025-03-17,SKU-1042,WH-04,84,120,254,0.2
2025-03-17,SKU-1043,WH-04,483,120,224,0.2
2025-03-17,SKU-1044,WH-04,185,80,164,0.2
2025-03-17,SKU-1045,WH-04,137,30,57,0.2
2025-03-17,SKU-1046,WH-04,66,30,54,0.2
2025-03-17,SKU-1047,WH-04,235,80,182,0.2
2025-03-17,SKU-1048,WH-04,87,30,62,0.2
2025-03-17,SKU-1049,WH-04,180,50,93,0.2
2025-03-17,SKU-1050,WH-04,253,80,180,0.2
2025-03-17,SKU-1051,WH-04,521,120,218,0.2
2025-03-17,SKU-1052,WH-04,487,120,276,0.2
2025-03-17,SKU-1053,WH-04,402,80,173,0.2
2025-03-17,SKU-1054,WH-04,187,80,157,0.2
2025-03-17,SKU-1055,WH-04,70,30,65,0.2
2025-03-17,SKU-1056,WH-04,134,50,112,0.2
2025-03-17,SKU-1057,WH-04,189,50,96,0.2
2025-03-17,SKU-1058,WH-04,150,80,147,0.2
2025-03-17,SKU-1059,WH-04,0,120,272,0.2
2025-03-24,SKU-1000,WH-01,16,30,61,0.2
2025-03-24,SKU-1001,WH-01,165,50,106,0.2
2025-03-24,SKU-1002,WH-01,0,50,109,0.2
2025-03-24,SKU-1003,WH-01,146,30,70,0.2
2025-03-24,SKU-1004,WH-01,336,120,229,0.2
2025-03-24,SKU-1005,WH-01,115,30,68,0.2
2025-03-24,SKU-1006,WH-01,79,80,156,0.2
2025-03-24,SKU-1007,WH-01,227,80,151,0.2
2025-03-24,SKU-1008,WH-01,126,50,98,0.2
2025-03-24,SKU-1009,WH-01,72,30,57,0.2
2025-03-24,SKU-1010,WH-01,137,30,66,0.2
2025-03-24,SKU-1011,WH-01,385,80,156,0.2
2025-03-24,SKU-1012,WH-01,602,120,275,0.2
2025-03-24,SKU-1013,WH-01,291,80,151,0.2
2025-03-24,SKU-1014,WH-01,575,120,242,0.2
2025-03-24,SKU-1015,WH-01,381,80,185,0.2
2025-03-24,SKU-1016,WH-01,149,50,106,0.2
2025-03-24,SKU-1017,WH-01,394,80,186,0.2
2025-03-24,SKU-1018,WH-01,162,50,115,0.2
2025-03-24,SKU-1019,WH-01,196,50,104,0.2
2025-03-24,SKU-1020,WH-01,77,30,61,0.2
2025-03-24,SKU-1021,WH-01,304,80,145,0.2
2025-03-24,SKU-1022,WH-01,232,50,95,0.2
2025-03-24,SKU-1023,WH-01,136,30,65,0.2
2025-03-24,SKU-1024,WH-01,0,30,54,0.2
2025-03-24,SKU-1025,WH-01,334,80,168,0.2
2025-03-24,SKU-1026,WH-01,117,50,115,0.2
2025-03-24,SKU-1027,WH-01,104,30,59,0.2
2025-03-24,SKU-1028,WH-01,227,50,119,0.2
2025-03-24,SKU-1029,WH-01,181,80,154,0.2
2025-03-24,SKU-1030,WH-01,22,50,93,0.2
2025-03-24,SKU-1031,WH-01,216,80,180,0.2
2025-03-24,SKU-1032,WH-01,22,50,92,0.2
2025-03-24,SKU-1033,WH-01,36,50,119,0.2
2025-03-24,SKU-1034,WH-01,502,120,270,0.2
2025-03-24,SKU-1035,WH-01,481,120,249,0.2
2025-03-24,SKU-1036,WH-01,130,50,99,0.2
2025-03-24,SKU-1037,WH-01,29,120,280,0.2
2025-03-24,SKU-1038,WH-01,109,50,104,0.2
2025-03-24,SKU-1039,WH-01,217,50,102,0.2
2025-03-24,SKU-1040,WH-01,468,120,222,0.2
2025-03-24,SKU-1041,WH-01,464,120,262,0.2
2025-03-24,SKU-1042,WH-01,387,80,183,0.2
2025-03-24,SKU-1043,WH-01,132,30,54,0.2
2025-03-24,SKU-1044,WH-01,126,30,55,0.2
2025-03-24,SKU-1045,WH-01,346,120,267,0.2
2025-03-24,SKU-1046,WH-01,67,80,151,0.2
2025-03-24,SKU-1047,WH-01,0,50,113,0.2
2025-03-24,SKU-1048,WH-01,84,120,238,0.2
2025-03-24,SKU-1049,WH-01,223,50,100,0.2
2025-03-24,SKU-1050,WH-01,102,120,233,0.2
2025-03-24,SKU-1051,WH-01,400,120,249,0.2
2025-03-24,SKU-1052,WH-01,358,80,153,0.2
2025-03-24,SKU-1053,WH-01,153,50,95,0.2
2025-03-24,SKU-1054,WH-01,119,30,61,0.2
2025-03-24,SKU-1055,WH-01,58,30,58,0.2
2025-03-24,SKU-1056,WH-01,236,50,118,0.2
2025-03-24,SKU-1057,WH-01,490,120,255,0.2
2025-03-24,SKU-1058,WH-01,221,80,144,0.2
2025-03-24,SKU-1059,WH-01,98,30,55,0.2
2025-03-24,SKU-1000,WH-02,0,30,64,0.2
2025-03-24,SKU-1001,WH-02,381,80,172,0.2
2025-03-24,SKU-1002,WH-02,279,80,179,0.2
2025-03-24,SKU-1003,WH-02,304,80,183,0.2
2025-03-24,SKU-1004,WH-02,99,30,55,0.2
2025-03-24,SKU-1005,WH-02,95,30,58,0.2
2025-03-24,SKU-1006,WH-02,194,80,191,0.2
2025-03-24,SKU-1007,WH-02,92,30,59,0.2
2025-03-24,SKU-1008,WH-02,0,80,147,0.2
2025-03-24,SKU-1009,WH-02,29,30,62,0.2
2025-03-24,SKU-1010,WH-02,176,80,144,0.2
2025-03-24,SKU-1011,WH-02,342,80,173,0.2
2025-03-24,SKU-1012,WH-02,211,50,110,0.2
2025-03-24,SKU-1013,WH-02,97,50,97,0.2
2025-03-24,SKU-1014,WH-02,129,30,57,0.2
2025-03-24,SKU-1015,WH-02,226,50,116,0.2
2025-03-24,SKU-1016,WH-02,578,120,247,0.2
2025-03-24,SKU-1017,WH-02,461,120,263,0.2
2025-03-24,SKU-1018,WH-02,0,30,67,0.2
2025-03-24,SKU-1019,WH-02,80,30,58,0.2
2025-03-24,SKU-1020,WH-02,235,50,100,0.2
2025-03-24,SKU-1021,WH-02,0,30,70,0.2
2025-03-24,SKU-1022,WH-02,231,80,187,0.2
2025-03-24,SKU-1023,WH-02,194,80,163,0.2
2025-03-24,SKU-1024,WH-02,189,80,151,0.2
2025-03-24,SKU-1025,WH-02,150,50,100,0.2
2025-03-24,SKU-1026,WH-02,106,30,55,0.2
2025-03-24,SKU-1027,WH-02,222,50,98,0.2
2025-03-24,SKU-1028,WH-02,147,30,66,0.2
2025-03-24,SKU-1029,WH-02,298,80,173,0.2
2025-03-24,SKU-1030,WH-02,443,80,184,0.2
2025-03-24,SKU-1031,WH-02,60,30,56,0.2
2025-03-24,SKU-1032,WH-02,24,30,63,0.2
2025-03-24,SKU-1033,WH-02,470,120,273,0.2
2025-03-24,SKU-1034,WH-02,126,30,66,0.2
2025-03-24,SKU-1035,WH-02,16,80,164,0.2
2025-03-24,SKU-1036,WH-02,197,50,98,0.2
2025-03-24,SKU-1037,WH-02,524,120,256,0.2
2025-03-24,SKU-1038,WH-02,121,30,65,0.2
2025-03-24,SKU-1039,WH-02,250,50,107,0.2
2025-03-24,SKU-1040,WH-02,238,50,108,0.2
2025-03-24,SKU-1041,WH-02,239,50,100,0.2
2025-03-24,SKU-1042,WH-02,503,120,231,0.2
2025-03-24,SKU-1043,WH-02,327,80,150,0.2
2025-03-24,SKU-1044,WH-02,72,30,69,0.2
2025-03-24,SKU-1045,WH-02,85,120,216,0.2
2025-03-24,SKU-1046,WH-02,316,80,156,0.2
2025-03-24,SKU-1047,WH-02,0,50,101,0.2
2025-03-24,SKU-1048,WH-02,288,80,161,0.2
2025-03-24,SKU-1049,WH-02,132,50,103,0.2
2025-03-24,SKU-1050,WH-02,216,80,170,0.2
2025-03-24,SKU-1051,WH-02,296,120,264,0.2
2025-03-24,SKU-1052,WH-02,117,50,97,0.2
2025-03-24,SKU-1053,WH-02,126,30,66,0.2
2025-03-24,SKU-1054,WH-02,227,50,104,0.2
2025-03-24,SKU-1055,WH-02,169,50,95,0.2
2025-03-24,SKU-1056,WH-02,98,30,67,0.2
2025-03-24,SKU-1057,WH-02,106,30,61,0.2
2025-03-24,SKU-1058,WH-02,0,50,99,0.2
2025-03-24,SKU-1059,WH-02,227,50,105,0.2
2025-03-24,SKU-1000,WH-03,90,30,63,0.2
2025-03-24,SKU-1001,WH-03,20,30,63,0.2
2025-03-24,SKU-1002,WH-03,486,120,283,0.2
2025-03-24,SKU-1003,WH-03,523,120,238,0.2
2025-03-24,SKU-1004,WH-03,168,50,93,0.2
2025-03-24,SKU-1005,WH-03,206,50,103,0.2
2025-03-24,SKU-1006,WH-03,427,120,266,0.2
2025-03-24,SKU-1007,WH-03,122,50,98,0.2
2025-03-24,SKU-1008,WH-03,121,30,68,0.2
2025-03-24,SKU-1009,WH-03,43,80,147,0.2
2025-03-24,SKU-1010,WH-03,66,30,64,0.2
2025-03-24,SKU-1011,WH-03,238,80,148,0.2
2025-03-24,SKU-1012,WH-03,142,30,59,0.2
2025-03-24,SKU-1013,WH-03,503,120,234,0.2
2025-03-24,SKU-1014,WH-03,436,120,255,0.2
2025-03-24,SKU-1015,WH-03,166,80,152,0.2
2025-03-24,SKU-1016,WH-03,178,50,113,0.2
2025-03-24,SKU-1017,WH-03,381,80,153,0.2
2025-03-24,SKU-1018,WH-03,138,50,94,0.2
2025-03-24,SKU-1019,WH-03,260,80,146,0.2
2025-03-24,SKU-1020,WH-03,112,50,98,0.2
2025-03-24,SKU-1021,WH-03,105,30,64,0.2
2025-03-24,SKU-1022,WH-03,0,50,108,0.2
2025-03-24,SKU-1023,WH-03,361,80,172,0.2
2025-03-24,SKU-1024,WH-03,89,30,55,0.2
2025-03-24,SKU-1025,WH-03,0,50,97,0.2
2025-03-24,SKU-1026,WH-03,149,50,105,0.2
2025-03-24,SKU-1027,WH-03,0,30,63,0.2
2025-03-24,SKU-1028,WH-03,323,80,183,0.2
2025-03-24,SKU-1029,WH-03,225,50,107,0.2
2025-03-24,SKU-1030,WH-03,295,80,158,0.2
2025-03-24,SKU-1031,WH-03,150,50,102,0.2
2025-03-24,SKU-1032,WH-03,236,50,97,0.2
2025-03-24,SKU-1033,WH-03,372,120,285,0.2
2025-03-24,SKU-1034,WH-03,300,80,189,0.2
2025-03-24,SKU-1035,WH-03,0,120,253,0.2
2025-03-24,SKU-1036,WH-03,97,30,67,0.2
2025-03-24,SKU-1037,WH-03,239,80,190,0.2
2025-03-24,SKU-1038,WH-03,20,30,66,0.2
2025-03-24,SKU-1039,WH-03,135,30,70,0.2
2025-03-24,SKU-1040,WH-03,280,80,149,0.2
2025-03-24,SKU-1041,WH-03,378,80,171,0.2
2025-03-24,SKU-1042,WH-03,173,80,166,0.2
2025-03-24,SKU-1043,WH-03,85,120,231,0.2
2025-03-24,SKU-1044,WH-03,291,80,165,0.2
2025-03-24,SKU-1045,WH-03,106,30,58,0.2
2025-03-24,SKU-1046,WH-03,168,50,98,0.2
2025-03-24,SKU-1047,WH-03,237,80,169,0.2
2025-03-24,SKU-1048,WH-03,98,50,96,0.2
2025-03-24,SKU-1049,WH-03,151,30,62,0.2
2025-03-24,SKU-1050,WH-03,3,30,61,0.2
2025-03-24,SKU-1051,WH-03,129,50,108,0.2
2025-03-24,SKU-1052,WH-03,103,30,62,0.2
2025-03-24,SKU-1053,WH-03,409,120,286,0.2
2025-03-24,SKU-1054,WH-03,77,30,57,0.2
2025-03-24,SKU-1055,WH-03,215,80,189,0.2
2025-03-24,SKU-1056,WH-03,74,30,66,0.2
2025-03-24,SKU-1057,WH-03,0,50,93,0.2
2025-03-24,SKU-1058,WH-03,300,80,172,0.2
2025-03-24,SKU-1059,WH-03,260,120,231,0.2
2025-03-24,SKU-1000,WH-04,339,80,164,0.2
2025-03-24,SKU-1001,WH-04,464,120,278,0.2
2025-03-24,SKU-1002,WH-04,470,120,219,0.2
2025-03-24,SKU-1003,WH-04,137,30,69,0.2
2025-03-24,SKU-1004,WH-04,107,50,101,0.2
2025-03-24,SKU-1005,WH-04,144,30,60,0.2
2025-03-24,SKU-1006,WH-04,302,80,184,0.2
2025-03-24,SKU-1007,WH-04,556,120,237,0.2
2025-03-24,SKU-1008,WH-04,114,120,243,0.2
2025-03-24,SKU-1009,WH-04,259,50,110,0.2
2025-03-24,SKU-1010,WH-04,169,50,109,0.2
2025-03-24,SKU-1011,WH-04,357,80,166,0.2
2025-03-24,SKU-1012,WH-04,246,50,103,0.2
2025-03-24,SKU-1013,WH-04,151,50,93,0.2
2025-03-24,SKU-1014,WH-04,360,80,177,0.2
2025-03-24,SKU-1015,WH-04,262,120,250,0.2
2025-03-24,SKU-1016,WH-04,131,30,60,0.2
2025-03-24,SKU-1017,WH-04,148,80,147,0.2
2025-03-24,SKU-1018,WH-04,105,30,60,0.2
2025-03-24,SKU-1019,WH-04,118,30,71,0.2
2025-03-24,SKU-1020,WH-04,113,30,58,0.2
2025-03-24,SKU-1021,WH-04,83,120,267,0.2
2025-03-24,SKU-1022,WH-04,113,30,59,0.2
2025-03-24,SKU-1023,WH-04,0,50,92,0.2
2025-03-24,SKU-1024,WH-04,228,50,111,0.2
2025-03-24,SKU-1025,WH-04,0,30,64,0.2
2025-03-24,SKU-1026,WH-04,89,30,54,0.2
2025-03-24,SKU-1027,WH-04,101,30,69,0.2
2025-03-24,SKU-1028,WH-04,128,30,64,0.2
2025-03-24,SKU-1029,WH-04,87,30,61,0.2
2025-03-24,SKU-1030,WH-04,0,30,54,0.2
2025-03-24,SKU-1031,WH-04,291,120,241,0.2
2025-03-24,SKU-1032,WH-04,361,80,162,0.2
2025-03-24,SKU-1033,WH-04,292,120,217,0.2
2025-03-24,SKU-1034,WH-04,0,80,163,0.2
2025-03-24,SKU-1035,WH-04,189,50,101,0.2
2025-03-24,SKU-1036,WH-04,251,80,159,0.2
2025-03-24,SKU-1037,WH-04,114,50,98,0.2
2025-03-24,SKU-1038,WH-04,94,30,55,0.2
2025-03-24,SKU-1039,WH-04,288,80,167,0.2
2025-03-24,SKU-1040,WH-04,659,120,266,0.2
2025-03-24,SKU-1041,WH-04,207,50,106,0.2
2025-03-24,SKU-1042,WH-04,612,120,265,0.2
2025-03-24,SKU-1043,WH-04,210,80,190,0.2
2025-03-24,SKU-1044,WH-04,662,120,266,0.2
2025-03-24,SKU-1045,WH-04,24,80,155,0.2
2025-03-24,SKU-1046,WH-04,129,50,100,0.2
2025-03-24,SKU-1047,WH-04,103,30,60,0.2
2025-03-24,SKU-1048,WH-04,110,30,59,0.2
2025-03-24,SKU-1049,WH-04,215,50,92,0.2
2025-03-24,SKU-1050,WH-04,280,80,148,0.2
2025-03-24,SKU-1051,WH-04,138,50,108,0.2
2025-03-24,SKU-1052,WH-04,197,50,110,0.2
2025-03-24,SKU-1053,WH-04,314,120,231,0.2
2025-03-24,SKU-1054,WH-04,5,30,71,0.2
2025-03-24,SKU-1055,WH-04,76,30,67,0.2
2025-03-24,SKU-1056,WH-04,292,120,227,0.2
2025-03-24,SKU-1057,WH-04,86,30,69,0.2
2025-03-24,SKU-1058,WH-04,248,80,157,0.2
2025-03-24,SKU-1059,WH-04,0,80,146,0.2
2025-03-31,SKU-1000,WH-01,543,120,226,0.2
2025-03-31,SKU-1001,WH-01,408,120,248,0.2
2025-03-31,SKU-1002,WH-01,16,30,54,0.2
2025-03-31,SKU-1003,WH-01,201,50,103,0.2
2025-03-31,SKU-1004,WH-01,375,80,173,0.2
2025-03-31,SKU-1005,WH-01,150,50,114,0.2
2025-03-31,SKU-1006,WH-01,0,50,114,0.2
2025-03-31,SKU-1007,WH-01,215,80,184,0.2
2025-03-31,SKU-1008,WH-01,431,80,181,0.2
2025-03-31,SKU-1009,WH-01,384,80,159,0.2
2025-03-31,SKU-1010,WH-01,285,80,180,0.2
2025-03-31,SKU-1011,WH-01,161,30,66,0.2
2025-03-31,SKU-1012,WH-01,368,120,232,0.2
2025-03-31,SKU-1013,WH-01,117,30,57,0.2
2025-03-31,SKU-1014,WH-01,409,120,274,0.2
2025-03-31,SKU-1015,WH-01,86,30,56,0.2
2025-03-31,SKU-1016,WH-01,448,80,188,0.2
2025-03-31,SKU-1017,WH-01,135,30,55,0.2
2025-03-31,SKU-1018,WH-01,126,50,114,0.2
2025-03-31,SKU-1019,WH-01,67,30,58,0.2
2025-03-31,SKU-1020,WH-01,13,30,71,0.2
2025-03-31,SKU-1021,WH-01,0,30,64,0.2
2025-03-31,SKU-1022,WH-01,87,30,58,0.2
2025-03-31,SKU-1023,WH-01,96,30,58,0.2
2025-03-31,SKU-1024,WH-01,277,80,169,0.2
2025-03-31,SKU-1025,WH-01,477,120,242,0.2
2025-03-31,SKU-1026,WH-01,208,80,176,0.2
2025-03-31,SKU-1027,WH-01,490,120,223,0.2
2025-03-31,SKU-1028,WH-01,27,50,92,0.2
2025-03-31,SKU-1029,WH-01,44,50,93,0.2
2025-03-31,SKU-1030,WH-01,566,120,234,0.2
2025-03-31,SKU-1031,WH-01,110,30,65,0.2
2025-03-31,SKU-1032,WH-01,337,80,149,0.2
2025-03-31,SKU-1033,WH-01,616,120,278,0.2
2025-03-31,SKU-1034,WH-01,38,120,269,0.2
2025-03-31,SKU-1035,WH-01,282,120,272,0.2
2025-03-31,SKU-1036,WH-01,489,120,226,0.2
2025-03-31,SKU-1037,WH-01,423,80,170,0.2
2025-03-31,SKU-1038,WH-01,73,30,60,0.2
2025-03-31,SKU-1039,WH-01,195,80,148,0.2
2025-03-31,SKU-1040,WH-01,120,30,64,0.2
2025-03-31,SKU-1041,WH-01,256,120,236,0.2
2025-03-31,SKU-1042,WH-01,7,80,188,0.2
2025-03-31,SKU-1043,WH-01,153,50,104,0.2
2025-03-31,SKU-1044,WH-01,263,80,185,0.2
2025-03-31,SKU-1045,WH-01,221,50,91,0.2
2025-03-31,SKU-1046,WH-01,366,80,166,0.2
2025-03-31,SKU-1047,WH-01,376,120,286,0.2
2025-03-31,SKU-1048,WH-01,139,50,95,0.2
2025-03-31,SKU-1049,WH-01,498,120,262,0.2
2025-03-31,SKU-1050,WH-01,461,80,191,0.2
2025-03-31,SKU-1051,WH-01,102,30,56,0.2
2025-03-31,SKU-1052,WH-01,170,30,69,0.2
2025-03-31,SKU-1053,WH-01,11,30,57,0.2
2025-03-31,SKU-1054,WH-01,57,120,259,0.2
2025-03-31,SKU-1055,WH-01,372,80,171,0.2
2025-03-31,SKU-1056,WH-01,331,120,268,0.2
2025-03-31,SKU-1057,WH-01,181,50,106,0.2
2025-03-31,SKU-1058,WH-01,549,120,220,0.2
2025-03-31,SKU-1059,WH-01,218,50,105,0.2
2025-03-31,SKU-1000,WH-02,406,120,279,0.2
2025-03-31,SKU-1001,WH-02,405,80,169,0.2
2025-03-31,SKU-1002,WH-02,380,80,190,0.2
2025-03-31,SKU-1003,WH-02,252,120,216,0.2
2025-03-31,SKU-1004,WH-02,110,30,61,0.2
2025-03-31,SKU-1005,WH-02,407,120,250,0.2
2025-03-31,SKU-1006,WH-02,97,30,68,0.2
2025-03-31,SKU-1007,WH-02,162,50,94,0.2
2025-03-31,SKU-1008,WH-02,415,120,233,0.2
2025-03-31,SKU-1009,WH-02,268,120,244,0.2
2025-03-31,SKU-1010,WH-02,146,50,92,0.2
2025-03-31,SKU-1011,WH-02,0,120,216,0.2
2025-03-31,SKU-1012,WH-02,545,120,274,0.2
2025-03-31,SKU-1013,WH-02,162,50,113,0.2
2025-03-31,SKU-1014,WH-02,318,80,182,0.2
2025-03-31,SKU-1015,WH-02,363,120,232,0.2
2025-03-31,SKU-1016,WH-02,251,80,169,0.2
2025-03-31,SKU-1017,WH-02,338,120,246,0.2
2025-03-31,SKU-1018,WH-02,302,80,161,0.2
2025-03-31,SKU-1019,WH-02,107,30,54,0.2
2025-03-31,SKU-1020,WH-02,151,30,64,0.2
2025-03-31,SKU-1021,WH-02,183,80,178,0.2
2025-03-31,SKU-1022,WH-02,158,30,69,0.2
2025-03-31,SKU-1023,WH-02,93,30,71,0.2
2025-03-31,SKU-1024,WH-02,16,30,71,0.2
2025-03-31,SKU-1025,WH-02,68,30,66,0.2
2025-03-31,SKU-1026,WH-02,132,30,63,0.2
2025-03-31,SKU-1027,WH-02,383,80,183,0.2
2025-03-31,SKU-1028,WH-02,497,120,284,0.2
2025-03-31,SKU-1029,WH-02,443,80,189,0.2
2025-03-31,SKU-1030,WH-02,306,80,161,0.2
2025-03-31,SKU-1031,WH-02,160,80,152,0.2
2025-03-31,SKU-1032,WH-02,523,120,281,0.2
2025-03-31,SKU-1033,WH-02,140,50,109,0.2
2025-03-31,SKU-1034,WH-02,205,50,105,0.2
2025-03-31,SKU-1035,WH-02,75,30,67,0.2
2025-03-31,SKU-1036,WH-02,320,80,170,0.2
2025-03-31,SKU-1037,WH-02,132,50,95,0.2
2025-03-31,SKU-1038,WH-02,24,30,64,0.2
2025-03-31,SKU-1039,WH-02,28,50,119,0.2
2025-03-31,SKU-1040,WH-02,507,120,216,0.2
2025-03-31,SKU-1041,WH-02,327,80,165,0.2
2025-03-31,SKU-1042,WH-02,191,50,109,0.2
2025-03-31,SKU-1043,WH-02,316,120,243,0.2
2025-03-31,SKU-1044,WH-02,392,80,161,0.2
2025-03-31,SKU-1045,WH-02,100,30,59,0.2
2025-03-31,SKU-1046,WH-02,68,30,56,0.2
2025-03-31,SKU-1047,WH-02,35,80,165,0.2
2025-03-31,SKU-1048,WH-02,110,50,98,0.2
2025-03-31,SKU-1049,WH-02,22,80,170,0.2
2025-03-31,SKU-1050,WH-02,307,120,225,0.2
2025-03-31,SKU-1051,WH-02,433,120,254,0.2
2025-03-31,SKU-1052,WH-02,15,80,154,0.2
2025-03-31,SKU-1053,WH-02,0,120,221,0.2
2025-03-31,SKU-1054,WH-02,316,120,279,0.2
2025-03-31,SKU-1055,WH-02,411,80,177,0.2
2025-03-31,SKU-1056,WH-02,33,50,92,0.2
2025-03-31,SKU-1057,WH-02,297,120,285,0.2
2025-03-31,SKU-1058,WH-02,130,30,61,0.2
2025-03-31,SKU-1059,WH-02,4,50,119,0.2
2025-03-31,SKU-1000,WH-03,11,30,64,0.2
2025-03-31,SKU-1001,WH-03,129,30,70,0.2
2025-03-31,SKU-1002,WH-03,354,120,280,0.2
2025-03-31,SKU-1003,WH-03,31,120,250,0.2
2025-03-31,SKU-1004,WH-03,129,30,63,0.2
2025-03-31,SKU-1005,WH-03,251,50,110,0.2
2025-03-31,SKU-1006,WH-03,276,50,115,0.2
2025-03-31,SKU-1007,WH-03,81,30,55,0.2
2025-03-31,SKU-1008,WH-03,275,80,179,0.2
2025-03-31,SKU-1009,WH-03,229,50,95,0.2
2025-03-31,SKU-1010,WH-03,0,30,69,0.2
2025-03-31,SKU-1011,WH-03,581,120,259,0.2
2025-03-31,SKU-1012,WH-03,318,80,147,0.2
2025-03-31,SKU-1013,WH-03,314,80,183,0.2
2025-03-31,SKU-1014,WH-03,29,80,170,0.2
2025-03-31,SKU-1015,WH-03,441,120,221,0.2
2025-03-31,SKU-1016,WH-03,290,80,166,0.2
2025-03-31,SKU-1017,WH-03,324,80,175,0.2
2025-03-31,SKU-1018,WH-03,309,80,150,0.2
2025-03-31,SKU-1019,WH-03,65,80,163,0.2
2025-03-31,SKU-1020,WH-03,136,30,59,0.2
2025-03-31,SKU-1021,WH-03,268,80,181,0.2
2025-03-31,SKU-1022,WH-03,248,120,227,0.2
2025-03-31,SKU-1023,WH-03,193,80,188,0.2
2025-03-31,SKU-1024,WH-03,138,30,69,0.2
2025-03-31,SKU-1025,WH-03,118,30,63,0.2
2025-03-31,SKU-1026,WH-03,337,120,282,0.2
2025-03-31,SKU-1027,WH-03,428,80,177,0.2
2025-03-31,SKU-1028,WH-03,156,50,93,0.2
2025-03-31,SKU-1029,WH-03,274,80,186,0.2
2025-03-31,SKU-1030,WH-03,399,80,162,0.2
2025-03-31,SKU-1031,WH-03,87,30,56,0.2
2025-03-31,SKU-1032,WH-03,296,120,227,0.2
2025-03-31,SKU-1033,WH-03,513,120,229,0.2
2025-03-31,SKU-1034,WH-03,87,30,62,0.2
2025-03-31,SKU-1035,WH-03,464,120,245,0.2
2025-03-31,SKU-1036,WH-03,245,120,226,0.2
2025-03-31,SKU-1037,WH-03,369,120,284,0.2
2025-03-31,SKU-1038,WH-03,417,80,189,0.2
2025-03-31,SKU-1039,WH-03,76,30,58,0.2
2025-03-31,SKU-1040,WH-03,26,30,69,0.2
2025-03-31,SKU-1041,WH-03,214,80,172,0.2
2025-03-31,SKU-1042,WH-03,70,120,264,0.2
2025-03-31,SKU-1043,WH-03,653,120,276,0.2
2025-03-31,SKU-1044,WH-03,66,30,56,0.2
2025-03-31,SKU-1045,WH-03,77,30,70,0.2
2025-03-31,SKU-1046,WH-03,207,50,111,0.2
2025-03-31,SKU-1047,WH-03,148,50,100,0.2
2025-03-31,SKU-1048,WH-03,112,30,67,0.2
2025-03-31,SKU-1049,WH-03,219,80,167,0.2
2025-03-31,SKU-1050,WH-03,61,30,61,0.2
2025-03-31,SKU-1051,WH-03,110,30,66,0.2
2025-03-31,SKU-1052,WH-03,169,50,112,0.2
2025-03-31,SKU-1053,WH-03,82,30,64,0.2
2025-03-31,SKU-1054,WH-03,204,50,115,0.2
2025-03-31,SKU-1055,WH-03,170,30,70,0.2
2025-03-31,SKU-1056,WH-03,590,120,244,0.2
2025-03-31,SKU-1057,WH-03,307,120,250,0.2
2025-03-31,SKU-1058,WH-03,185,50,106,0.2
2025-03-31,SKU-1059,WH-03,195,50,93,0.2
2025-03-31,SKU-1000,WH-04,8,30,64,0.2
2025-03-31,SKU-1001,WH-04,185,50,99,0.2
2025-03-31,SKU-1002,WH-04,201,50,93,0.2
2025-03-31,SKU-1003,WH-04,384,120,251,0.2
2025-03-31,SKU-1004,WH-04,460,80,189,0.2
2025-03-31,SKU-1005,WH-04,403,80,175,0.2
2025-03-31,SKU-1006,WH-04,638,120,272,0.2
2025-03-31,SKU-1007,WH-04,316,80,166,0.2
2025-03-31,SKU-1008,WH-04,144,30,71,0.2
2025-03-31,SKU-1009,WH-04,166,50,97,0.2
2025-03-31,SKU-1010,WH-04,130,30,68,0.2
2025-03-31,SKU-1011,WH-04,56,80,162,0.2
2025-03-31,SKU-1012,WH-04,266,120,222,0.2
2025-03-31,SKU-1013,WH-04,100,30,70,0.2
2025-03-31,SKU-1014,WH-04,25,120,250,0.2
2025-03-31,SKU-1015,WH-04,168,50,109,0.2
2025-03-31,SKU-1016,WH-04,316,80,149,0.2
2025-03-31,SKU-1017,WH-04,153,50,118,0.2
2025-03-31,SKU-1018,WH-04,3,50,118,0.2
2025-03-31,SKU-1019,WH-04,248,120,226,0.2
2025-03-31,SKU-1020,WH-04,0,50,118,0.2
2025-03-31,SKU-1021,WH-04,113,30,64,0.2
2025-03-31,SKU-1022,WH-04,111,30,58,0.2
2025-03-31,SKU-1023,WH-04,153,50,90,0.2
2025-03-31,SKU-1024,WH-04,0,50,103,0.2
2025-03-31,SKU-1025,WH-04,0,80,151,0.2
2025-03-31,SKU-1026,WH-04,0,80,165,0.2
2025-03-31,SKU-1027,WH-04,243,50,106,0.2
2025-03-31,SKU-1028,WH-04,123,50,92,0.2
2025-03-31,SKU-1029,WH-04,95,30,54,0.2
2025-03-31,SKU-1030,WH-04,130,30,62,0.2
2025-03-31,SKU-1031,WH-04,98,50,90,0.2
2025-03-31,SKU-1032,WH-04,0,30,59,0.2
2025-03-31,SKU-1033,WH-04,295,80,155,0.2
2025-03-31,SKU-1034,WH-04,108,50,99,0.2
2025-03-31,SKU-1035,WH-04,230,50,106,0.2
2025-03-31,SKU-1036,WH-04,333,80,144,0.2
2025-03-31,SKU-1037,WH-04,7,50,99,0.2
2025-03-31,SKU-1038,WH-04,356,80,158,0.2
2025-03-31,SKU-1039,WH-04,7,30,71,0.2
2025-03-31,SKU-1040,WH-04,276,50,118,0.2
2025-03-31,SKU-1041,WH-04,414,120,231,0.2
2025-03-31,SKU-1042,WH-04,531,120,223,0.2
2025-03-31,SKU-1043,WH-04,0,30,55,0.2
2025-03-31,SKU-1044,WH-04,220,50,103,0.2
2025-03-31,SKU-1045,WH-04,196,50,107,0.2
2025-03-31,SKU-1046,WH-04,89,30,58,0.2
2025-03-31,SKU-1047,WH-04,221,50,90,0.2
2025-03-31,SKU-1048,WH-04,22,30,58,0.2
2025-03-31,SKU-1049,WH-04,267,80,155,0.2
2025-03-31,SKU-1050,WH-04,406,120,240,0.2
2025-03-31,SKU-1051,WH-04,257,80,178,0.2
2025-03-31,SKU-1052,WH-04,257,120,247,0.2
2025-03-31,SKU-1053,WH-04,550,120,272,0.2
2025-03-31,SKU-1054,WH-04,345,80,189,0.2
2025-03-31,SKU-1055,WH-04,574,120,245,0.2
2025-03-31,SKU-1056,WH-04,445,120,284,0.2
2025-03-31,SKU-1057,WH-04,80,30,58,0.2
2025-03-31,SKU-1058,WH-04,444,80,179,0.2
2025-03-31,SKU-1059,WH-04,259,50,113,0.2
2025-04-07,SKU-1000,WH-01,134,50,101,0.2
2025-04-07,SKU-1001,WH-01,161,50,113,0.2
2025-04-07,SKU-1002,WH-01,63,30,56,0.2
2025-04-07,SKU-1003,WH-01,378,120,240,0.2
2025-04-07,SKU-1004,WH-01,219,50,91,0.2
2025-04-07,SKU-1005,WH-01,304,120,282,0.2
2025-04-07,SKU-1006,WH-01,305,80,190,0.2
2025-04-07,SKU-1007,WH-01,184,50,91,0.2
2025-04-07,SKU-1008,WH-01,436,80,176,0.2
2025-04-07,SKU-1009,WH-01,236,80,172,0.2
2025-04-07,SKU-1010,WH-01,469,120,252,0.2
2025-04-07,SKU-1011,WH-01,149,50,103,0.2
2025-04-07,SKU-1012,WH-01,324,80,176,0.2
2025-04-07,SKU-1013,WH-01,598,120,256,0.2
2025-04-07,SKU-1014,WH-01,165,80,162,0.2
2025-04-07,SKU-1015,WH-01,28,30,67,0.2
2025-04-07,SKU-1016,WH-01,140,50,114,0.2
2025-04-07,SKU-1017,WH-01,170,80,149,0.2
2025-04-07,SKU-1018,WH-01,106,30,55,0.2
2025-04-07,SKU-1019,WH-01,166,50,107,0.2
2025-04-07,SKU-1020,WH-01,253,80,155,0.2
2025-04-07,SKU-1021,WH-01,261,50,113,0.2
2025-04-07,SKU-1022,WH-01,323,80,190,0.2
2025-04-07,SKU-1023,WH-01,365,80,162,0.2
2025-04-07,SKU-1024,WH-01,382,80,188,0.2
2025-04-07,SKU-1025,WH-01,0,50,105,0.2
2025-04-07,SKU-1026,WH-01,565,120,280,0.2
2025-04-07,SKU-1027,WH-01,365,120,238,0.2
2025-04-07,SKU-1028,WH-01,375,80,169,0.2
2025-04-07,SKU-1029,WH-01,130,50,104,0.2
2025-04-07,SKU-1030,WH-01,234,50,119,0.2
2025-04-07,SKU-1031,WH-01,246,50,100,0.2
2025-04-07,SKU-1032,WH-01,149,80,144,0.2
2025-04-07,SKU-1033,WH-01,359,120,285,0.2
2025-04-07,SKU-1034,WH-01,69,80,182,0.2
2025-04-07,SKU-1035,WH-01,134,30,54,0.2
2025-04-07,SKU-1036,WH-01,87,30,69,0.2
2025-04-07,SKU-1037,WH-01,187,80,168,0.2
2025-04-07,SKU-1038,WH-01,125,30,70,0.2
2025-04-07,SKU-1039,WH-01,114,30,65,0.2
2025-04-07,SKU-1040,WH-01,338,80,176,0.2
2025-04-07,SKU-1041,WH-01,251,80,186,0.2
2025-04-07,SKU-1042,WH-01,187,50,94,0.2
2025-04-07,SKU-1043,WH-01,198,50,98,0.2
2025-04-07,SKU-1044,WH-01,342,120,240,0.2
2025-04-07,SKU-1045,WH-01,159,80,152,0.2
2025-04-07,SKU-1046,WH-01,0,50,95,0.2
2025-04-07,SKU-1047,WH-01,191,50,105,0.2
2025-04-07,SKU-1048,WH-01,293,50,119,0.2
2025-04-07,SKU-1049,WH-01,201,50,101,0.2
2025-04-07,SKU-1050,WH-01,72,30,54,0.2
2025-04-07,SKU-1051,WH-01,540,120,277,0.2
2025-04-07,SKU-1052,WH-01,182,50,104,0.2
2025-04-07,SKU-1053,WH-01,8,120,254,0.2
2025-04-07,SKU-1054,WH-01,163,50,91,0.2
2025-04-07,SKU-1055,WH-01,335,80,183,0.2
2025-04-07,SKU-1056,WH-01,270,80,157,0.2
2025-04-07,SKU-1057,WH-01,479,120,251,0.2
2025-04-07,SKU-1058,WH-01,177,50,94,0.2
2025-04-07,SKU-1059,WH-01,363,80,185,0.2
2025-04-07,SKU-1000,WH-02,147,30,64,0.2
2025-04-07,SKU-1001,WH-02,218,50,115,0.2
2025-04-07,SKU-1002,WH-02,198,50,99,0.2
2025-04-07,SKU-1003,WH-02,286,80,188,0.2
2025-04-07,SKU-1004,WH-02,180,50,112,0.2
2025-04-07,SKU-1005,WH-02,10,30,58,0.2
2025-04-07,SKU-1006,WH-02,601,120,261,0.2
2025-04-07,SKU-1007,WH-02,75,30,65,0.2
2025-04-07,SKU-1008,WH-02,147,30,66,0.2
2025-04-07,SKU-1009,WH-02,458,120,281,0.2
2025-04-07,SKU-1010,WH-02,286,120,247,0.2
2025-04-07,SKU-1011,WH-02,84,30,71,0.2
2025-04-07,SKU-1012,WH-02,144,50,96,0.2
2025-04-07,SKU-1013,WH-02,46,120,275,0.2
2025-04-07,SKU-1014,WH-02,478,120,229,0.2
2025-04-07,SKU-1015,WH-02,0,80,173,0.2
2025-04-07,SKU-1016,WH-02,216,80,191,0.2
2025-04-07,SKU-1017,WH-02,237,120,225,0.2
2025-04-07,SKU-1018,WH-02,90,30,66,0.2
2025-04-07,SKU-1019,WH-02,226,50,101,0.2
2025-04-07,SKU-1020,WH-02,193,50,91,0.2
2025-04-07,SKU-1021,WH-02,215,50,101,0.2
2025-04-07,SKU-1022,WH-02,215,50,105,0.2
2025-04-07,SKU-1023,WH-02,298,80,179,0.2
2025-04-07,SKU-1024,WH-02,426,80,174,0.2
2025-04-07,SKU-1025,WH-02,108,30,56,0.2
2025-04-07,SKU-1026,WH-02,0,30,70,0.2
2025-04-07,SKU-1027,WH-02,291,50,117,0.2
2025-04-07,SKU-1028,WH-02,0,80,166,0.2
2025-04-07,SKU-1029,WH-02,277,80,179,0.2
2025-04-07,SKU-1030,WH-02,76,30,63,0.2
2025-04-07,SKU-1031,WH-02,21,30,71,0.2
2025-04-07,SKU-1032,WH-02,268,50,111,0.2
2025-04-07,SKU-1033,WH-02,166,50,101,0.2
2025-04-07,SKU-1034,WH-02,121,30,66,0.2
2025-04-07,SKU-1035,WH-02,334,80,184,0.2
2025-04-07,SKU-1036,WH-02,0,30,55,0.2
2025-04-07,SKU-1037,WH-02,130,50,102,0.2
2025-04-07,SKU-1038,WH-02,352,80,147,0.2
2025-04-07,SKU-1039,WH-02,213,50,97,0.2
2025-04-07,SKU-1040,WH-02,152,30,64,0.2
2025-04-07,SKU-1041,WH-02,275,80,174,0.2
2025-04-07,SKU-1042,WH-02,75,80,177,0.2
2025-04-07,SKU-1043,WH-02,116,30,61,0.2
2025-04-07,SKU-1044,WH-02,144,50,109,0.2
2025-04-07,SKU-1045,WH-02,249,50,115,0.2
2025-04-07,SKU-1046,WH-02,409,120,249,0.2
2025-04-07,SKU-1047,WH-02,328,120,264,0.2
2025-04-07,SKU-1048,WH-02,226,50,117,0.2
2025-04-07,SKU-1049,WH-02,203,50,95,0.2
2025-04-07,SKU-1050,WH-02,49,50,116,0.2
2025-04-07,SKU-1051,WH-02,185,50,94,0.2
2025-04-07,SKU-1052,WH-02,102,50,97,0.2
2025-04-07,SKU-1053,WH-02,496,120,270,0.2
2025-04-07,SKU-1054,WH-02,197,80,154,0.2
2025-04-07,SKU-1055,WH-02,648,120,272,0.2
2025-04-07,SKU-1056,WH-02,36,80,179,0.2
2025-04-07,SKU-1057,WH-02,350,120,223,0.2
2025-04-07,SKU-1058,WH-02,0,30,71,0.2
2025-04-07,SKU-1059,WH-02,393,120,231,0.2
2025-04-07,SKU-1000,WH-03,312,120,269,0.2
2025-04-07,SKU-1001,WH-03,400,120,248,0.2
2025-04-07,SKU-1002,WH-03,411,120,251,0.2
2025-04-07,SKU-1003,WH-03,68,30,64,0.2
2025-04-07,SKU-1004,WH-03,101,30,54,0.2
2025-04-07,SKU-1005,WH-03,266,80,151,0.2
2025-04-07,SKU-1006,WH-03,0,50,103,0.2
2025-04-07,SKU-1007,WH-03,197,50,114,0.2
2025-04-07,SKU-1008,WH-03,278,80,163,0.2
2025-04-07,SKU-1009,WH-03,77,30,60,0.2
2025-04-07,SKU-1010,WH-03,152,30,71,0.2
2025-04-07,SKU-1011,WH-03,443,120,271,0.2
2025-04-07,SKU-1012,WH-03,201,50,104,0.2
2025-04-07,SKU-1013,WH-03,90,30,62,0.2
2025-04-07,SKU-1014,WH-03,111,30,71,0.2
2025-04-07,SKU-1015,WH-03,430,80,179,0.2
2025-04-07,SKU-1016,WH-03,486,120,223,0.2
2025-04-07,SKU-1017,WH-03,138,50,98,0.2
2025-04-07,SKU-1018,WH-03,220,50,102,0.2
2025-04-07,SKU-1019,WH-03,593,120,269,0.2
2025-04-07,SKU-1020,WH-03,224,50,119,0.2
2025-04-07,SKU-1021,WH-03,290,80,189,0.2
2025-04-07,SKU-1022,WH-03,0,120,280,0.2
2025-04-07,SKU-1023,WH-03,589,120,245,0.2
2025-04-07,SKU-1024,WH-03,110,30,63,0.2
2025-04-07,SKU-1025,WH-03,21,30,64,0.2
2025-04-07,SKU-1026,WH-03,159,30,69,0.2
2025-04-07,SKU-1027,WH-03,327,80,168,0.2
2025-04-07,SKU-1028,WH-03,384,80,179,0.2
2025-04-07,SKU-1029,WH-03,603,120,268,0.2
2025-04-07,SKU-1030,WH-03,98,30,60,0.2
2025-04-07,SKU-1031,WH-03,14,30,68,0.2
2025-04-07,SKU-1032,WH-03,125,30,60,0.2
2025-04-07,SKU-1033,WH-03,437,120,255,0.2
2025-04-07,SKU-1034,WH-03,678,120,276,0.2
2025-04-07,SKU-1035,WH-03,247,80,177,0.2
2025-04-07,SKU-1036,WH-03,184,50,103,0.2
2025-04-07,SKU-1037,WH-03,108,50,90,0.2
2025-04-07,SKU-1038,WH-03,185,50,104,0.2
2025-04-07,SKU-1039,WH-03,265,80,158,0.2
2025-04-07,SKU-1040,WH-03,143,50,105,0.2
2025-04-07,SKU-1041,WH-03,120,30,71,0.2
2025-04-07,SKU-1042,WH-03,292,80,167,0.2
2025-04-07,SKU-1043,WH-03,49,50,102,0.2
2025-04-07,SKU-1044,WH-03,199,50,118,0.2
2025-04-07,SKU-1045,WH-03,10,30,70,0.2
2025-04-07,SKU-1046,WH-03,284,50,117,0.2
2025-04-07,SKU-1047,WH-03,350,80,182,0.2
2025-04-07,SKU-1048,WH-03,77,30,66,0.2
2025-04-07,SKU-1049,WH-03,328,80,183,0.2
2025-04-07,SKU-1050,WH-03,316,120,216,0.2
2025-04-07,SKU-1051,WH-03,361,120,260,0.2
2025-04-07,SKU-1052,WH-03,379,120,236,0.2
2025-04-07,SKU-1053,WH-03,115,50,113,0.2
2025-04-07,SKU-1054,WH-03,277,120,236,0.2
2025-04-07,SKU-1055,WH-03,560,120,228,0.2
2025-04-07,SKU-1056,WH-03,153,50,91,0.2
2025-04-07,SKU-1057,WH-03,0,30,62,0.2
2025-04-07,SKU-1058,WH-03,136,50,106,0.2
2025-04-07,SKU-1059,WH-03,89,30,64,0.2
2025-04-07,SKU-1000,WH-04,125,50,118,0.2
2025-04-07,SKU-1001,WH-04,18,30,58,0.2
2025-04-07,SKU-1002,WH-04,399,120,239,0.2
2025-04-07,SKU-1003,WH-04,389,80,170,0.2
2025-04-07,SKU-1004,WH-04,0,120,282,0.2
2025-04-07,SKU-1005,WH-04,193,50,91,0.2
2025-04-07,SKU-1006,WH-04,653,120,284,0.2
2025-04-07,SKU-1007,WH-04,55,120,238,0.2
2025-04-07,SKU-1008,WH-04,362,120,263,0.2
2025-04-07,SKU-1009,WH-04,302,80,172,0.2
2025-04-07,SKU-1010,WH-04,142,30,66,0.2
2025-04-07,SKU-1011,WH-04,101,50,101,0.2
2025-04-07,SKU-1012,WH-04,133,30,57,0.2
2025-04-07,SKU-1013,WH-04,138,30,62,0.2
2025-04-07,SKU-1014,WH-04,327,120,272,0.2
2025-04-07,SKU-1015,WH-04,79,30,56,0.2
2025-04-07,SKU-1016,WH-04,137,30,62,0.2
2025-04-07,SKU-1017,WH-04,415,80,188,0.2
2025-04-07,SKU-1018,WH-04,105,50,94,0.2
2025-04-07,SKU-1019,WH-04,27,80,153,0.2
2025-04-07,SKU-1020,WH-04,237,50,116,0.2
2025-04-07,SKU-1021,WH-04,332,80,165,0.2
2025-04-07,SKU-1022,WH-04,105,30,58,0.2
2025-04-07,SKU-1023,WH-04,652,120,283,0.2
2025-04-07,SKU-1024,WH-04,31,120,250,0.2
2025-04-07,SKU-1025,WH-04,82,30,69,0.2
2025-04-07,SKU-1026,WH-04,388,80,157,0.2
2025-04-07,SKU-1027,WH-04,149,30,62,0.2
2025-04-07,SKU-1028,WH-04,143,50,116,0.2
2025-04-07,SKU-1029,WH-04,308,80,169,0.2
2025-04-07,SKU-1030,WH-04,251,80,144,0.2
2025-04-07,SKU-1031,WH-04,75,30,61,0.2
2025-04-07,SKU-1032,WH-04,436,120,221,0.2
2025-04-07,SKU-1033,WH-04,76,80,172,0.2
2025-04-07,SKU-1034,WH-04,117,30,64,0.2
2025-04-07,SKU-1035,WH-04,74,30,71,0.2
2025-04-07,SKU-1036,WH-04,123,50,98,0.2
2025-04-07,SKU-1037,WH-04,665,120,270,0.2
2025-04-07,SKU-1038,WH-04,83,30,58,0.2
2025-04-07,SKU-1039,WH-04,169,50,107,0.2
2025-04-07,SKU-1040,WH-04,4,30,63,0.2
2025-04-07,SKU-1041,WH-04,542,120,270,0.2
2025-04-07,SKU-1042,WH-04,427,80,188,0.2
2025-04-07,SKU-1043,WH-04,110,50,91,0.2
2025-04-07,SKU-1044,WH-04,90,30,54,0.2
2025-04-07,SKU-1045,WH-04,117,30,69,0.2
2025-04-07,SKU-1046,WH-04,314,80,168,0.2
2025-04-07,SKU-1047,WH-04,288,80,150,0.2
2025-04-07,SKU-1048,WH-04,186,50,103,0.2
2025-04-07,SKU-1049,WH-04,0,50,118,0.2
2025-04-07,SKU-1050,WH-04,273,120,248,0.2
2025-04-07,SKU-1051,WH-04,145,30,62,0.2
2025-04-07,SKU-1052,WH-04,17,30,71,0.2
2025-04-07,SKU-1053,WH-04,525,120,244,0.2
2025-04-07,SKU-1054,WH-04,86,30,55,0.2
2025-04-07,SKU-1055,WH-04,245,80,144,0.2
2025-04-07,SKU-1056,WH-04,284,80,161,0.2
2025-04-07,SKU-1057,WH-04,121,30,59,0.2
2025-04-07,SKU-1058,WH-04,243,80,172,0.2
2025-04-07,SKU-1059,WH-04,212,50,108,0.2
2025-04-14,SKU-1000,WH-01,104,50,102,0.2
2025-04-14,SKU-1001,WH-01,173,50,114,0.2
2025-04-14,SKU-1002,WH-01,57,30,57,0.2
2025-04-14,SKU-1003,WH-01,244,80,155,0.2
2025-04-14,SKU-1004,WH-01,0,30,55,0.2
2025-04-14,SKU-1005,WH-01,254,120,230,0.2
2025-04-14,SKU-1006,WH-01,105,30,60,0.2
2025-04-14,SKU-1007,WH-01,371,80,170,0.2
2025-04-14,SKU-1008,WH-01,0,50,111,0.2
2025-04-14,SKU-1009,WH-01,567,120,264,0.2
2025-04-14,SKU-1010,WH-01,170,50,100,0.2
2025-04-14,SKU-1011,WH-01,213,50,99,0.2
2025-04-14,SKU-1012,WH-01,358,80,190,0.2
2025-04-14,SKU-1013,WH-01,0,80,186,0.2
2025-04-14,SKU-1014,WH-01,47,50,102,0.2
2025-04-14,SKU-1015,WH-01,84,30,62,0.2
2025-04-14,SKU-1016,WH-01,99,30,62,0.2
2025-04-14,SKU-1017,WH-01,474,120,261,0.2
2025-04-14,SKU-1018,WH-01,0,80,152,0.2
2025-04-14,SKU-1019,WH-01,192,50,100,0.2
2025-04-14,SKU-1020,WH-01,116,50,111,0.2
2025-04-14,SKU-1021,WH-01,97,30,64,0.2
2025-04-14,SKU-1022,WH-01,108,30,65,0.2
2025-04-14,SKU-1023,WH-01,109,30,55,0.2
2025-04-14,SKU-1024,WH-01,347,120,281,0.2
2025-04-14,SKU-1025,WH-01,348,80,159,0.2
2025-04-14,SKU-1026,WH-01,259,50,110,0.2
2025-04-14,SKU-1027,WH-01,202,80,161,0.2
2025-04-14,SKU-1028,WH-01,391,120,230,0.2
2025-04-14,SKU-1029,WH-01,186,50,105,0.2
2025-04-14,SKU-1030,WH-01,462,120,277,0.2
2025-04-14,SKU-1031,WH-01,46,50,98,0.2
2025-04-14,SKU-1032,WH-01,0,80,164,0.2
2025-04-14,SKU-1033,WH-01,101,30,54,0.2
2025-04-14,SKU-1034,WH-01,130,30,58,0.2
2025-04-14,SKU-1035,WH-01,103,30,58,0.2
2025-04-14,SKU-1036,WH-01,404,120,282,0.2
2025-04-14,SKU-1037,WH-01,347,80,153,0.2
2025-04-14,SKU-1038,WH-01,130,50,101,0.2
2025-04-14,SKU-1039,WH-01,455,120,281,0.2
2025-04-14,SKU-1040,WH-01,115,50,98,0.2
2025-04-14,SKU-1041,WH-01,230,80,163,0.2
2025-04-14,SKU-1042,WH-01,334,80,181,0.2
2025-04-14,SKU-1043,WH-01,210,50,114,0.2
2025-04-14,SKU-1044,WH-01,474,120,275,0.2
2025-04-14,SKU-1045,WH-01,409,120,260,0.2
2025-04-14,SKU-1046,WH-01,229,50,105,0.2
2025-04-14,SKU-1047,WH-01,581,120,286,0.2
2025-04-14,SKU-1048,WH-01,176,50,96,0.2
2025-04-14,SKU-1049,WH-01,284,80,157,0.2
2025-04-14,SKU-1050,WH-01,481,120,226,0.2
2025-04-14,SKU-1051,WH-01,226,50,108,0.2
2025-04-14,SKU-1052,WH-01,196,50,95,0.2
2025-04-14,SKU-1053,WH-01,140,30,70,0.2
2025-04-14,SKU-1054,WH-01,317,80,145,0.2
2025-04-14,SKU-1055,WH-01,72,30,69,0.2
2025-04-14,SKU-1056,WH-01,470,120,253,0.2
2025-04-14,SKU-1057,WH-01,214,80,156,0.2
2025-04-14,SKU-1058,WH-01,0,120,271,0.2
2025-04-14,SKU-1059,WH-01,89,30,66,0.2
2025-04-14,SKU-1000,WH-02,119,50,92,0.2
2025-04-14,SKU-1001,WH-02,91,30,68,0.2
2025-04-14,SKU-1002,WH-02,28,80,185,0.2
2025-04-14,SKU-1003,WH-02,49,120,220,0.2
2025-04-14,SKU-1004,WH-02,127,50,93,0.2
2025-04-14,SKU-1005,WH-02,330,80,179,0.2
2025-04-14,SKU-1006,WH-02,157,30,70,0.2
2025-04-14,SKU-1007,WH-02,490,120,244,0.2
2025-04-14,SKU-1008,WH-02,191,50,92,0.2
2025-04-14,SKU-1009,WH-02,29,30,59,0.2
2025-04-14,SKU-1010,WH-02,358,80,176,0.2
2025-04-14,SKU-1011,WH-02,213,80,182,0.2
2025-04-14,SKU-1012,WH-02,331,120,227,0.2
2025-04-14,SKU-1013,WH-02,86,30,66,0.2
2025-04-14,SKU-1014,WH-02,10,80,183,0.2
2025-04-14,SKU-1015,WH-02,216,50,94,0.2
2025-04-14,SKU-1016,WH-02,167,30,70,0.2
2025-04-14,SKU-1017,WH-02,227,80,158,0.2
2025-04-14,SKU-1018,WH-02,98,50,93,0.2
2025-04-14,SKU-1019,WH-02,144,80,144,0.2
2025-04-14,SKU-1020,WH-02,47,50,94,0.2
2025-04-14,SKU-1021,WH-02,22,30,65,0.2
2025-04-14,SKU-1022,WH-02,9,120,242,0.2
2025-04-14,SKU-1023,WH-02,191,50,100,0.2
2025-04-14,SKU-1024,WH-02,0,50,93,0.2
2025-04-14,SKU-1025,WH-02,510,120,249,0.2
2025-04-14,SKU-1026,WH-02,241,120,227,0.2
2025-04-14,SKU-1027,WH-02,156,50,114,0.2
2025-04-14,SKU-1028,WH-02,61,120,271,0.2
2025-04-14,SKU-1029,WH-02,159,50,103,0.2
2025-04-14,SKU-1030,WH-02,78,30,55,0.2
2025-04-14,SKU-1031,WH-02,134,50,115,0.2
2025-04-14,SKU-1032,WH-02,712,120,287,0.2
2025-04-14,SKU-1033,WH-02,54,30,54,0.2
2025-04-14,SKU-1034,WH-02,244,50,117,0.2
2025-04-14,SKU-1035,WH-02,86,30,58,0.2
2025-04-14,SKU-1036,WH-02,388,120,233,0.2
2025-04-14,SKU-1037,WH-02,319,120,257,0.2
2025-04-14,SKU-1038,WH-02,439,120,253,0.2
2025-04-14,SKU-1039,WH-02,100,30,59,0.2
2025-04-14,SKU-1040,WH-02,88,30,62,0.2
2025-04-14,SKU-1041,WH-02,305,80,189,0.2
2025-04-14,SKU-1042,WH-02,168,30,71,0.2
2025-04-14,SKU-1043,WH-02,0,80,155,0.2
2025-04-14,SKU-1044,WH-02,299,120,268,0.2
2025-04-14,SKU-1045,WH-02,351,80,182,0.2
2025-04-14,SKU-1046,WH-02,0,80,150,0.2
2025-04-14,SKU-1047,WH-02,202,50,91,0.2
2025-04-14,SKU-1048,WH-02,139,30,66,0.2
2025-04-14,SKU-1049,WH-02,132,30,54,0.2
2025-04-14,SKU-1050,WH-02,136,30,67,0.2
2025-04-14,SKU-1051,WH-02,76,30,67,0.2
2025-04-14,SKU-1052,WH-02,91,30,71,0.2
2025-04-14,SKU-1053,WH-02,487,120,230,0.2
2025-04-14,SKU-1054,WH-02,149,30,68,0.2
2025-04-14,SKU-1055,WH-02,306,80,189,0.2
2025-04-14,SKU-1056,WH-02,195,50,95,0.2
2025-04-14,SKU-1057,WH-02,0,50,99,0.2
2025-04-14,SKU-1058,WH-02,3,30,57,0.2
2025-04-14,SKU-1059,WH-02,395,120,283,0.2
2025-04-14,SKU-1000,WH-03,176,50,102,0.2
2025-04-14,SKU-1001,WH-03,23,50,108,0.2
2025-04-14,SKU-1002,WH-03,264,50,116,0.2
2025-04-14,SKU-1003,WH-03,188,50,91,0.2
2025-04-14,SKU-1004,WH-03,403,120,240,0.2
2025-04-14,SKU-1005,WH-03,19,50,119,0.2
2025-04-14,SKU-1006,WH-03,172,80,144,0.2
2025-04-14,SKU-1007,WH-03,146,50,112,0.2
2025-04-14,SKU-1008,WH-03,347,80,168,0.2
2025-04-14,SKU-1009,WH-03,75,30,69,0.2
2025-04-14,SKU-1010,WH-03,0,30,56,0.2
2025-04-14,SKU-1011,WH-03,310,120,270,0.2
2025-04-14,SKU-1012,WH-03,102,30,71,0.2
2025-04-14,SKU-1013,WH-03,152,50,100,0.2
2025-04-14,SKU-1014,WH-03,0,120,259,0.2
2025-04-14,SKU-1015,WH-03,299,80,169,0.2
2025-04-14,SKU-1016,WH-03,290,80,175,0.2
2025-04-14,SKU-1017,WH-03,125,50,102,0.2
2025-04-14,SKU-1018,WH-03,615,120,278,0.2
2025-04-14,SKU-1019,WH-03,268,80,150,0.2
2025-04-14,SKU-1020,WH-03,34,50,102,0.2
2025-04-14,SKU-1021,WH-03,66,30,62,0.2
2025-04-14,SKU-1022,WH-03,0,120,223,0.2
2025-04-14,SKU-1023,WH-03,176,50,92,0.2
2025-04-14,SKU-1024,WH-03,10,30,64,0.2
2025-04-14,SKU-1025,WH-03,46,50,92,0.2
2025-04-14,SKU-1026,WH-03,282,80,170,0.2
2025-04-14,SKU-1027,WH-03,573,120,275,0.2
2025-04-14,SKU-1028,WH-03,28,120,238,0.2
2025-04-14,SKU-1029,WH-03,16,120,255,0.2
2025-04-14,SKU-1030,WH-03,114,30,68,0.2
2025-04-14,SKU-1031,WH-03,515,120,270,0.2
2025-04-14,SKU-1032,WH-03,277,50,119,0.2
2025-04-14,SKU-1033,WH-03,313,120,259,0.2
2025-04-14,SKU-1034,WH-03,0,120,216,0.2
2025-04-14,SKU-1035,WH-03,218,50,90,0.2
2025-04-14,SKU-1036,WH-03,102,30,70,0.2
2025-04-14,SKU-1037,WH-03,666,120,275,0.2
2025-04-14,SKU-1038,WH-03,334,80,156,0.2
2025-04-14,SKU-1039,WH-03,0,80,151,0.2
2025-04-14,SKU-1040,WH-03,112,30,64,0.2
2025-04-14,SKU-1041,WH-03,193,50,108,0.2
2025-04-14,SKU-1042,WH-03,207,80,185,0.2
2025-04-14,SKU-1043,WH-03,22,50,101,0.2
2025-04-14,SKU-1044,WH-03,3,50,112,0.2
2025-04-14,SKU-1045,WH-03,27,30,69,0.2
2025-04-14,SKU-1046,WH-03,219,50,92,0.2
2025-04-14,SKU-1047,WH-03,73,30,65,0.2
2025-04-14,SKU-1048,WH-03,176,50,101,0.2
2025-04-14,SKU-1049,WH-03,68,30,66,0.2
2025-04-14,SKU-1050,WH-03,142,50,105,0.2
2025-04-14,SKU-1051,WH-03,2,50,95,0.2
2025-04-14,SKU-1052,WH-03,361,120,221,0.2
2025-04-14,SKU-1053,WH-03,57,120,222,0.2
2025-04-14,SKU-1054,WH-03,276,80,153,0.2
2025-04-14,SKU-1055,WH-03,68,80,171,0.2
2025-04-14,SKU-1056,WH-03,81,30,68,0.2
2025-04-14,SKU-1057,WH-03,313,120,228,0.2
2025-04-14,SKU-1058,WH-03,512,120,241,0.2
2025-04-14,SKU-1059,WH-03,570,120,260,0.2
2025-04-14,SKU-1000,WH-04,347,80,151,0.2
2025-04-14,SKU-1001,WH-04,217,50,94,0.2
2025-04-14,SKU-1002,WH-04,193,80,159,0.2
2025-04-14,SKU-1003,WH-04,163,50,95,0.2
2025-04-14,SKU-1004,WH-04,609,120,277,0.2
2025-04-14,SKU-1005,WH-04,362,80,170,0.2
2025-04-14,SKU-1006,WH-04,401,80,163,0.2
2025-04-14,SKU-1007,WH-04,193,80,178,0.2
2025-04-14,SKU-1008,WH-04,185,80,163,0.2
2025-04-14,SKU-1009,WH-04,267,120,237,0.2
2025-04-14,SKU-1010,WH-04,427,80,186,0.2
2025-04-14,SKU-1011,WH-04,240,80,149,0.2
2025-04-14,SKU-1012,WH-04,23,30,71,0.2
2025-04-14,SKU-1013,WH-04,183,50,107,0.2
2025-04-14,SKU-1014,WH-04,29,30,54,0.2
2025-04-14,SKU-1015,WH-04,143,50,103,0.2
2025-04-14,SKU-1016,WH-04,237,120,217,0.2
2025-04-14,SKU-1017,WH-04,517,120,272,0.2
2025-04-14,SKU-1018,WH-04,146,50,98,0.2
2025-04-14,SKU-1019,WH-04,238,50,103,0.2
2025-04-14,SKU-1020,WH-04,327,80,155,0.2
2025-04-14,SKU-1021,WH-04,554,120,258,0.2
2025-04-14,SKU-1022,WH-04,126,30,54,0.2
2025-04-14,SKU-1023,WH-04,37,50,94,0.2
2025-04-14,SKU-1024,WH-04,209,50,103,0.2
2025-04-14,SKU-1025,WH-04,19,80,186,0.2
2025-04-14,SKU-1026,WH-04,138,30,61,0.2
2025-04-14,SKU-1027,WH-04,0,80,158,0.2
2025-04-14,SKU-1028,WH-04,0,50,95,0.2
2025-04-14,SKU-1029,WH-04,6,50,105,0.2
2025-04-14,SKU-1030,WH-04,229,80,187,0.2
2025-04-14,SKU-1031,WH-04,71,120,218,0.2
2025-04-14,SKU-1032,WH-04,123,50,118,0.2
2025-04-14,SKU-1033,WH-04,68,80,188,0.2
2025-04-14,SKU-1034,WH-04,44,50,91,0.2
2025-04-14,SKU-1035,WH-04,225,120,219,0.2
2025-04-14,SKU-1036,WH-04,196,50,118,0.2
2025-04-14,SKU-1037,WH-04,126,50,109,0.2
2025-04-14,SKU-1038,WH-04,0,30,68,0.2
2025-04-14,SKU-1039,WH-04,321,120,272,0.2
2025-04-14,SKU-1040,WH-04,301,120,236,0.2
2025-04-14,SKU-1041,WH-04,78,30,63,0.2
2025-04-14,SKU-1042,WH-04,111,30,56,0.2
2025-04-14,SKU-1043,WH-04,0,120,277,0.2
2025-04-14,SKU-1044,WH-04,102,50,99,0.2
2025-04-14,SKU-1045,WH-04,492,120,254,0.2
2025-04-14,SKU-1046,WH-04,165,50,108,0.2
2025-04-14,SKU-1047,WH-04,27,50,107,0.2
2025-04-14,SKU-1048,WH-04,432,120,254,0.2
2025-04-14,SKU-1049,WH-04,138,30,70,0.2
2025-04-14,SKU-1050,WH-04,69,30,68,0.2
2025-04-14,SKU-1051,WH-04,291,80,152,0.2
2025-04-14,SKU-1052,WH-04,60,80,164,0.2
2025-04-14,SKU-1053,WH-04,357,120,264,0.2
2025-04-14,SKU-1054,WH-04,42,50,101,0.2
2025-04-14,SKU-1055,WH-04,224,80,167,0.2
2025-04-14,SKU-1056,WH-04,92,30,67,0.2
2025-04-14,SKU-1057,WH-04,415,120,283,0.2
2025-04-14,SKU-1058,WH-04,379,80,159,0.2
2025-04-14,SKU-1059,WH-04,439,120,223,0.2
2025-04-21,SKU-1000,WH-01,340,120,283,0.2
2025-04-21,SKU-1001,WH-01,201,80,182,0.2
2025-04-21,SKU-1002,WH-01,592,120,260,0.2
2025-04-21,SKU-1003,WH-01,79,120,242,0.2
2025-04-21,SKU-1004,WH-01,211,50,104,0.2
2025-04-21,SKU-1005,WH-01,353,80,168,0.2
2025-04-21,SKU-1006,WH-01,111,30,62,0.2
2025-04-21,SKU-1007,WH-01,12,30,67,0.2
2025-04-21,SKU-1008,WH-01,252,80,169,0.2
2025-04-21,SKU-1009,WH-01,548,120,243,0.2
2025-04-21,SKU-1010,WH-01,213,50,113,0.2
2025-04-21,SKU-1011,WH-01,310,80,155,0.2
2025-04-21,SKU-1012,WH-01,531,120,228,0.2
2025-04-21,SKU-1013,WH-01,184,50,105,0.2
2025-04-21,SKU-1014,WH-01,107,50,101,0.2
2025-04-21,SKU-1015,WH-01,0,120,230,0.2
2025-04-21,SKU-1016,WH-01,430,120,264,0.2
2025-04-21,SKU-1017,WH-01,256,50,104,0.2
2025-04-21,SKU-1018,WH-01,373,80,167,0.2
2025-04-21,SKU-1019,WH-01,470,80,189,0.2
2025-04-21,SKU-1020,WH-01,345,120,220,0.2
2025-04-21,SKU-1021,WH-01,148,50,119,0.2
2025-04-21,SKU-1022,WH-01,493,120,266,0.2
2025-04-21,SKU-1023,WH-01,8,50,91,0.2
2025-04-21,SKU-1024,WH-01,127,30,55,0.2
2025-04-21,SKU-1025,WH-01,252,50,102,0.2
2025-04-21,SKU-1026,WH-01,38,80,180,0.2
2025-04-21,SKU-1027,WH-01,85,30,62,0.2
2025-04-21,SKU-1028,WH-01,120,30,58,0.2
2025-04-21,SKU-1029,WH-01,247,50,104,0.2
2025-04-21,SKU-1030,WH-01,208,50,112,0.2
2025-04-21,SKU-1031,WH-01,3,30,67,0.2
2025-04-21,SKU-1032,WH-01,428,120,285,0.2
2025-04-21,SKU-1033,WH-01,551,120,268,0.2
2025-04-21,SKU-1034,WH-01,28,30,69,0.2
2025-04-21,SKU-1035,WH-01,175,50,98,0.2
2025-04-21,SKU-1036,WH-01,392,120,261,0.2
2025-04-21,SKU-1037,WH-01,125,30,66,0.2
2025-04-21,SKU-1038,WH-01,265,80,153,0.2
2025-04-21,SKU-1039,WH-01,247,50,100,0.2
2025-04-21,SKU-1040,WH-01,161,50,104,0.2
2025-04-21,SKU-1041,WH-01,229,120,220,0.2
2025-04-21,SKU-1042,WH-01,125,30,62,0.2
2025-04-21,SKU-1043,WH-01,131,50,113,0.2
2025-04-21,SKU-1044,WH-01,0,50,111,0.2
2025-04-21,SKU-1045,WH-01,323,80,177,0.2
2025-04-21,SKU-1046,WH-01,470,120,230,0.2
2025-04-21,SKU-1047,WH-01,141,30,70,0.2
2025-04-21,SKU-1048,WH-01,602,120,256,0.2
2025-04-21,SKU-1049,WH-01,112,30,58,0.2
2025-04-21,SKU-1050,WH-01,73,30,57,0.2
2025-04-21,SKU-1051,WH-01,270,80,146,0.2
2025-04-21,SKU-1052,WH-01,0,120,276,0.2
2025-04-21,SKU-1053,WH-01,251,80,175,0.2
2025-04-21,SKU-1054,WH-01,135,30,64,0.2
2025-04-21,SKU-1055,WH-01,73,30,60,0.2
2025-04-21,SKU-1056,WH-01,82,30,67,0.2
2025-04-21,SKU-1057,WH-01,144,30,59,0.2
2025-04-21,SKU-1058,WH-01,278,120,244,0.2
2025-04-21,SKU-1059,WH-01,183,50,108,0.2
2025-04-21,SKU-1000,WH-02,237,80,176,0.2
2025-04-21,SKU-1001,WH-02,126,50,108,0.2
2025-04-21,SKU-1002,WH-02,280,80,175,0.2
2025-04-21,SKU-1003,WH-02,415,80,186,0.2
2025-04-21,SKU-1004,WH-02,552,120,262,0.2
2025-04-21,SKU-1005,WH-02,0,80,158,0.2
2025-04-21,SKU-1006,WH-02,196,50,98,0.2
2025-04-21,SKU-1007,WH-02,12,50,106,0.2
2025-04-21,SKU-1008,WH-02,347,80,159,0.2
2025-04-21,SKU-1009,WH-02,103,30,67,0.2
2025-04-21,SKU-1010,WH-02,365,120,240,0.2
2025-04-21,SKU-1011,WH-02,285,80,172,0.2
2025-04-21,SKU-1012,WH-02,150,30,65,0.2
2025-04-21,SKU-1013,WH-02,222,50,97,0.2
2025-04-21,SKU-1014,WH-02,636,120,262,0.2
2025-04-21,SKU-1015,WH-02,78,30,66,0.2
2025-04-21,SKU-1016,WH-02,176,30,71,0.2
2025-04-21,SKU-1017,WH-02,144,50,101,0.2
2025-04-21,SKU-1018,WH-02,120,50,90,0.2
2025-04-21,SKU-1019,WH-02,224,50,93,0.2
2025-04-21,SKU-1020,WH-02,339,80,154,0.2
2025-04-21,SKU-1021,WH-02,268,80,174,0.2
2025-04-21,SKU-1022,WH-02,60,80,170,0.2
2025-04-21,SKU-1023,WH-02,111,30,56,0.2
2025-04-21,SKU-1024,WH-02,182,80,146,0.2
2025-04-21,SKU-1025,WH-02,359,120,259,0.2
2025-04-21,SKU-1026,WH-02,231,120,217,0.2
2025-04-21,SKU-1027,WH-02,201,50,109,0.2
2025-04-21,SKU-1028,WH-02,498,120,242,0.2
2025-04-21,SKU-1029,WH-02,38,50,118,0.2
2025-04-21,SKU-1030,WH-02,340,80,169,0.2
2025-04-21,SKU-1031,WH-02,175,50,112,0.2
2025-04-21,SKU-1032,WH-02,513,120,243,0.2
2025-04-21,SKU-1033,WH-02,338,80,178,0.2
2025-04-21,SKU-1034,WH-02,40,50,98,0.2
2025-04-21,SKU-1035,WH-02,325,120,271,0.2
2025-04-21,SKU-1036,WH-02,207,80,147,0.2
2025-04-21,SKU-1037,WH-02,359,120,231,0.2
2025-04-21,SKU-1038,WH-02,553,120,262,0.2
2025-04-21,SKU-1039,WH-02,192,50,117,0.2
2025-04-21,SKU-1040,WH-02,227,80,172,0.2
2025-04-21,SKU-1041,WH-02,97,30,70,0.2
2025-04-21,SKU-1042,WH-02,499,120,283,0.2
2025-04-21,SKU-1043,WH-02,388,120,265,0.2
2025-04-21,SKU-1044,WH-02,286,80,181,0.2
2025-04-21,SKU-1045,WH-02,406,120,235,0.2
2025-04-21,SKU-1046,WH-02,557,120,276,0.2
2025-04-21,SKU-1047,WH-02,657,120,273,0.2
2025-04-21,SKU-1048,WH-02,0,120,218,0.2
2025-04-21,SKU-1049,WH-02,76,30,68,0.2
2025-04-21,SKU-1050,WH-02,82,30,70,0.2
2025-04-21,SKU-1051,WH-02,329,80,150,0.2
2025-04-21,SKU-1052,WH-02,247,50,116,0.2
2025-04-21,SKU-1053,WH-02,176,80,153,0.2
2025-04-21,SKU-1054,WH-02,192,80,146,0.2
2025-04-21,SKU-1055,WH-02,177,50,117,0.2
2025-04-21,SKU-1056,WH-02,165,30,71,0.2
2025-04-21,SKU-1057,WH-02,424,120,231,0.2
2025-04-21,SKU-1058,WH-02,200,50,119,0.2
2025-04-21,SKU-1059,WH-02,378,80,184,0.2
2025-04-21,SKU-1000,WH-03,130,30,63,0.2
2025-04-21,SKU-1001,WH-03,380,120,235,0.2
2025-04-21,SKU-1002,WH-03,4,80,154,0.2
2025-04-21,SKU-1003,WH-03,59,120,220,0.2
2025-04-21,SKU-1004,WH-03,320,120,244,0.2
2025-04-21,SKU-1005,WH-03,0,80,175,0.2
2025-04-21,SKU-1006,WH-03,245,80,164,0.2
2025-04-21,SKU-1007,WH-03,207,50,108,0.2
2025-04-21,SKU-1008,WH-03,157,30,65,0.2
2025-04-21,SKU-1009,WH-03,611,120,248,0.2
2025-04-21,SKU-1010,WH-03,130,30,68,0.2
2025-04-21,SKU-1011,WH-03,101,50,94,0.2
2025-04-21,SKU-1012,WH-03,340,80,185,0.2
2025-04-21,SKU-1013,WH-03,587,120,268,0.2
2025-04-21,SKU-1014,WH-03,415,80,176,0.2
2025-04-21,SKU-1015,WH-03,0,50,107,0.2
2025-04-21,SKU-1016,WH-03,0,80,162,0.2
2025-04-21,SKU-1017,WH-03,177,80,144,0.2
2025-04-21,SKU-1018,WH-03,375,120,265,0.2
2025-04-21,SKU-1019,WH-03,283,80,150,0.2
2025-04-21,SKU-1020,WH-03,181,50,96,0.2
2025-04-21,SKU-1021,WH-03,338,80,168,0.2
2025-04-21,SKU-1022,WH-03,128,30,66,0.2
2025-04-21,SKU-1023,WH-03,77,80,147,0.2
2025-04-21,SKU-1024,WH-03,77,30,69,0.2
2025-04-21,SKU-1025,WH-03,340,80,160,0.2
2025-04-21,SKU-1026,WH-03,341,80,185,0.2
2025-04-21,SKU-1027,WH-03,181,50,111,0.2
2025-04-21,SKU-1028,WH-03,324,80,159,0.2
2025-04-21,SKU-1029,WH-03,143,30,60,0.2
2025-04-21,SKU-1030,WH-03,0,50,93,0.2
2025-04-21,SKU-1031,WH-03,31,50,115,0.2
2025-04-21,SKU-1032,WH-03,183,50,113,0.2
2025-04-21,SKU-1033,WH-03,128,30,64,0.2
2025-04-21,SKU-1034,WH-03,536,120,263,0.2
2025-04-21,SKU-1035,WH-03,447,80,183,0.2
2025-04-21,SKU-1036,WH-03,376,80,159,0.2
2025-04-21,SKU-1037,WH-03,0,80,160,0.2
2025-04-21,SKU-1038,WH-03,17,120,245,0.2
2025-04-21,SKU-1039,WH-03,212,80,157,0.2
2025-04-21,SKU-1040,WH-03,290,120,244,0.2
2025-04-21,SKU-1041,WH-03,397,80,185,0.2
2025-04-21,SKU-1042,WH-03,302,120,270,0.2
2025-04-21,SKU-1043,WH-03,0,30,55,0.2
2025-04-21,SKU-1044,WH-03,386,120,216,0.2
2025-04-21,SKU-1045,WH-03,518,120,219,0.2
2025-04-21,SKU-1046,WH-03,554,120,271,0.2
2025-04-21,SKU-1047,WH-03,324,120,286,0.2
2025-04-21,SKU-1048,WH-03,399,120,273,0.2
2025-04-21,SKU-1049,WH-03,86,30,68,0.2
2025-04-21,SKU-1050,WH-03,0,120,266,0.2
2025-04-21,SKU-1051,WH-03,263,80,146,0.2
2025-04-21,SKU-1052,WH-03,116,30,71,0.2
2025-04-21,SKU-1053,WH-03,98,30,61,0.2
2025-04-21,SKU-1054,WH-03,38,50,103,0.2
2025-04-21,SKU-1055,WH-03,108,30,66,0.2
2025-04-21,SKU-1056,WH-03,84,30,61,0.2
2025-04-21,SKU-1057,WH-03,467,120,247,0.2
2025-04-21,SKU-1058,WH-03,127,30,55,0.2
2025-04-21,SKU-1059,WH-03,176,50,105,0.2
2025-04-21,SKU-1000,WH-04,89,30,68,0.2
2025-04-21,SKU-1001,WH-04,373,80,152,0.2
2025-04-21,SKU-1002,WH-04,132,30,56,0.2
2025-04-21,SKU-1003,WH-04,217,80,157,0.2
2025-04-21,SKU-1004,WH-04,165,50,94,0.2
2025-04-21,SKU-1005,WH-04,382,80,160,0.2
2025-04-21,SKU-1006,WH-04,110,120,275,0.2
2025-04-21,SKU-1007,WH-04,46,50,110,0.2
2025-04-21,SKU-1008,WH-04,33,80,150,0.2
2025-04-21,SKU-1009,WH-04,310,80,146,0.2
2025-04-21,SKU-1010,WH-04,163,30,69,0.2
2025-04-21,SKU-1011,WH-04,104,30,62,0.2
2025-04-21,SKU-1012,WH-04,430,120,275,0.2
2025-04-21,SKU-1013,WH-04,93,30,67,0.2
2025-04-21,SKU-1014,WH-04,205,80,161,0.2
2025-04-21,SKU-1015,WH-04,108,50,94,0.2
2025-04-21,SKU-1016,WH-04,0,80,183,0.2
2025-04-21,SKU-1017,WH-04,171,50,93,0.2
2025-04-21,SKU-1018,WH-04,407,80,175,0.2
2025-04-21,SKU-1019,WH-04,0,50,110,0.2
2025-04-21,SKU-1020,WH-04,169,50,112,0.2
2025-04-21,SKU-1021,WH-04,128,50,117,0.2
2025-04-21,SKU-1022,WH-04,393,120,256,0.2
2025-04-21,SKU-1023,WH-04,136,50,103,0.2
2025-04-21,SKU-1024,WH-04,25,50,111,0.2
2025-04-21,SKU-1025,WH-04,102,30,65,0.2
2025-04-21,SKU-1026,WH-04,204,50,98,0.2
2025-04-21,SKU-1027,WH-04,326,80,174,0.2
2025-04-21,SKU-1028,WH-04,150,50,108,0.2
2025-04-21,SKU-1029,WH-04,169,50,100,0.2
2025-04-21,SKU-1030,WH-04,26,30,66,0.2
2025-04-21,SKU-1031,WH-04,337,120,228,0.2
2025-04-21,SKU-1032,WH-04,378,80,162,0.2
2025-04-21,SKU-1033,WH-04,388,120,221,0.2
2025-04-21,SKU-1034,WH-04,168,50,90,0.2
2025-04-21,SKU-1035,WH-04,0,30,63,0.2
2025-04-21,SKU-1036,WH-04,507,120,246,0.2
2025-04-21,SKU-1037,WH-04,13,30,57,0.2
2025-04-21,SKU-1038,WH-04,343,80,149,0.2
2025-04-21,SKU-1039,WH-04,165,30,70,0.2
2025-04-21,SKU-1040,WH-04,614,120,286,0.2
2025-04-21,SKU-1041,WH-04,219,80,185,0.2
2025-04-21,SKU-1042,WH-04,191,50,109,0.2
2025-04-21,SKU-1043,WH-04,85,30,66,0.2
2025-04-21,SKU-1044,WH-04,193,50,111,0.2
2025-04-21,SKU-1045,WH-04,390,120,272,0.2
2025-04-21,SKU-1046,WH-04,88,30,69,0.2
2025-04-21,SKU-1047,WH-04,86,120,266,0.2
2025-04-21,SKU-1048,WH-04,204,50,95,0.2
2025-04-21,SKU-1049,WH-04,238,80,190,0.2
2025-04-21,SKU-1050,WH-04,0,80,161,0.2
2025-04-21,SKU-1051,WH-04,0,120,226,0.2
2025-04-21,SKU-1052,WH-04,345,120,244,0.2
2025-04-21,SKU-1053,WH-04,3,30,54,0.2
2025-04-21,SKU-1054,WH-04,295,80,154,0.2
2025-04-21,SKU-1055,WH-04,0,120,279,0.2
2025-04-21,SKU-1056,WH-04,169,50,95,0.2
2025-04-21,SKU-1057,WH-04,36,80,152,0.2
2025-04-21,SKU-1058,WH-04,167,50,112,0.2
2025-04-21,SKU-1059,WH-04,158,50,116,0.2
2025-04-28,SKU-1000,WH-01,346,120,261,0.2
2025-04-28,SKU-1001,WH-01,376,80,182,0.2
2025-04-28,SKU-1002,WH-01,234,80,151,0.2
2025-04-28,SKU-1003,WH-01,358,120,268,0.2
2025-04-28,SKU-1004,WH-01,292,80,168,0.2
2025-04-28,SKU-1005,WH-01,385,120,260,0.2
2025-04-28,SKU-1006,WH-01,95,30,69,0.2
2025-04-28,SKU-1007,WH-01,232,80,151,0.2
2025-04-28,SKU-1008,WH-01,105,50,104,0.2
2025-04-28,SKU-1009,WH-01,140,50,105,0.2
2025-04-28,SKU-1010,WH-01,622,120,249,0.2
2025-04-28,SKU-1011,WH-01,127,30,65,0.2
2025-04-28,SKU-1012,WH-01,69,30,54,0.2
2025-04-28,SKU-1013,WH-01,46,50,99,0.2
2025-04-28,SKU-1014,WH-01,197,50,105,0.2
2025-04-28,SKU-1015,WH-01,181,50,108,0.2
2025-04-28,SKU-1016,WH-01,21,50,112,0.2
2025-04-28,SKU-1017,WH-01,62,120,235,0.2
2025-04-28,SKU-1018,WH-01,209,50,101,0.2
2025-04-28,SKU-1019,WH-01,355,80,182,0.2
2025-04-28,SKU-1020,WH-01,198,50,98,0.2
2025-04-28,SKU-1021,WH-01,169,50,98,0.2
2025-04-28,SKU-1022,WH-01,148,30,68,0.2
2025-04-28,SKU-1023,WH-01,588,120,254,0.2
2025-04-28,SKU-1024,WH-01,492,120,253,0.2
2025-04-28,SKU-1025,WH-01,618,120,271,0.2
2025-04-28,SKU-1026,WH-01,4,50,93,0.2
2025-04-28,SKU-1027,WH-01,85,30,68,0.2
2025-04-28,SKU-1028,WH-01,113,30,59,0.2
2025-04-28,SKU-1029,WH-01,83,30,60,0.2
2025-04-28,SKU-1030,WH-01,280,80,166,0.2
2025-04-28,SKU-1031,WH-01,139,30,60,0.2
2025-04-28,SKU-1032,WH-01,153,50,100,0.2
2025-04-28,SKU-1033,WH-01,330,120,280,0.2
2025-04-28,SKU-1034,WH-01,568,120,269,0.2
2025-04-28,SKU-1035,WH-01,466,120,252,0.2
2025-04-28,SKU-1036,WH-01,73,30,71,0.2
2025-04-28,SKU-1037,WH-01,278,50,119,0.2
2025-04-28,SKU-1038,WH-01,261,80,166,0.2
2025-04-28,SKU-1039,WH-01,602,120,282,0.2
2025-04-28,SKU-1040,WH-01,260,120,218,0.2
2025-04-28,SKU-1041,WH-01,102,30,68,0.2
2025-04-28,SKU-1042,WH-01,465,120,261,0.2
2025-04-28,SKU-1043,WH-01,340,80,186,0.2
2025-04-28,SKU-1044,WH-01,103,30,57,0.2
2025-04-28,SKU-1045,WH-01,216,50,119,0.2
2025-04-28,SKU-1046,WH-01,95,30,54,0.2
2025-04-28,SKU-1047,WH-01,6,30,59,0.2
2025-04-28,SKU-1048,WH-01,123,50,107,0.2
2025-04-28,SKU-1049,WH-01,347,80,177,0.2
2025-04-28,SKU-1050,WH-01,570,120,236,0.2
2025-04-28,SKU-1051,WH-01,95,50,93,0.2
2025-04-28,SKU-1052,WH-01,273,80,162,0.2
2025-04-28,SKU-1053,WH-01,147,30,68,0.2
2025-04-28,SKU-1054,WH-01,11,30,65,0.2
2025-04-28,SKU-1055,WH-01,0,50,104,0.2
2025-04-28,SKU-1056,WH-01,423,80,187,0.2
2025-04-28,SKU-1057,WH-01,73,30,71,0.2
2025-04-28,SKU-1058,WH-01,68,30,64,0.2
2025-04-28,SKU-1059,WH-01,19,30,64,0.2
2025-04-28,SKU-1000,WH-02,5,120,282,0.2
2025-04-28,SKU-1001,WH-02,225,80,182,0.2
2025-04-28,SKU-1002,WH-02,110,50,98,0.2
2025-04-28,SKU-1003,WH-02,197,50,98,0.2
2025-04-28,SKU-1004,WH-02,195,50,92,0.2
2025-04-28,SKU-1005,WH-02,225,80,164,0.2
2025-04-28,SKU-1006,WH-02,478,120,268,0.2
2025-04-28,SKU-1007,WH-02,134,30,71,0.2
2025-04-28,SKU-1008,WH-02,190,80,187,0.2
2025-04-28,SKU-1009,WH-02,379,80,181,0.2
2025-04-28,SKU-1010,WH-02,63,30,60,0.2
2025-04-28,SKU-1011,WH-02,152,30,64,0.2
2025-04-28,SKU-1012,WH-02,205,80,172,0.2
2025-04-28,SKU-1013,WH-02,97,30,56,0.2
2025-04-28,SKU-1014,WH-02,56,80,154,0.2
2025-04-28,SKU-1015,WH-02,148,50,117,0.2
2025-04-28,SKU-1016,WH-02,264,50,113,0.2
2025-04-28,SKU-1017,WH-02,86,30,57,0.2
2025-04-28,SKU-1018,WH-02,131,30,62,0.2
2025-04-28,SKU-1019,WH-02,263,80,161,0.2
2025-04-28,SKU-1020,WH-02,363,80,182,0.2
2025-04-28,SKU-1021,WH-02,82,30,67,0.2
2025-04-28,SKU-1022,WH-02,238,80,176,0.2
2025-04-28,SKU-1023,WH-02,120,30,62,0.2
2025-04-28,SKU-1024,WH-02,257,80,176,0.2
2025-04-28,SKU-1025,WH-02,363,120,257,0.2
2025-04-28,SKU-1026,WH-02,176,50,100,0.2
2025-04-28,SKU-1027,WH-02,392,120,283,0.2
2025-04-28,SKU-1028,WH-02,341,120,226,0.2
2025-04-28,SKU-1029,WH-02,225,50,105,0.2
2025-04-28,SKU-1030,WH-02,279,80,182,0.2
2025-04-28,SKU-1031,WH-02,381,80,179,0.2
2025-04-28,SKU-1032,WH-02,7,50,103,0.2
2025-04-28,SKU-1033,WH-02,96,30,63,0.2
2025-04-28,SKU-1034,WH-02,355,120,227,0.2
2025-04-28,SKU-1035,WH-02,71,30,61,0.2
2025-04-28,SKU-1036,WH-02,212,50,105,0.2
2025-04-28,SKU-1037,WH-02,274,80,145,0.2
2025-04-28,SKU-1038,WH-02,96,30,55,0.2
2025-04-28,SKU-1039,WH-02,0,80,156,0.2
2025-04-28,SKU-1040,WH-02,274,80,186,0.2
2025-04-28,SKU-1041,WH-02,0,120,225,0.2
2025-04-28,SKU-1042,WH-02,380,80,183,0.2
2025-04-28,SKU-1043,WH-02,253,120,229,0.2
2025-04-28,SKU-1044,WH-02,630,120,268,0.2
2025-04-28,SKU-1045,WH-02,500,120,221,0.2
2025-04-28,SKU-1046,WH-02,19,50,99,0.2
2025-04-28,SKU-1047,WH-02,334,80,173,0.2
2025-04-28,SKU-1048,WH-02,552,120,265,0.2
2025-04-28,SKU-1049,WH-02,70,30,69,0.2
2025-04-28,SKU-1050,WH-02,305,80,159,0.2
2025-04-28,SKU-1051,WH-02,395,80,161,0.2
2025-04-28,SKU-1052,WH-02,89,120,249,0.2
2025-04-28,SKU-1053,WH-02,399,80,160,0.2
2025-04-28,SKU-1054,WH-02,217,80,174,0.2
2025-04-28,SKU-1055,WH-02,165,50,115,0.2
2025-04-28,SKU-1056,WH-02,0,30,54,0.2
2025-04-28,SKU-1057,WH-02,65,30,57,0.2
2025-04-28,SKU-1058,WH-02,272,50,119,0.2
2025-04-28,SKU-1059,WH-02,93,30,55,0.2
2025-04-28,SKU-1000,WH-03,324,80,190,0.2
2025-04-28,SKU-1001,WH-03,306,120,236,0.2
2025-04-28,SKU-1002,WH-03,136,30,60,0.2
2025-04-28,SKU-1003,WH-03,360,120,260,0.2
2025-04-28,SKU-1004,WH-03,159,50,105,0.2
2025-04-28,SKU-1005,WH-03,75,30,54,0.2
2025-04-28,SKU-1006,WH-03,400,120,229,0.2
2025-04-28,SKU-1007,WH-03,231,50,93,0.2
2025-04-28,SKU-1008,WH-03,577,120,278,0.2
2025-04-28,SKU-1009,WH-03,346,80,166,0.2
2025-04-28,SKU-1010,WH-03,126,50,110,0.2
2025-04-28,SKU-1011,WH-03,42,50,104,0.2
2025-04-28,SKU-1012,WH-03,48,120,280,0.2
2025-04-28,SKU-1013,WH-03,236,80,181,0.2
2025-04-28,SKU-1014,WH-03,344,120,286,0.2
2025-04-28,SKU-1015,WH-03,390,120,252,0.2
2025-04-28,SKU-1016,WH-03,356,80,173,0.2
2025-04-28,SKU-1017,WH-03,74,120,253,0.2
2025-04-28,SKU-1018,WH-03,124,50,97,0.2
2025-04-28,SKU-1019,WH-03,241,80,185,0.2
2025-04-28,SKU-1020,WH-03,125,30,66,0.2
2025-04-28,SKU-1021,WH-03,394,80,168,0.2
2025-04-28,SKU-1022,WH-03,205,80,150,0.2
2025-04-28,SKU-1023,WH-03,77,80,178,0.2
2025-04-28,SKU-1024,WH-03,160,50,118,0.2
2025-04-28,SKU-1025,WH-03,316,120,246,0.2
2025-04-28,SKU-1026,WH-03,33,50,115,0.2
2025-04-28,SKU-1027,WH-03,564,120,230,0.2
2025-04-28,SKU-1028,WH-03,300,80,191,0.2
2025-04-28,SKU-1029,WH-03,68,30,67,0.2
2025-04-28,SKU-1030,WH-03,423,80,170,0.2
2025-04-28,SKU-1031,WH-03,235,50,115,0.2
2025-04-28,SKU-1032,WH-03,74,30,63,0.2
2025-04-28,SKU-1033,WH-03,0,80,183,0.2
2025-04-28,SKU-1034,WH-03,398,120,241,0.2
2025-04-28,SKU-1035,WH-03,261,50,105,0.2
2025-04-28,SKU-1036,WH-03,40,120,275,0.2
2025-04-28,SKU-1037,WH-03,78,30,63,0.2
2025-04-28,SKU-1038,WH-03,394,120,228,0.2
2025-04-28,SKU-1039,WH-03,9,30,61,0.2
2025-04-28,SKU-1040,WH-03,15,120,250,0.2
2025-04-28,SKU-1041,WH-03,262,50,116,0.2
2025-04-28,SKU-1042,WH-03,140,50,118,0.2
2025-04-28,SKU-1043,WH-03,624,120,260,0.2
2025-04-28,SKU-1044,WH-03,219,50,115,0.2
2025-04-28,SKU-1045,WH-03,373,120,219,0.2
2025-04-28,SKU-1046,WH-03,0,80,171,0.2
2025-04-28,SKU-1047,WH-03,156,30,66,0.2
2025-04-28,SKU-1048,WH-03,326,80,187,0.2
2025-04-28,SKU-1049,WH-03,70,30,64,0.2
2025-04-28,SKU-1050,WH-03,205,80,172,0.2
2025-04-28,SKU-1051,WH-03,118,30,57,0.2
2025-04-28,SKU-1052,WH-03,148,30,71,0.2
2025-04-28,SKU-1053,WH-03,18,50,114,0.2
2025-04-28,SKU-1054,WH-03,539,120,238,0.2
2025-04-28,SKU-1055,WH-03,169,50,109,0.2
2025-04-28,SKU-1056,WH-03,154,30,70,0.2
2025-04-28,SKU-1057,WH-03,333,80,191,0.2
2025-04-28,SKU-1058,WH-03,302,80,151,0.2
2025-04-28,SKU-1059,WH-03,245,50,107,0.2
2025-04-28,SKU-1000,WH-04,0,120,281,0.2
2025-04-28,SKU-1001,WH-04,359,120,278,0.2
2025-04-28,SKU-1002,WH-04,140,30,62,0.2
2025-04-28,SKU-1003,WH-04,479,120,229,0.2
2025-04-28,SKU-1004,WH-04,68,30,64,0.2
2025-04-28,SKU-1005,WH-04,151,80,145,0.2
2025-04-28,SKU-1006,WH-04,234,120,226,0.2
2025-04-28,SKU-1007,WH-04,369,120,256,0.2
2025-04-28,SKU-1008,WH-04,151,30,66,0.2
2025-04-28,SKU-1009,WH-04,230,80,164,0.2
2025-04-28,SKU-1010,WH-04,111,50,91,0.2
2025-04-28,SKU-1011,WH-04,143,50,103,0.2
2025-04-28,SKU-1012,WH-04,337,120,229,0.2
2025-04-28,SKU-1013,WH-04,65,30,57,0.2
2025-04-28,SKU-1014,WH-04,107,30,59,0.2
2025-04-28,SKU-1015,WH-04,261,80,155,0.2
2025-04-28,SKU-1016,WH-04,115,50,98,0.2
2025-04-28,SKU-1017,WH-04,37,80,153,0.2
2025-04-28,SKU-1018,WH-04,170,50,96,0.2
2025-04-28,SKU-1019,WH-04,241,50,106,0.2
2025-04-28,SKU-1020,WH-04,345,80,161,0.2
2025-04-28,SKU-1021,WH-04,351,80,180,0.2
2025-04-28,SKU-1022,WH-04,6,30,63,0.2
2025-04-28,SKU-1023,WH-04,8,30,66,0.2
2025-04-28,SKU-1024,WH-04,444,80,178,0.2
2025-04-28,SKU-1025,WH-04,341,80,190,0.2
2025-04-28,SKU-1026,WH-04,27,80,146,0.2
2025-04-28,SKU-1027,WH-04,442,80,184,0.2
2025-04-28,SKU-1028,WH-04,100,30,59,0.2
2025-04-28,SKU-1029,WH-04,0,50,116,0.2
2025-04-28,SKU-1030,WH-04,155,50,117,0.2
2025-04-28,SKU-1031,WH-04,225,80,144,0.2
2025-04-28,SKU-1032,WH-04,160,30,71,0.2
2025-04-28,SKU-1033,WH-04,108,50,106,0.2
2025-04-28,SKU-1034,WH-04,156,50,104,0.2
2025-04-28,SKU-1035,WH-04,417,80,168,0.2
2025-04-28,SKU-1036,WH-04,173,50,101,0.2
2025-04-28,SKU-1037,WH-04,174,50,113,0.2
2025-04-28,SKU-1038,WH-04,140,50,91,0.2
2025-04-28,SKU-1039,WH-04,102,50,97,0.2
2025-04-28,SKU-1040,WH-04,147,50,91,0.2
2025-04-28,SKU-1041,WH-04,116,50,115,0.2
2025-04-28,SKU-1042,WH-04,452,120,269,0.2
2025-04-28,SKU-1043,WH-04,554,120,227,0.2
2025-04-28,SKU-1044,WH-04,614,120,268,0.2
2025-04-28,SKU-1045,WH-04,93,30,57,0.2
2025-04-28,SKU-1046,WH-04,41,120,216,0.2
2025-04-28,SKU-1047,WH-04,207,50,117,0.2
2025-04-28,SKU-1048,WH-04,90,30,59,0.2
2025-04-28,SKU-1049,WH-04,548,120,223,0.2
2025-04-28,SKU-1050,WH-04,9,30,66,0.2
2025-04-28,SKU-1051,WH-04,16,50,95,0.2
2025-04-28,SKU-1052,WH-04,316,120,229,0.2
2025-04-28,SKU-1053,WH-04,109,30,55,0.2
2025-04-28,SKU-1054,WH-04,121,30,66,0.2
2025-04-28,SKU-1055,WH-04,574,120,240,0.2
2025-04-28,SKU-1056,WH-04,51,120,253,0.2
2025-04-28,SKU-1057,WH-04,189,80,165,0.2
2025-04-28,SKU-1058,WH-04,263,120,234,0.2
2025-04-28,SKU-1059,WH-04,670,120,282,0.2
2025-05-05,SKU-1000,WH-01,596,120,242,0.2
2025-05-05,SKU-1001,WH-01,95,30,62,0.2
2025-05-05,SKU-1002,WH-01,62,30,62,0.2
2025-05-05,SKU-1003,WH-01,283,120,217,0.2
2025-05-05,SKU-1004,WH-01,186,50,107,0.2
2025-05-05,SKU-1005,WH-01,173,50,106,0.2
2025-05-05,SKU-1006,WH-01,146,30,62,0.2
2025-05-05,SKU-1007,WH-01,60,80,146,0.2
2025-05-05,SKU-1008,WH-01,225,80,177,0.2
2025-05-05,SKU-1009,WH-01,324,120,273,0.2
2025-05-05,SKU-1010,WH-01,83,30,63,0.2
2025-05-05,SKU-1011,WH-01,85,30,55,0.2
2025-05-05,SKU-1012,WH-01,0,50,106,0.2
2025-05-05,SKU-1013,WH-01,244,50,115,0.2
2025-05-05,SKU-1014,WH-01,264,120,242,0.2
2025-05-05,SKU-1015,WH-01,255,120,247,0.2
2025-05-05,SKU-1016,WH-01,667,120,278,0.2
2025-05-05,SKU-1017,WH-01,287,80,151,0.2
2025-05-05,SKU-1018,WH-01,76,80,146,0.2
2025-05-05,SKU-1019,WH-01,0,50,109,0.2
2025-05-05,SKU-1020,WH-01,245,80,156,0.2
2025-05-05,SKU-1021,WH-01,86,120,219,0.2
2025-05-05,SKU-1022,WH-01,261,120,253,0.2
2025-05-05,SKU-1023,WH-01,297,80,162,0.2
2025-05-05,SKU-1024,WH-01,352,80,177,0.2
2025-05-05,SKU-1025,WH-01,232,50,110,0.2
2025-05-05,SKU-1026,WH-01,12,80,182,0.2
2025-05-05,SKU-1027,WH-01,89,30,62,0.2
2025-05-05,SKU-1028,WH-01,4,50,97,0.2
2025-05-05,SKU-1029,WH-01,176,50,100,0.2
2025-05-05,SKU-1030,WH-01,136,30,61,0.2
2025-05-05,SKU-1031,WH-01,421,120,216,0.2
2025-05-05,SKU-1032,WH-01,243,80,167,0.2
2025-05-05,SKU-1033,WH-01,126,30,60,0.2
2025-05-05,SKU-1034,WH-01,209,80,172,0.2
2025-05-05,SKU-1035,WH-01,170,50,103,0.2
2025-05-05,SKU-1036,WH-01,117,50,111,0.2
2025-05-05,SKU-1037,WH-01,19,50,92,0.2
2025-05-05,SKU-1038,WH-01,126,30,62,0.2
2025-05-05,SKU-1039,WH-01,334,120,256,0.2
2025-05-05,SKU-1040,WH-01,77,30,59,0.2
2025-05-05,SKU-1041,WH-01,40,50,101,0.2
2025-05-05,SKU-1042,WH-01,552,120,260,0.2
2025-05-05,SKU-1043,WH-01,210,80,144,0.2
2025-05-05,SKU-1044,WH-01,482,120,271,0.2
2025-05-05,SKU-1045,WH-01,204,50,93,0.2
2025-05-05,SKU-1046,WH-01,334,80,179,0.2
2025-05-05,SKU-1047,WH-01,112,50,100,0.2
2025-05-05,SKU-1048,WH-01,127,30,68,0.2
2025-05-05,SKU-1049,WH-01,0,80,179,0.2
2025-05-05,SKU-1050,WH-01,351,120,222,0.2
2025-05-05,SKU-1051,WH-01,169,50,108,0.2
2025-05-05,SKU-1052,WH-01,455,120,238,0.2
2025-05-05,SKU-1053,WH-01,250,50,103,0.2
2025-05-05,SKU-1054,WH-01,84,30,70,0.2
2025-05-05,SKU-1055,WH-01,515,120,285,0.2
2025-05-05,SKU-1056,WH-01,469,80,188,0.2
2025-05-05,SKU-1057,WH-01,120,30,69,0.2
2025-05-05,SKU-1058,WH-01,107,50,95,0.2
2025-05-05,SKU-1059,WH-01,0,120,251,0.2
2025-05-05,SKU-1000,WH-02,207,80,149,0.2
2025-05-05,SKU-1001,WH-02,310,80,147,0.2
2025-05-05,SKU-1002,WH-02,362,120,234,0.2
2025-05-05,SKU-1003,WH-02,0,120,240,0.2
2025-05-05,SKU-1004,WH-02,61,80,156,0.2
2025-05-05,SKU-1005,WH-02,102,30,70,0.2
2025-05-05,SKU-1006,WH-02,381,80,153,0.2
2025-05-05,SKU-1007,WH-02,102,50,98,0.2
2025-05-05,SKU-1008,WH-02,61,30,55,0.2
2025-05-05,SKU-1009,WH-02,137,30,62,0.2
2025-05-05,SKU-1010,WH-02,0,30,66,0.2
2025-05-05,SKU-1011,WH-02,368,80,172,0.2
2025-05-05,SKU-1012,WH-02,147,50,103,0.2
2025-05-05,SKU-1013,WH-02,106,30,57,0.2
2025-05-05,SKU-1014,WH-02,154,50,99,0.2
2025-05-05,SKU-1015,WH-02,272,50,117,0.2
2025-05-05,SKU-1016,WH-02,362,80,163,0.2
2025-05-05,SKU-1017,WH-02,273,120,265,0.2
2025-05-05,SKU-1018,WH-02,398,120,276,0.2
2025-05-05,SKU-1019,WH-02,217,50,106,0.2
2025-05-05,SKU-1020,WH-02,493,120,255,0.2
2025-05-05,SKU-1021,WH-02,240,80,186,0.2
2025-05-05,SKU-1022,WH-02,206,80,174,0.2
2025-05-05,SKU-1023,WH-02,23,30,70,0.2
2025-05-05,SKU-1024,WH-02,379,120,253,0.2
2025-05-05,SKU-1025,WH-02,150,50,116,0.2
2025-05-05,SKU-1026,WH-02,139,50,104,0.2
2025-05-05,SKU-1027,WH-02,131,50,118,0.2
2025-05-05,SKU-1028,WH-02,5,30,70,0.2
2025-05-05,SKU-1029,WH-02,393,120,247,0.2
2025-05-05,SKU-1030,WH-02,7,80,175,0.2
2025-05-05,SKU-1031,WH-02,38,50,99,0.2
2025-05-05,SKU-1032,WH-02,212,80,189,0.2
2025-05-05,SKU-1033,WH-02,333,120,245,0.2
2025-05-05,SKU-1034,WH-02,525,120,250,0.2
2025-05-05,SKU-1035,WH-02,124,50,98,0.2
2025-05-05,SKU-1036,WH-02,489,120,271,0.2
2025-05-05,SKU-1037,WH-02,182,50,105,0.2
2025-05-05,SKU-1038,WH-02,30,50,106,0.2
2025-05-05,SKU-1039,WH-02,167,80,151,0.2
2025-05-05,SKU-1040,WH-02,202,50,99,0.2
2025-05-05,SKU-1041,WH-02,392,120,265,0.2
2025-05-05,SKU-1042,WH-02,27,30,66,0.2
2025-05-05,SKU-1043,WH-02,279,120,246,0.2
2025-05-05,SKU-1044,WH-02,233,50,111,0.2
2025-05-05,SKU-1045,WH-02,4,30,61,0.2
2025-05-05,SKU-1046,WH-02,390,80,175,0.2
2025-05-05,SKU-1047,WH-02,535,120,253,0.2
2025-05-05,SKU-1048,WH-02,486,120,272,0.2
2025-05-05,SKU-1049,WH-02,466,80,189,0.2
2025-05-05,SKU-1050,WH-02,425,120,252,0.2
2025-05-05,SKU-1051,WH-02,249,50,115,0.2
2025-05-05,SKU-1052,WH-02,0,30,70,0.2
2025-05-05,SKU-1053,WH-02,392,80,189,0.2
2025-05-05,SKU-1054,WH-02,12,30,65,0.2
2025-05-05,SKU-1055,WH-02,3,30,67,0.2
2025-05-05,SKU-1056,WH-02,134,30,68,0.2
2025-05-05,SKU-1057,WH-02,0,30,64,0.2
2025-05-05,SKU-1058,WH-02,222,50,97,0.2
2025-05-05,SKU-1059,WH-02,601,120,243,0.2
2025-05-05,SKU-1000,WH-03,115,30,59,0.2
2025-05-05,SKU-1001,WH-03,0,120,244,0.2
2025-05-05,SKU-1002,WH-03,281,80,157,0.2
2025-05-05,SKU-1003,WH-03,358,120,226,0.2
2025-05-05,SKU-1004,WH-03,12,30,68,0.2
2025-05-05,SKU-1005,WH-03,365,80,181,0.2
2025-05-05,SKU-1006,WH-03,244,80,158,0.2
2025-05-05,SKU-1007,WH-03,159,80,149,0.2
2025-05-05,SKU-1008,WH-03,65,30,61,0.2
2025-05-05,SKU-1009,WH-03,0,30,63,0.2
2025-05-05,SKU-1010,WH-03,375,120,219,0.2
2025-05-05,SKU-1011,WH-03,116,50,100,0.2
2025-05-05,SKU-1012,WH-03,406,80,164,0.2
2025-05-05,SKU-1013,WH-03,96,30,67,0.2
2025-05-05,SKU-1014,WH-03,251,50,105,0.2
2025-05-05,SKU-1015,WH-03,87,30,63,0.2
2025-05-05,SKU-1016,WH-03,285,80,170,0.2
2025-05-05,SKU-1017,WH-03,148,50,105,0.2
2025-05-05,SKU-1018,WH-03,75,30,54,0.2
2025-05-05,SKU-1019,WH-03,218,80,191,0.2
2025-05-05,SKU-1020,WH-03,318,120,261,0.2
2025-05-05,SKU-1021,WH-03,316,80,166,0.2
2025-05-05,SKU-1022,WH-03,111,30,56,0.2
2025-05-05,SKU-1023,WH-03,408,120,218,0.2
2025-05-05,SKU-1024,WH-03,147,50,90,0.2
2025-05-05,SKU-1025,WH-03,14,80,149,0.2
2025-05-05,SKU-1026,WH-03,81,30,54,0.2
2025-05-05,SKU-1027,WH-03,158,30,64,0.2
2025-05-05,SKU-1028,WH-03,133,50,101,0.2
2025-05-05,SKU-1029,WH-03,456,120,233,0.2
2025-05-05,SKU-1030,WH-03,235,80,155,0.2
2025-05-05,SKU-1031,WH-03,238,80,158,0.2
2025-05-05,SKU-1032,WH-03,123,50,102,0.2
2025-05-05,SKU-1033,WH-03,0,80,167,0.2
2025-05-05,SKU-1034,WH-03,327,80,179,0.2
2025-05-05,SKU-1035,WH-03,194,50,113,0.2
2025-05-05,SKU-1036,WH-03,283,80,175,0.2
2025-05-05,SKU-1037,WH-03,378,120,272,0.2
2025-05-05,SKU-1038,WH-03,94,120,284,0.2
2025-05-05,SKU-1039,WH-03,28,30,57,0.2
2025-05-05,SKU-1040,WH-03,100,30,65,0.2
2025-05-05,SKU-1041,WH-03,201,80,170,0.2
2025-05-05,SKU-1042,WH-03,125,50,105,0.2
2025-05-05,SKU-1043,WH-03,0,50,116,0.2
2025-05-05,SKU-1044,WH-03,405,80,165,0.2
2025-05-05,SKU-1045,WH-03,202,80,167,0.2
2025-05-05,SKU-1046,WH-03,193,50,119,0.2
2025-05-05,SKU-1047,WH-03,12,80,189,0.2
2025-05-05,SKU-1048,WH-03,213,50,99,0.2
2025-05-05,SKU-1049,WH-03,548,120,227,0.2
2025-05-05,SKU-1050,WH-03,253,50,115,0.2
2025-05-05,SKU-1051,WH-03,328,120,237,0.2
2025-05-05,SKU-1052,WH-03,46,80,150,0.2
2025-05-05,SKU-1053,WH-03,99,30,55,0.2
2025-05-05,SKU-1054,WH-03,158,50,104,0.2
2025-05-05,SKU-1055,WH-03,221,50,90,0.2
2025-05-05,SKU-1056,WH-03,0,30,65,0.2
2025-05-05,SKU-1057,WH-03,292,80,171,0.2
2025-05-05,SKU-1058,WH-03,86,120,246,0.2
2025-05-05,SKU-1059,WH-03,137,30,56,0.2
2025-05-05,SKU-1000,WH-04,255,50,107,0.2
2025-05-05,SKU-1001,WH-04,227,80,173,0.2
2025-05-05,SKU-1002,WH-04,211,80,156,0.2
2025-05-05,SKU-1003,WH-04,127,50,101,0.2
2025-05-05,SKU-1004,WH-04,128,30,57,0.2
2025-05-05,SKU-1005,WH-04,46,120,257,0.2
2025-05-05,SKU-1006,WH-04,153,50,111,0.2
2025-05-05,SKU-1007,WH-04,179,80,172,0.2
2025-05-05,SKU-1008,WH-04,114,50,99,0.2
2025-05-05,SKU-1009,WH-04,15,30,55,0.2
2025-05-05,SKU-1010,WH-04,405,80,170,0.2
2025-05-05,SKU-1011,WH-04,135,50,105,0.2
2025-05-05,SKU-1012,WH-04,439,120,286,0.2
2025-05-05,SKU-1013,WH-04,72,30,71,0.2
2025-05-05,SKU-1014,WH-04,131,30,69,0.2
2025-05-05,SKU-1015,WH-04,139,30,64,0.2
2025-05-05,SKU-1016,WH-04,96,30,64,0.2
2025-05-05,SKU-1017,WH-04,213,50,107,0.2
2025-05-05,SKU-1018,WH-04,103,50,94,0.2
2025-05-05,SKU-1019,WH-04,102,50,92,0.2
2025-05-05,SKU-1020,WH-04,152,50,114,0.2
2025-05-05,SKU-1021,WH-04,386,120,260,0.2
2025-05-05,SKU-1022,WH-04,487,120,244,0.2
2025-05-05,SKU-1023,WH-04,217,50,113,0.2
2025-05-05,SKU-1024,WH-04,75,30,66,0.2
2025-05-05,SKU-1025,WH-04,129,30,70,0.2
2025-05-05,SKU-1026,WH-04,270,80,157,0.2
2025-05-05,SKU-1027,WH-04,690,120,286,0.2
2025-05-05,SKU-1028,WH-04,536,120,235,0.2
2025-05-05,SKU-1029,WH-04,92,30,54,0.2
2025-05-05,SKU-1030,WH-04,188,50,92,0.2
2025-05-05,SKU-1031,WH-04,219,50,102,0.2
2025-05-05,SKU-1032,WH-04,503,120,226,0.2
2025-05-05,SKU-1033,WH-04,112,120,244,0.2
2025-05-05,SKU-1034,WH-04,67,30,60,0.2
2025-05-05,SKU-1035,WH-04,209,80,179,0.2
2025-05-05,SKU-1036,WH-04,246,120,235,0.2
2025-05-05,SKU-1037,WH-04,73,120,273,0.2
2025-05-05,SKU-1038,WH-04,314,120,237,0.2
2025-05-05,SKU-1039,WH-04,223,80,158,0.2
2025-05-05,SKU-1040,WH-04,361,120,230,0.2
2025-05-05,SKU-1041,WH-04,403,120,277,0.2
2025-05-05,SKU-1042,WH-04,129,30,60,0.2
2025-05-05,SKU-1043,WH-04,397,120,270,0.2
2025-05-05,SKU-1044,WH-04,440,120,233,0.2
2025-05-05,SKU-1045,WH-04,339,120,236,0.2
2025-05-05,SKU-1046,WH-04,134,30,54,0.2
2025-05-05,SKU-1047,WH-04,672,120,285,0.2
2025-05-05,SKU-1048,WH-04,333,80,158,0.2
2025-05-05,SKU-1049,WH-04,361,80,156,0.2
2025-05-05,SKU-1050,WH-04,369,120,236,0.2
2025-05-05,SKU-1051,WH-04,147,30,71,0.2
2025-05-05,SKU-1052,WH-04,125,50,100,0.2
2025-05-05,SKU-1053,WH-04,92,30,71,0.2
2025-05-05,SKU-1054,WH-04,188,50,103,0.2
2025-05-05,SKU-1055,WH-04,335,120,226,0.2
2025-05-05,SKU-1056,WH-04,127,50,96,0.2
2025-05-05,SKU-1057,WH-04,117,50,98,0.2
2025-05-05,SKU-1058,WH-04,273,50,114,0.2
2025-05-05,SKU-1059,WH-04,370,80,177,0.2
2025-05-12,SKU-1000,WH-01,275,80,167,0.2
2025-05-12,SKU-1001,WH-01,220,120,219,0.2
2025-05-12,SKU-1002,WH-01,126,30,69,0.2
2025-05-12,SKU-1003,WH-01,76,30,58,0.2
2025-05-12,SKU-1004,WH-01,241,50,119,0.2
2025-05-12,SKU-1005,WH-01,403,120,226,0.2
2025-05-12,SKU-1006,WH-01,356,80,146,0.2
2025-05-12,SKU-1007,WH-01,283,50,116,0.2
2025-05-12,SKU-1008,WH-01,253,80,146,0.2
2025-05-12,SKU-1009,WH-01,24,80,166,0.2
2025-05-12,SKU-1010,WH-01,77,30,55,0.2
2025-05-12,SKU-1011,WH-01,117,30,56,0.2
2025-05-12,SKU-1012,WH-01,189,80,146,0.2
2025-05-12,SKU-1013,WH-01,119,30,64,0.2
2025-05-12,SKU-1014,WH-01,250,50,115,0.2
2025-05-12,SKU-1015,WH-01,210,50,93,0.2
2025-05-12,SKU-1016,WH-01,192,50,100,0.2
2025-05-12,SKU-1017,WH-01,224,50,102,0.2
2025-05-12,SKU-1018,WH-01,240,50,98,0.2
2025-05-12,SKU-1019,WH-01,256,80,144,0.2
2025-05-12,SKU-1020,WH-01,391,120,247,0.2
2025-05-12,SKU-1021,WH-01,652,120,265,0.2
2025-05-12,SKU-1022,WH-01,74,120,275,0.2
2025-05-12,SKU-1023,WH-01,392,120,281,0.2
2025-05-12,SKU-1024,WH-01,107,30,54,0.2
2025-05-12,SKU-1025,WH-01,532,120,247,0.2
2025-05-12,SKU-1026,WH-01,150,50,110,0.2
2025-05-12,SKU-1027,WH-01,0,120,286,0.2
2025-05-12,SKU-1028,WH-01,269,120,218,0.2
2025-05-12,SKU-1029,WH-01,475,120,280,0.2
2025-05-12,SKU-1030,WH-01,133,30,65,0.2
2025-05-12,SKU-1031,WH-01,430,120,265,0.2
2025-05-12,SKU-1032,WH-01,193,50,93,0.2
2025-05-12,SKU-1033,WH-01,236,50,100,0.2
2025-05-12,SKU-1034,WH-01,246,50,104,0.2
2025-05-12,SKU-1035,WH-01,369,80,176,0.2
2025-05-12,SKU-1036,WH-01,0,50,105,0.2
2025-05-12,SKU-1037,WH-01,1,50,105,0.2
2025-05-12,SKU-1038,WH-01,471,120,259,0.2
2025-05-12,SKU-1039,WH-01,347,120,248,0.2
2025-05-12,SKU-1040,WH-01,122,30,54,0.2
2025-05-12,SKU-1041,WH-01,50,120,233,0.2
2025-05-12,SKU-1042,WH-01,102,30,60,0.2
2025-05-12,SKU-1043,WH-01,703,120,287,0.2
2025-05-12,SKU-1044,WH-01,556,120,226,0.2
2025-05-12,SKU-1045,WH-01,308,80,159,0.2
2025-05-12,SKU-1046,WH-01,228,50,113,0.2
2025-05-12,SKU-1047,WH-01,160,50,112,0.2
2025-05-12,SKU-1048,WH-01,12,30,69,0.2
2025-05-12,SKU-1049,WH-01,130,30,58,0.2
2025-05-12,SKU-1050,WH-01,23,50,106,0.2
2025-05-12,SKU-1051,WH-01,20,80,159,0.2
2025-05-12,SKU-1052,WH-01,242,50,107,0.2
2025-05-12,SKU-1053,WH-01,373,120,269,0.2
2025-05-12,SKU-1054,WH-01,121,30,58,0.2
2025-05-12,SKU-1055,WH-01,367,120,224,0.2
2025-05-12,SKU-1056,WH-01,0,50,96,0.2
2025-05-12,SKU-1057,WH-01,301,120,229,0.2
2025-05-12,SKU-1058,WH-01,141,50,97,0.2
2025-05-12,SKU-1059,WH-01,125,50,114,0.2
2025-05-12,SKU-1000,WH-02,499,120,221,0.2
2025-05-12,SKU-1001,WH-02,311,80,170,0.2
2025-05-12,SKU-1002,WH-02,121,30,67,0.2
2025-05-12,SKU-1003,WH-02,203,80,165,0.2
2025-05-12,SKU-1004,WH-02,0,120,216,0.2
2025-05-12,SKU-1005,WH-02,134,30,67,0.2
2025-05-12,SKU-1006,WH-02,212,80,147,0.2
2025-05-12,SKU-1007,WH-02,347,120,229,0.2
2025-05-12,SKU-1008,WH-02,358,120,232,0.2
2025-05-12,SKU-1009,WH-02,452,120,250,0.2
2025-05-12,SKU-1010,WH-02,146,30,69,0.2
2025-05-12,SKU-1011,WH-02,0,30,60,0.2
2025-05-12,SKU-1012,WH-02,65,30,55,0.2
2025-05-12,SKU-1013,WH-02,0,30,61,0.2
2025-05-12,SKU-1014,WH-02,118,30,55,0.2
2025-05-12,SKU-1015,WH-02,0,30,62,0.2
2025-05-12,SKU-1016,WH-02,153,30,63,0.2
2025-05-12,SKU-1017,WH-02,70,30,59,0.2
2025-05-12,SKU-1018,WH-02,292,120,261,0.2
2025-05-12,SKU-1019,WH-02,141,30,64,0.2
2025-05-12,SKU-1020,WH-02,570,120,280,0.2
2025-05-12,SKU-1021,WH-02,37,120,225,0.2
2025-05-12,SKU-1022,WH-02,251,50,118,0.2
2025-05-12,SKU-1023,WH-02,473,120,228,0.2
2025-05-12,SKU-1024,WH-02,20,120,238,0.2
2025-05-12,SKU-1025,WH-02,114,30,71,0.2
2025-05-12,SKU-1026,WH-02,357,120,287,0.2
2025-05-12,SKU-1027,WH-02,298,80,164,0.2
2025-05-12,SKU-1028,WH-02,395,120,252,0.2
2025-05-12,SKU-1029,WH-02,496,120,234,0.2
2025-05-12,SKU-1030,WH-02,414,80,172,0.2
2025-05-12,SKU-1031,WH-02,551,120,238,0.2
2025-05-12,SKU-1032,WH-02,169,30,68,0.2
2025-05-12,SKU-1033,WH-02,114,50,107,0.2
2025-05-12,SKU-1034,WH-02,316,80,153,0.2
2025-05-12,SKU-1035,WH-02,174,50,118,0.2
2025-05-12,SKU-1036,WH-02,147,50,104,0.2
2025-05-12,SKU-1037,WH-02,0,30,58,0.2
2025-05-12,SKU-1038,WH-02,82,30,65,0.2
2025-05-12,SKU-1039,WH-02,0,80,159,0.2
2025-05-12,SKU-1040,WH-02,565,120,233,0.2
2025-05-12,SKU-1041,WH-02,258,80,175,0.2
2025-05-12,SKU-1042,WH-02,134,30,61,0.2
2025-05-12,SKU-1043,WH-02,90,30,60,0.2
2025-05-12,SKU-1044,WH-02,220,80,186,0.2
2025-05-12,SKU-1045,WH-02,383,80,161,0.2
2025-05-12,SKU-1046,WH-02,573,120,264,0.2
2025-05-12,SKU-1047,WH-02,324,80,184,0.2
2025-05-12,SKU-1048,WH-02,205,80,159,0.2
2025-05-12,SKU-1049,WH-02,396,120,240,0.2
2025-05-12,SKU-1050,WH-02,90,30,63,0.2
2025-05-12,SKU-1051,WH-02,225,50,106,0.2
2025-05-12,SKU-1052,WH-02,307,120,216,0.2
2025-05-12,SKU-1053,WH-02,103,30,62,0.2
2025-05-12,SKU-1054,WH-02,9,80,184,0.2
2025-05-12,SKU-1055,WH-02,60,30,54,0.2
2025-05-12,SKU-1056,WH-02,231,50,102,0.2
2025-05-12,SKU-1057,WH-02,0,50,106,0.2
2025-05-12,SKU-1058,WH-02,187,50,115,0.2
2025-05-12,SKU-1059,WH-02,334,80,190,0.2
2025-05-12,SKU-1000,WH-03,49,80,145,0.2
2025-05-12,SKU-1001,WH-03,15,80,175,0.2
2025-05-12,SKU-1002,WH-03,137,30,58,0.2
2025-05-12,SKU-1003,WH-03,643,120,258,0.2
2025-05-12,SKU-1004,WH-03,204,50,91,0.2
2025-05-12,SKU-1005,WH-03,32,120,221,0.2
2025-05-12,SKU-1006,WH-03,144,30,70,0.2
2025-05-12,SKU-1007,WH-03,252,80,158,0.2
2025-05-12,SKU-1008,WH-03,12,80,154,0.2
2025-05-12,SKU-1009,WH-03,413,80,166,0.2
2025-05-12,SKU-1010,WH-03,527,120,274,0.2
2025-05-12,SKU-1011,WH-03,128,50,95,0.2
2025-05-12,SKU-1012,WH-03,376,120,260,0.2
2025-05-12,SKU-1013,WH-03,518,120,285,0.2
2025-05-12,SKU-1014,WH-03,341,80,190,0.2
2025-05-12,SKU-1015,WH-03,11,30,69,0.2
2025-05-12,SKU-1016,WH-03,283,80,179,0.2
2025-05-12,SKU-1017,WH-03,328,120,230,0.2
2025-05-12,SKU-1018,WH-03,62,30,58,0.2
2025-05-12,SKU-1019,WH-03,353,80,174,0.2
2025-05-12,SKU-1020,WH-03,246,80,152,0.2
2025-05-12,SKU-1021,WH-03,194,50,112,0.2
2025-05-12,SKU-1022,WH-03,187,50,99,0.2
2025-05-12,SKU-1023,WH-03,285,80,176,0.2
2025-05-12,SKU-1024,WH-03,212,50,116,0.2
2025-05-12,SKU-1025,WH-03,1,120,266,0.2
2025-05-12,SKU-1026,WH-03,505,120,279,0.2
2025-05-12,SKU-1027,WH-03,234,80,154,0.2
2025-05-12,SKU-1028,WH-03,239,50,106,0.2
2025-05-12,SKU-1029,WH-03,164,80,155,0.2
2025-05-12,SKU-1030,WH-03,237,80,191,0.2
2025-05-12,SKU-1031,WH-03,339,80,157,0.2
2025-05-12,SKU-1032,WH-03,225,50,119,0.2
2025-05-12,SKU-1033,WH-03,137,30,63,0.2
2025-05-12,SKU-1034,WH-03,112,30,60,0.2
2025-05-12,SKU-1035,WH-03,399,80,162,0.2
2025-05-12,SKU-1036,WH-03,22,30,58,0.2
2025-05-12,SKU-1037,WH-03,295,120,254,0.2
2025-05-12,SKU-1038,WH-03,629,120,267,0.2
2025-05-12,SKU-1039,WH-03,183,50,107,0.2
2025-05-12,SKU-1040,WH-03,459,120,234,0.2
2025-05-12,SKU-1041,WH-03,140,50,97,0.2
2025-05-12,SKU-1042,WH-03,369,80,176,0.2
2025-05-12,SKU-1043,WH-03,132,30,63,0.2
2025-05-12,SKU-1044,WH-03,302,120,265,0.2
2025-05-12,SKU-1045,WH-03,159,50,110,0.2
2025-05-12,SKU-1046,WH-03,129,30,56,0.2
2025-05-12,SKU-1047,WH-03,378,80,159,0.2
2025-05-12,SKU-1048,WH-03,10,50,102,0.2
2025-05-12,SKU-1049,WH-03,168,50,102,0.2
2025-05-12,SKU-1050,WH-03,187,80,176,0.2
2025-05-12,SKU-1051,WH-03,527,120,216,0.2
2025-05-12,SKU-1052,WH-03,0,30,61,0.2
2025-05-12,SKU-1053,WH-03,282,120,252,0.2
2025-05-12,SKU-1054,WH-03,117,30,67,0.2
2025-05-12,SKU-1055,WH-03,270,120,234,0.2
2025-05-12,SKU-1056,WH-03,24,30,65,0.2
2025-05-12,SKU-1057,WH-03,100,50,90,0.2
2025-05-12,SKU-1058,WH-03,114,30,56,0.2
2025-05-12,SKU-1059,WH-03,407,80,191,0.2
2025-05-12,SKU-1000,WH-04,298,80,147,0.2
2025-05-12,SKU-1001,WH-04,82,30,66,0.2
2025-05-12,SKU-1002,WH-04,141,30,58,0.2
2025-05-12,SKU-1003,WH-04,271,50,114,0.2
2025-05-12,SKU-1004,WH-04,62,30,54,0.2
2025-05-12,SKU-1005,WH-04,137,50,103,0.2
2025-05-12,SKU-1006,WH-04,133,30,70,0.2
2025-05-12,SKU-1007,WH-04,296,120,263,0.2
2025-05-12,SKU-1008,WH-04,285,120,274,0.2
2025-05-12,SKU-1009,WH-04,166,30,68,0.2
2025-05-12,SKU-1010,WH-04,108,30,63,0.2
2025-05-12,SKU-1011,WH-04,99,50,98,0.2
2025-05-12,SKU-1012,WH-04,162,50,95,0.2
2025-05-12,SKU-1013,WH-04,287,80,177,0.2
2025-05-12,SKU-1014,WH-04,572,120,234,0.2
2025-05-12,SKU-1015,WH-04,354,120,228,0.2
2025-05-12,SKU-1016,WH-04,133,30,62,0.2
2025-05-12,SKU-1017,WH-04,417,80,177,0.2
2025-05-12,SKU-1018,WH-04,117,30,59,0.2
2025-05-12,SKU-1019,WH-04,310,120,262,0.2
2025-05-12,SKU-1020,WH-04,661,120,270,0.2
2025-05-12,SKU-1021,WH-04,151,30,70,0.2
2025-05-12,SKU-1022,WH-04,45,80,147,0.2
2025-05-12,SKU-1023,WH-04,37,80,152,0.2
2025-05-12,SKU-1024,WH-04,276,50,119,0.2
2025-05-12,SKU-1025,WH-04,0,30,55,0.2
2025-05-12,SKU-1026,WH-04,568,120,250,0.2
2025-05-12,SKU-1027,WH-04,425,80,187,0.2
2025-05-12,SKU-1028,WH-04,25,50,116,0.2
2025-05-12,SKU-1029,WH-04,191,50,100,0.2
2025-05-12,SKU-1030,WH-04,585,120,282,0.2
2025-05-12,SKU-1031,WH-04,41,80,145,0.2
2025-05-12,SKU-1032,WH-04,214,50,99,0.2
2025-05-12,SKU-1033,WH-04,344,80,152,0.2
2025-05-12,SKU-1034,WH-04,303,80,156,0.2
2025-05-12,SKU-1035,WH-04,81,30,62,0.2
2025-05-12,SKU-1036,WH-04,553,120,253,0.2
2025-05-12,SKU-1037,WH-04,364,80,171,0.2
2025-05-12,SKU-1038,WH-04,289,120,273,0.2
2025-05-12,SKU-1039,WH-04,371,120,216,0.2
2025-05-12,SKU-1040,WH-04,3,50,118,0.2
2025-05-12,SKU-1041,WH-04,164,30,66,0.2
2025-05-12,SKU-1042,WH-04,366,120,258,0.2
2025-05-12,SKU-1043,WH-04,328,120,234,0.2
2025-05-12,SKU-1044,WH-04,251,80,185,0.2
2025-05-12,SKU-1045,WH-04,243,50,118,0.2
2025-05-12,SKU-1046,WH-04,239,50,98,0.2
2025-05-12,SKU-1047,WH-04,112,50,110,0.2
2025-05-12,SKU-1048,WH-04,135,50,97,0.2
2025-05-12,SKU-1049,WH-04,97,30,57,0.2
2025-05-12,SKU-1050,WH-04,283,80,190,0.2
2025-05-12,SKU-1051,WH-04,188,50,100,0.2
2025-05-12,SKU-1052,WH-04,0,120,283,0.2
2025-05-12,SKU-1053,WH-04,101,30,63,0.2
2025-05-12,SKU-1054,WH-04,12,50,94,0.2
2025-05-12,SKU-1055,WH-04,639,120,257,0.2
2025-05-12,SKU-1056,WH-04,147,30,65,0.2
2025-05-12,SKU-1057,WH-04,79,30,65,0.2
2025-05-12,SKU-1058,WH-04,75,30,59,0.2
2025-05-12,SKU-1059,WH-04,118,30,55,0.2
2025-05-19,SKU-1000,WH-01,134,30,59,0.2
2025-05-19,SKU-1001,WH-01,172,50,115,0.2
2025-05-19,SKU-1002,WH-01,59,30,58,0.2
2025-05-19,SKU-1003,WH-01,79,30,57,0.2
2025-05-19,SKU-1004,WH-01,106,30,60,0.2
2025-05-19,SKU-1005,WH-01,367,120,276,0.2
2025-05-19,SKU-1006,WH-01,33,80,169,0.2
2025-05-19,SKU-1007,WH-01,148,50,114,0.2
2025-05-19,SKU-1008,WH-01,380,120,250,0.2
2025-05-19,SKU-1009,WH-01,132,50,94,0.2
2025-05-19,SKU-1010,WH-01,65,30,54,0.2
2025-05-19,SKU-1011,WH-01,428,80,184,0.2
2025-05-19,SKU-1012,WH-01,402,80,189,0.2
2025-05-19,SKU-1013,WH-01,214,80,178,0.2
2025-05-19,SKU-1014,WH-01,21,30,57,0.2
2025-05-19,SKU-1015,WH-01,144,30,64,0.2
2025-05-19,SKU-1016,WH-01,194,50,105,0.2
2025-05-19,SKU-1017,WH-01,0,120,237,0.2
2025-05-19,SKU-1018,WH-01,225,80,191,0.2
2025-05-19,SKU-1019,WH-01,322,80,168,0.2
2025-05-19,SKU-1020,WH-01,247,50,118,0.2
2025-05-19,SKU-1021,WH-01,124,30,64,0.2
2025-05-19,SKU-1022,WH-01,0,80,184,0.2
2025-05-19,SKU-1023,WH-01,138,30,56,0.2
2025-05-19,SKU-1024,WH-01,131,50,109,0.2
2025-05-19,SKU-1025,WH-01,334,120,228,0.2
2025-05-19,SKU-1026,WH-01,121,30,71,0.2
2025-05-19,SKU-1027,WH-01,573,120,285,0.2
2025-05-19,SKU-1028,WH-01,116,30,70,0.2
2025-05-19,SKU-1029,WH-01,196,50,112,0.2
2025-05-19,SKU-1030,WH-01,198,80,153,0.2
2025-05-19,SKU-1031,WH-01,564,120,272,0.2
2025-05-19,SKU-1032,WH-01,245,80,190,0.2
2025-05-19,SKU-1033,WH-01,162,50,109,0.2
2025-05-19,SKU-1034,WH-01,70,30,69,0.2
2025-05-19,SKU-1035,WH-01,206,50,106,0.2
2025-05-19,SKU-1036,WH-01,372,120,222,0.2
2025-05-19,SKU-1037,WH-01,201,80,187,0.2
2025-05-19,SKU-1038,WH-01,170,50,117,0.2
2025-05-19,SKU-1039,WH-01,0,80,169,0.2
2025-05-19,SKU-1040,WH-01,129,30,68,0.2
2025-05-19,SKU-1041,WH-01,202,80,148,0.2
2025-05-19,SKU-1042,WH-01,361,120,224,0.2
2025-05-19,SKU-1043,WH-01,166,30,70,0.2
2025-05-19,SKU-1044,WH-01,160,50,101,0.2
2025-05-19,SKU-1045,WH-01,383,120,227,0.2
2025-05-19,SKU-1046,WH-01,468,120,232,0.2
2025-05-19,SKU-1047,WH-01,162,80,155,0.2
2025-05-19,SKU-1048,WH-01,463,80,186,0.2
2025-05-19,SKU-1049,WH-01,138,50,103,0.2
2025-05-19,SKU-1050,WH-01,138,30,66,0.2
2025-05-19,SKU-1051,WH-01,157,80,154,0.2
2025-05-19,SKU-1052,WH-01,33,80,182,0.2
2025-05-19,SKU-1053,WH-01,143,50,94,0.2
2025-05-19,SKU-1054,WH-01,542,120,265,0.2
2025-05-19,SKU-1055,WH-01,12,30,67,0.2
2025-05-19,SKU-1056,WH-01,423,80,191,0.2
2025-05-19,SKU-1057,WH-01,270,120,236,0.2
2025-05-19,SKU-1058,WH-01,134,30,65,0.2
2025-05-19,SKU-1059,WH-01,7,30,70,0.2
2025-05-19,SKU-1000,WH-02,285,120,233,0.2
2025-05-19,SKU-1001,WH-02,0,30,61,0.2
2025-05-19,SKU-1002,WH-02,113,30,65,0.2
2025-05-19,SKU-1003,WH-02,219,50,98,0.2
2025-05-19,SKU-1004,WH-02,133,50,101,0.2
2025-05-19,SKU-1005,WH-02,449,80,187,0.2
2025-05-19,SKU-1006,WH-02,18,80,144,0.2
2025-05-19,SKU-1007,WH-02,90,30,60,0.2
2025-05-19,SKU-1008,WH-02,485,120,244,0.2
2025-05-19,SKU-1009,WH-02,112,30,70,0.2
2025-05-19,SKU-1010,WH-02,29,50,104,0.2
2025-05-19,SKU-1011,WH-02,133,50,106,0.2
2025-05-19,SKU-1012,WH-02,425,120,273,0.2
2025-05-19,SKU-1013,WH-02,425,120,240,0.2
2025-05-19,SKU-1014,WH-02,0,120,238,0.2
2025-05-19,SKU-1015,WH-02,425,80,179,0.2
2025-05-19,SKU-1016,WH-02,11,30,71,0.2
2025-05-19,SKU-1017,WH-02,543,120,243,0.2
2025-05-19,SKU-1018,WH-02,523,120,267,0.2
2025-05-19,SKU-1019,WH-02,366,120,250,0.2
2025-05-19,SKU-1020,WH-02,146,50,92,0.2
2025-05-19,SKU-1021,WH-02,181,80,169,0.2
2025-05-19,SKU-1022,WH-02,227,80,144,0.2
2025-05-19,SKU-1023,WH-02,310,80,176,0.2
2025-05-19,SKU-1024,WH-02,199,50,117,0.2
2025-05-19,SKU-1025,WH-02,17,120,221,0.2
2025-05-19,SKU-1026,WH-02,193,80,188,0.2
2025-05-19,SKU-1027,WH-02,221,80,175,0.2
2025-05-19,SKU-1028,WH-02,681,120,280,0.2
2025-05-19,SKU-1029,WH-02,329,80,172,0.2
2025-05-19,SKU-1030,WH-02,108,30,67,0.2
2025-05-19,SKU-1031,WH-02,133,30,55,0.2
2025-05-19,SKU-1032,WH-02,331,80,178,0.2
2025-05-19,SKU-1033,WH-02,339,80,172,0.2
2025-05-19,SKU-1034,WH-02,0,30,55,0.2
2025-05-19,SKU-1035,WH-02,334,120,269,0.2
2025-05-19,SKU-1036,WH-02,88,120,226,0.2
2025-05-19,SKU-1037,WH-02,30,50,104,0.2
2025-05-19,SKU-1038,WH-02,472,120,244,0.2
2025-05-19,SKU-1039,WH-02,523,120,242,0.2
2025-05-19,SKU-1040,WH-02,211,80,162,0.2
2025-05-19,SKU-1041,WH-02,113,30,67,0.2
2025-05-19,SKU-1042,WH-02,362,120,219,0.2
2025-05-19,SKU-1043,WH-02,117,30,67,0.2
2025-05-19,SKU-1044,WH-02,256,80,156,0.2
2025-05-19,SKU-1045,WH-02,73,120,239,0.2
2025-05-19,SKU-1046,WH-02,65,120,276,0.2
2025-05-19,SKU-1047,WH-02,344,80,173,0.2
2025-05-19,SKU-1048,WH-02,167,50,98,0.2
2025-05-19,SKU-1049,WH-02,147,30,64,0.2
2025-05-19,SKU-1050,WH-02,228,50,97,0.2
2025-05-19,SKU-1051,WH-02,212,50,112,0.2
2025-05-19,SKU-1052,WH-02,122,30,68,0.2
2025-05-19,SKU-1053,WH-02,270,80,182,0.2
2025-05-19,SKU-1054,WH-02,85,30,62,0.2
2025-05-19,SKU-1055,WH-02,276,80,158,0.2
2025-05-19,SKU-1056,WH-02,455,120,265,0.2
2025-05-19,SKU-1057,WH-02,373,80,150,0.2
2025-05-19,SKU-1058,WH-02,130,30,61,0.2
2025-05-19,SKU-1059,WH-02,176,80,169,0.2
2025-05-19,SKU-1000,WH-03,117,120,259,0.2
2025-05-19,SKU-1001,WH-03,250,50,110,0.2
2025-05-19,SKU-1002,WH-03,176,80,146,0.2
2025-05-19,SKU-1003,WH-03,414,80,185,0.2
2025-05-19,SKU-1004,WH-03,613,120,255,0.2
2025-05-19,SKU-1005,WH-03,86,30,58,0.2
2025-05-19,SKU-1006,WH-03,419,120,262,0.2
2025-05-19,SKU-1007,WH-03,72,30,63,0.2
2025-05-19,SKU-1008,WH-03,223,80,149,0.2
2025-05-19,SKU-1009,WH-03,77,30,60,0.2
2025-05-19,SKU-1010,WH-03,126,30,63,0.2
2025-05-19,SKU-1011,WH-03,0,120,233,0.2
2025-05-19,SKU-1012,WH-03,170,80,146,0.2
2025-05-19,SKU-1013,WH-03,461,120,238,0.2
2025-05-19,SKU-1014,WH-03,75,80,181,0.2
2025-05-19,SKU-1015,WH-03,210,50,102,0.2
2025-05-19,SKU-1016,WH-03,238,50,117,0.2
2025-05-19,SKU-1017,WH-03,200,50,113,0.2
2025-05-19,SKU-1018,WH-03,269,50,116,0.2
2025-05-19,SKU-1019,WH-03,74,30,69,0.2
2025-05-19,SKU-1020,WH-03,0,30,68,0.2
2025-05-19,SKU-1021,WH-03,46,50,116,0.2
2025-05-19,SKU-1022,WH-03,284,50,116,0.2
2025-05-19,SKU-1023,WH-03,6,30,65,0.2
2025-05-19,SKU-1024,WH-03,67,30,58,0.2
2025-05-19,SKU-1025,WH-03,103,30,57,0.2
2025-05-19,SKU-1026,WH-03,216,50,110,0.2
2025-05-19,SKU-1027,WH-03,254,80,168,0.2
2025-05-19,SKU-1028,WH-03,625,120,260,0.2
2025-05-19,SKU-1029,WH-03,701,120,283,0.2
2025-05-19,SKU-1030,WH-03,185,50,96,0.2
2025-05-19,SKU-1031,WH-03,172,80,160,0.2
2025-05-19,SKU-1032,WH-03,83,30,64,0.2
2025-05-19,SKU-1033,WH-03,430,120,249,0.2
2025-05-19,SKU-1034,WH-03,355,120,255,0.2
2025-05-19,SKU-1035,WH-03,241,50,107,0.2
2025-05-19,SKU-1036,WH-03,117,30,67,0.2
2025-05-19,SKU-1037,WH-03,331,120,256,0.2
2025-05-19,SKU-1038,WH-03,350,80,148,0.2
2025-05-19,SKU-1039,WH-03,185,50,101,0.2
2025-05-19,SKU-1040,WH-03,202,50,109,0.2
2025-05-19,SKU-1041,WH-03,580,120,237,0.2
2025-05-19,SKU-1042,WH-03,89,30,64,0.2
2025-05-19,SKU-1043,WH-03,315,120,238,0.2
2025-05-19,SKU-1044,WH-03,340,80,173,0.2
2025-05-19,SKU-1045,WH-03,110,30,55,0.2
2025-05-19,SKU-1046,WH-03,290,80,152,0.2
2025-05-19,SKU-1047,WH-03,126,50,106,0.2
2025-05-19,SKU-1048,WH-03,28,50,109,0.2
2025-05-19,SKU-1049,WH-03,517,120,278,0.2
2025-05-19,SKU-1050,WH-03,125,30,57,0.2
2025-05-19,SKU-1051,WH-03,384,120,247,0.2
2025-05-19,SKU-1052,WH-03,43,50,114,0.2
2025-05-19,SKU-1053,WH-03,459,120,267,0.2
2025-05-19,SKU-1054,WH-03,0,50,105,0.2
2025-05-19,SKU-1055,WH-03,80,30,63,0.2
2025-05-19,SKU-1056,WH-03,83,30,56,0.2
2025-05-19,SKU-1057,WH-03,280,120,268,0.2
2025-05-19,SKU-1058,WH-03,176,50,91,0.2
2025-05-19,SKU-1059,WH-03,16,120,230,0.2
2025-05-19,SKU-1000,WH-04,3,50,106,0.2
2025-05-19,SKU-1001,WH-04,167,50,108,0.2
2025-05-19,SKU-1002,WH-04,351,120,283,0.2
2025-05-19,SKU-1003,WH-04,95,30,62,0.2
2025-05-19,SKU-1004,WH-04,68,80,183,0.2
2025-05-19,SKU-1005,WH-04,375,120,253,0.2
2025-05-19,SKU-1006,WH-04,253,50,116,0.2
2025-05-19,SKU-1007,WH-04,308,80,152,0.2
2025-05-19,SKU-1008,WH-04,437,120,233,0.2
2025-05-19,SKU-1009,WH-04,223,50,115,0.2
2025-05-19,SKU-1010,WH-04,386,80,172,0.2
2025-05-19,SKU-1011,WH-04,567,120,241,0.2
2025-05-19,SKU-1012,WH-04,10,30,62,0.2
2025-05-19,SKU-1013,WH-04,40,120,250,0.2
2025-05-19,SKU-1014,WH-04,99,30,55,0.2
2025-05-19,SKU-1015,WH-04,426,80,180,0.2
2025-05-19,SKU-1016,WH-04,224,50,109,0.2
2025-05-19,SKU-1017,WH-04,67,30,65,0.2
2025-05-19,SKU-1018,WH-04,0,50,104,0.2
2025-05-19,SKU-1019,WH-04,26,50,111,0.2
2025-05-19,SKU-1020,WH-04,192,50,98,0.2
2025-05-19,SKU-1021,WH-04,25,120,283,0.2
2025-05-19,SKU-1022,WH-04,234,80,166,0.2
2025-05-19,SKU-1023,WH-04,334,120,257,0.2
2025-05-19,SKU-1024,WH-04,187,80,184,0.2
2025-05-19,SKU-1025,WH-04,100,30,63,0.2
2025-05-19,SKU-1026,WH-04,172,80,171,0.2
2025-05-19,SKU-1027,WH-04,135,50,104,0.2
2025-05-19,SKU-1028,WH-04,311,120,269,0.2
2025-05-19,SKU-1029,WH-04,193,50,98,0.2
2025-05-19,SKU-1030,WH-04,37,120,231,0.2
2025-05-19,SKU-1031,WH-04,35,80,149,0.2
2025-05-19,SKU-1032,WH-04,432,120,266,0.2
2025-05-19,SKU-1033,WH-04,64,30,61,0.2
2025-05-19,SKU-1034,WH-04,320,80,169,0.2
2025-05-19,SKU-1035,WH-04,339,80,145,0.2
2025-05-19,SKU-1036,WH-04,68,30,60,0.2
2025-05-19,SKU-1037,WH-04,297,120,238,0.2
2025-05-19,SKU-1038,WH-04,139,30,66,0.2
2025-05-19,SKU-1039,WH-04,241,80,187,0.2
2025-05-19,SKU-1040,WH-04,98,120,221,0.2
2025-05-19,SKU-1041,WH-04,315,80,167,0.2
2025-05-19,SKU-1042,WH-04,113,30,70,0.2
2025-05-19,SKU-1043,WH-04,533,120,231,0.2
2025-05-19,SKU-1044,WH-04,377,120,236,0.2
2025-05-19,SKU-1045,WH-04,102,30,58,0.2
2025-05-19,SKU-1046,WH-04,112,30,64,0.2
2025-05-19,SKU-1047,WH-04,136,30,67,0.2
2025-05-19,SKU-1048,WH-04,504,120,223,0.2
2025-05-19,SKU-1049,WH-04,79,30,67,0.2
2025-05-19,SKU-1050,WH-04,123,50,93,0.2
2025-05-19,SKU-1051,WH-04,55,80,146,0.2
2025-05-19,SKU-1052,WH-04,248,120,218,0.2
2025-05-19,SKU-1053,WH-04,105,30,59,0.2
2025-05-19,SKU-1054,WH-04,71,80,153,0.2
2025-05-19,SKU-1055,WH-04,228,80,150,0.2
2025-05-19,SKU-1056,WH-04,174,50,105,0.2
2025-05-19,SKU-1057,WH-04,300,80,169,0.2
2025-05-19,SKU-1058,WH-04,161,50,117,0.2
2025-05-19,SKU-1059,WH-04,213,50,102,0.2
2025-05-26,SKU-1000,WH-01,206,50,110,0.2
2025-05-26,SKU-1001,WH-01,45,80,147,0.2
2025-05-26,SKU-1002,WH-01,131,50,94,0.2
2025-05-26,SKU-1003,WH-01,353,80,168,0.2
2025-05-26,SKU-1004,WH-01,365,80,181,0.2
2025-05-26,SKU-1005,WH-01,122,30,54,0.2
2025-05-26,SKU-1006,WH-01,46,80,185,0.2
2025-05-26,SKU-1007,WH-01,27,30,61,0.2
2025-05-26,SKU-1008,WH-01,43,120,225,0.2
2025-05-26,SKU-1009,WH-01,338,120,248,0.2
2025-05-26,SKU-1010,WH-01,18,30,64,0.2
2025-05-26,SKU-1011,WH-01,152,80,152,0.2
2025-05-26,SKU-1012,WH-01,63,120,264,0.2
2025-05-26,SKU-1013,WH-01,165,80,144,0.2
2025-05-26,SKU-1014,WH-01,446,80,183,0.2
2025-05-26,SKU-1015,WH-01,44,50,107,0.2
2025-05-26,SKU-1016,WH-01,420,80,191,0.2
2025-05-26,SKU-1017,WH-01,0,80,190,0.2
2025-05-26,SKU-1018,WH-01,339,120,239,0.2
2025-05-26,SKU-1019,WH-01,240,50,104,0.2
2025-05-26,SKU-1020,WH-01,7,30,59,0.2
2025-05-26,SKU-1021,WH-01,112,30,64,0.2
2025-05-26,SKU-1022,WH-01,261,50,107,0.2
2025-05-26,SKU-1023,WH-01,151,50,95,0.2
2025-05-26,SKU-1024,WH-01,19,30,59,0.2
2025-05-26,SKU-1025,WH-01,96,30,62,0.2
2025-05-26,SKU-1026,WH-01,228,80,160,0.2
2025-05-26,SKU-1027,WH-01,264,50,115,0.2
2025-05-26,SKU-1028,WH-01,72,30,56,0.2
2025-05-26,SKU-1029,WH-01,22,30,67,0.2
2025-05-26,SKU-1030,WH-01,21,30,61,0.2
2025-05-26,SKU-1031,WH-01,389,80,185,0.2
2025-05-26,SKU-1032,WH-01,0,50,117,0.2
2025-05-26,SKU-1033,WH-01,28,30,62,0.2
2025-05-26,SKU-1034,WH-01,166,50,115,0.2
2025-05-26,SKU-1035,WH-01,211,80,181,0.2
2025-05-26,SKU-1036,WH-01,178,50,92,0.2
2025-05-26,SKU-1037,WH-01,362,80,171,0.2
2025-05-26,SKU-1038,WH-01,67,30,59,0.2
2025-05-26,SKU-1039,WH-01,174,50,90,0.2
2025-05-26,SKU-1040,WH-01,120,30,65,0.2
2025-05-26,SKU-1041,WH-01,166,30,70,0.2
2025-05-26,SKU-1042,WH-01,382,80,191,0.2
2025-05-26,SKU-1043,WH-01,25,120,275,0.2
2025-05-26,SKU-1044,WH-01,122,30,58,0.2
2025-05-26,SKU-1045,WH-01,465,120,232,0.2
2025-05-26,SKU-1046,WH-01,194,80,168,0.2
2025-05-26,SKU-1047,WH-01,348,80,160,0.2
2025-05-26,SKU-1048,WH-01,80,30,61,0.2
2025-05-26,SKU-1049,WH-01,211,80,146,0.2
2025-05-26,SKU-1050,WH-01,454,120,284,0.2
2025-05-26,SKU-1051,WH-01,497,120,284,0.2
2025-05-26,SKU-1052,WH-01,86,30,65,0.2
2025-05-26,SKU-1053,WH-01,167,80,152,0.2
2025-05-26,SKU-1054,WH-01,224,50,110,0.2
2025-05-26,SKU-1055,WH-01,116,50,92,0.2
2025-05-26,SKU-1056,WH-01,127,50,101,0.2
2025-05-26,SKU-1057,WH-01,175,30,71,0.2
2025-05-26,SKU-1058,WH-01,461,120,270,0.2
2025-05-26,SKU-1059,WH-01,2,30,60,0.2
2025-05-26,SKU-1000,WH-02,139,30,57,0.2
2025-05-26,SKU-1001,WH-02,357,120,248,0.2
2025-05-26,SKU-1002,WH-02,542,120,277,0.2
2025-05-26,SKU-1003,WH-02,32,50,107,0.2
2025-05-26,SKU-1004,WH-02,22,50,97,0.2
2025-05-26,SKU-1005,WH-02,149,30,65,0.2
2025-05-26,SKU-1006,WH-02,453,80,183,0.2
2025-05-26,SKU-1007,WH-02,590,120,279,0.2
2025-05-26,SKU-1008,WH-02,15,30,67,0.2
2025-05-26,SKU-1009,WH-02,450,120,265,0.2
2025-05-26,SKU-1010,WH-02,376,80,163,0.2
2025-05-26,SKU-1011,WH-02,302,80,145,0.2
2025-05-26,SKU-1012,WH-02,105,30,57,0.2
2025-05-26,SKU-1013,WH-02,151,30,69,0.2
2025-05-26,SKU-1014,WH-02,169,50,98,0.2
2025-05-26,SKU-1015,WH-02,214,50,93,0.2
2025-05-26,SKU-1016,WH-02,552,120,232,0.2
2025-05-26,SKU-1017,WH-02,208,50,114,0.2
2025-05-26,SKU-1018,WH-02,334,80,151,0.2
2025-05-26,SKU-1019,WH-02,92,30,54,0.2
2025-05-26,SKU-1020,WH-02,78,30,63,0.2
2025-05-26,SKU-1021,WH-02,120,30,63,0.2
2025-05-26,SKU-1022,WH-02,69,30,57,0.2
2025-05-26,SKU-1023,WH-02,634,120,268,0.2
2025-05-26,SKU-1024,WH-02,26,30,59,0.2
2025-05-26,SKU-1025,WH-02,194,80,176,0.2
2025-05-26,SKU-1026,WH-02,238,50,119,0.2
2025-05-26,SKU-1027,WH-02,120,30,58,0.2
2025-05-26,SKU-1028,WH-02,93,30,65,0.2
2025-05-26,SKU-1029,WH-02,166,30,68,0.2
2025-05-26,SKU-1030,WH-02,14,30,60,0.2
2025-05-26,SKU-1031,WH-02,58,120,255,0.2
2025-05-26,SKU-1032,WH-02,250,50,108,0.2
2025-05-26,SKU-1033,WH-02,196,50,111,0.2
2025-05-26,SKU-1034,WH-02,264,50,111,0.2
2025-05-26,SKU-1035,WH-02,134,50,108,0.2
2025-05-26,SKU-1036,WH-02,68,30,60,0.2
2025-05-26,SKU-1037,WH-02,9,30,67,0.2
2025-05-26,SKU-1038,WH-02,115,50,114,0.2
2025-05-26,SKU-1039,WH-02,53,120,222,0.2
2025-05-26,SKU-1040,WH-02,255,80,152,0.2
2025-05-26,SKU-1041,WH-02,260,80,162,0.2
2025-05-26,SKU-1042,WH-02,236,120,231,0.2
2025-05-26,SKU-1043,WH-02,169,80,161,0.2
2025-05-26,SKU-1044,WH-02,418,80,189,0.2
2025-05-26,SKU-1045,WH-02,537,120,244,0.2
2025-05-26,SKU-1046,WH-02,14,50,117,0.2
2025-05-26,SKU-1047,WH-02,272,120,228,0.2
2025-05-26,SKU-1048,WH-02,363,80,165,0.2
2025-05-26,SKU-1049,WH-02,263,50,114,0.2
2025-05-26,SKU-1050,WH-02,107,30,69,0.2
2025-05-26,SKU-1051,WH-02,239,80,167,0.2
2025-05-26,SKU-1052,WH-02,181,50,100,0.2
2025-05-26,SKU-1053,WH-02,25,30,69,0.2
2025-05-26,SKU-1054,WH-02,348,80,149,0.2
2025-05-26,SKU-1055,WH-02,231,50,113,0.2
2025-05-26,SKU-1056,WH-02,271,80,183,0.2
2025-05-26,SKU-1057,WH-02,20,50,106,0.2
2025-05-26,SKU-1058,WH-02,567,120,273,0.2
2025-05-26,SKU-1059,WH-02,447,120,233,0.2
2025-05-26,SKU-1000,WH-03,294,120,261,0.2
2025-05-26,SKU-1001,WH-03,168,30,68,0.2
2025-05-26,SKU-1002,WH-03,120,30,61,0.2
2025-05-26,SKU-1003,WH-03,201,50,98,0.2
2025-05-26,SKU-1004,WH-03,406,80,190,0.2
2025-05-26,SKU-1005,WH-03,416,120,241,0.2
2025-05-26,SKU-1006,WH-03,0,30,63,0.2
2025-05-26,SKU-1007,WH-03,265,50,115,0.2
2025-05-26,SKU-1008,WH-03,70,30,59,0.2
2025-05-26,SKU-1009,WH-03,132,30,56,0.2
2025-05-26,SKU-1010,WH-03,138,30,67,0.2
2025-05-26,SKU-1011,WH-03,308,120,266,0.2
2025-05-26,SKU-1012,WH-03,140,30,62,0.2
2025-05-26,SKU-1013,WH-03,66,80,144,0.2
2025-05-26,SKU-1014,WH-03,436,80,176,0.2
2025-05-26,SKU-1015,WH-03,204,50,104,0.2
2025-05-26,SKU-1016,WH-03,68,30,64,0.2
2025-05-26,SKU-1017,WH-03,206,50,92,0.2
2025-05-26,SKU-1018,WH-03,276,80,155,0.2
2025-05-26,SKU-1019,WH-03,98,120,237,0.2
2025-05-26,SKU-1020,WH-03,189,80,156,0.2
2025-05-26,SKU-1021,WH-03,176,50,116,0.2
2025-05-26,SKU-1022,WH-03,144,30,66,0.2
2025-05-26,SKU-1023,WH-03,171,50,94,0.2
2025-05-26,SKU-1024,WH-03,349,80,181,0.2
2025-05-26,SKU-1025,WH-03,111,120,280,0.2
2025-05-26,SKU-1026,WH-03,196,50,97,0.2
2025-05-26,SKU-1027,WH-03,289,80,167,0.2
2025-05-26,SKU-1028,WH-03,233,50,108,0.2
2025-05-26,SKU-1029,WH-03,85,120,270,0.2
2025-05-26,SKU-1030,WH-03,343,120,235,0.2
2025-05-26,SKU-1031,WH-03,113,30,67,0.2
2025-05-26,SKU-1032,WH-03,379,80,187,0.2
2025-05-26,SKU-1033,WH-03,313,80,150,0.2
2025-05-26,SKU-1034,WH-03,596,120,261,0.2
2025-05-26,SKU-1035,WH-03,249,80,168,0.2
2025-05-26,SKU-1036,WH-03,306,120,240,0.2
2025-05-26,SKU-1037,WH-03,314,80,182,0.2
2025-05-26,SKU-1038,WH-03,53,120,262,0.2
2025-05-26,SKU-1039,WH-03,351,80,144,0.2
2025-05-26,SKU-1040,WH-03,118,30,62,0.2
2025-05-26,SKU-1041,WH-03,75,120,225,0.2
2025-05-26,SKU-1042,WH-03,321,80,164,0.2
2025-05-26,SKU-1043,WH-03,157,80,154,0.2
2025-05-26,SKU-1044,WH-03,317,120,256,0.2
2025-05-26,SKU-1045,WH-03,153,30,69,0.2
2025-05-26,SKU-1046,WH-03,83,30,66,0.2
2025-05-26,SKU-1047,WH-03,358,120,226,0.2
2025-05-26,SKU-1048,WH-03,244,50,109,0.2
2025-05-26,SKU-1049,WH-03,379,120,257,0.2
2025-05-26,SKU-1050,WH-03,0,50,104,0.2
2025-05-26,SKU-1051,WH-03,0,30,66,0.2
2025-05-26,SKU-1052,WH-03,144,30,71,0.2
2025-05-26,SKU-1053,WH-03,29,80,146,0.2
2025-05-26,SKU-1054,WH-03,6,80,179,0.2
2025-05-26,SKU-1055,WH-03,299,80,180,0.2
2025-05-26,SKU-1056,WH-03,323,120,241,0.2
2025-05-26,SKU-1057,WH-03,529,120,276,0.2
2025-05-26,SKU-1058,WH-03,165,50,107,0.2
2025-05-26,SKU-1059,WH-03,101,50,93,0.2
2025-05-26,SKU-1000,WH-04,0,80,166,0.2
2025-05-26,SKU-1001,WH-04,133,50,107,0.2
2025-05-26,SKU-1002,WH-04,140,30,60,0.2
2025-05-26,SKU-1003,WH-04,277,50,111,0.2
2025-05-26,SKU-1004,WH-04,248,80,147,0.2
2025-05-26,SKU-1005,WH-04,330,120,273,0.2
2025-05-26,SKU-1006,WH-04,323,80,153,0.2
2025-05-26,SKU-1007,WH-04,469,120,286,0.2
2025-05-26,SKU-1008,WH-04,355,120,231,0.2
2025-05-26,SKU-1009,WH-04,143,30,59,0.2
2025-05-26,SKU-1010,WH-04,225,80,177,0.2
2025-05-26,SKU-1011,WH-04,151,30,61,0.2
2025-05-26,SKU-1012,WH-04,105,50,95,0.2
2025-05-26,SKU-1013,WH-04,104,50,97,0.2
2025-05-26,SKU-1014,WH-04,74,30,65,0.2
2025-05-26,SKU-1015,WH-04,544,120,239,0.2
2025-05-26,SKU-1016,WH-04,240,120,225,0.2
2025-05-26,SKU-1017,WH-04,552,120,230,0.2
2025-05-26,SKU-1018,WH-04,567,120,232,0.2
2025-05-26,SKU-1019,WH-04,144,30,65,0.2
2025-05-26,SKU-1020,WH-04,82,30,58,0.2
2025-05-26,SKU-1021,WH-04,395,80,174,0.2
2025-05-26,SKU-1022,WH-04,77,80,151,0.2
2025-05-26,SKU-1023,WH-04,142,50,107,0.2
2025-05-26,SKU-1024,WH-04,141,30,63,0.2
2025-05-26,SKU-1025,WH-04,78,30,61,0.2
2025-05-26,SKU-1026,WH-04,219,50,91,0.2
2025-05-26,SKU-1027,WH-04,0,120,260,0.2
2025-05-26,SKU-1028,WH-04,153,50,117,0.2
2025-05-26,SKU-1029,WH-04,0,50,106,0.2
2025-05-26,SKU-1030,WH-04,131,30,62,0.2
2025-05-26,SKU-1031,WH-04,518,120,239,0.2
2025-05-26,SKU-1032,WH-04,223,50,114,0.2
2025-05-26,SKU-1033,WH-04,0,30,60,0.2
2025-05-26,SKU-1034,WH-04,0,120,219,0.2
2025-05-26,SKU-1035,WH-04,105,30,71,0.2
2025-05-26,SKU-1036,WH-04,159,30,64,0.2
2025-05-26,SKU-1037,WH-04,381,80,190,0.2
2025-05-26,SKU-1038,WH-04,0,80,171,0.2
2025-05-26,SKU-1039,WH-04,92,30,66,0.2
2025-05-26,SKU-1040,WH-04,493,120,228,0.2
2025-05-26,SKU-1041,WH-04,604,120,249,0.2
2025-05-26,SKU-1042,WH-04,0,50,117,0.2
2025-05-26,SKU-1043,WH-04,419,120,232,0.2
2025-05-26,SKU-1044,WH-04,242,80,151,0.2
2025-05-26,SKU-1045,WH-04,238,80,162,0.2
2025-05-26,SKU-1046,WH-04,381,120,239,0.2
2025-05-26,SKU-1047,WH-04,7,30,64,0.2
2025-05-26,SKU-1048,WH-04,231,50,118,0.2
2025-05-26,SKU-1049,WH-04,264,50,118,0.2
2025-05-26,SKU-1050,WH-04,228,80,157,0.2
2025-05-26,SKU-1051,WH-04,287,50,118,0.2
2025-05-26,SKU-1052,WH-04,247,120,237,0.2
2025-05-26,SKU-1053,WH-04,28,30,71,0.2
2025-05-26,SKU-1054,WH-04,387,120,225,0.2
2025-05-26,SKU-1055,WH-04,615,120,283,0.2
2025-05-26,SKU-1056,WH-04,545,120,234,0.2
2025-05-26,SKU-1057,WH-04,397,120,232,0.2
2025-05-26,SKU-1058,WH-04,105,30,69,0.2
2025-05-26,SKU-1059,WH-04,218,50,110,0.2
2025-06-02,SKU-1000,WH-01,110,30,70,0.2
2025-06-02,SKU-1001,WH-01,154,30,68,0.2
2025-06-02,SKU-1002,WH-01,149,50,95,0.2
2025-06-02,SKU-1003,WH-01,192,80,191,0.2
2025-06-02,SKU-1004,WH-01,57,30,55,0.2
2025-06-02,SKU-1005,WH-01,649,120,281,0.2
2025-06-02,SKU-1006,WH-01,0,30,71,0.2
2025-06-02,SKU-1007,WH-01,262,50,106,0.2
2025-06-02,SKU-1008,WH-01,351,120,246,0.2
2025-06-02,SKU-1009,WH-01,343,80,155,0.2
2025-06-02,SKU-1010,WH-01,98,30,60,0.2
2025-06-02,SKU-1011,WH-01,3,30,58,0.2
2025-06-02,SKU-1012,WH-01,100,30,67,0.2
2025-06-02,SKU-1013,WH-01,216,80,181,0.2
2025-06-02,SKU-1014,WH-01,245,50,118,0.2
2025-06-02,SKU-1015,WH-01,190,50,110,0.2
2025-06-02,SKU-1016,WH-01,249,50,116,0.2
2025-06-02,SKU-1017,WH-01,199,80,177,0.2
2025-06-02,SKU-1018,WH-01,296,120,235,0.2
2025-06-02,SKU-1019,WH-01,144,30,60,0.2
2025-06-02,SKU-1020,WH-01,0,120,235,0.2
2025-06-02,SKU-1021,WH-01,396,120,279,0.2
2025-06-02,SKU-1022,WH-01,84,30,68,0.2
2025-06-02,SKU-1023,WH-01,180,50,108,0.2
2025-06-02,SKU-1024,WH-01,2,80,159,0.2
2025-06-02,SKU-1025,WH-01,227,50,115,0.2
2025-06-02,SKU-1026,WH-01,0,120,220,0.2
2025-06-02,SKU-1027,WH-01,0,30,68,0.2
2025-06-02,SKU-1028,WH-01,283,50,117,0.2
2025-06-02,SKU-1029,WH-01,611,120,266,0.2
2025-06-02,SKU-1030,WH-01,68,30,54,0.2
2025-06-02,SKU-1031,WH-01,223,80,185,0.2
2025-06-02,SKU-1032,WH-01,370,80,189,0.2
2025-06-02,SKU-1033,WH-01,288,120,225,0.2
2025-06-02,SKU-1034,WH-01,334,80,182,0.2
2025-06-02,SKU-1035,WH-01,118,30,68,0.2
2025-06-02,SKU-1036,WH-01,251,120,228,0.2
2025-06-02,SKU-1037,WH-01,516,120,217,0.2
2025-06-02,SKU-1038,WH-01,121,30,55,0.2
2025-06-02,SKU-1039,WH-01,531,120,276,0.2
2025-06-02,SKU-1040,WH-01,81,30,57,0.2
2025-06-02,SKU-1041,WH-01,83,30,59,0.2
2025-06-02,SKU-1042,WH-01,250,120,224,0.2
2025-06-02,SKU-1043,WH-01,318,120,231,0.2
2025-06-02,SKU-1044,WH-01,343,120,270,0.2
2025-06-02,SKU-1045,WH-01,195,80,183,0.2
2025-06-02,SKU-1046,WH-01,285,120,222,0.2
2025-06-02,SKU-1047,WH-01,124,30,60,0.2
2025-06-02,SKU-1048,WH-01,583,120,283,0.2
2025-06-02,SKU-1049,WH-01,78,80,175,0.2
2025-06-02,SKU-1050,WH-01,132,30,59,0.2
2025-06-02,SKU-1051,WH-01,299,80,169,0.2
2025-06-02,SKU-1052,WH-01,167,30,68,0.2
2025-06-02,SKU-1053,WH-01,624,120,279,0.2
2025-06-02,SKU-1054,WH-01,164,50,90,0.2
2025-06-02,SKU-1055,WH-01,69,80,164,0.2
2025-06-02,SKU-1056,WH-01,92,30,59,0.2
2025-06-02,SKU-1057,WH-01,123,30,61,0.2
2025-06-02,SKU-1058,WH-01,107,30,63,0.2
2025-06-02,SKU-1059,WH-01,234,50,109,0.2
2025-06-02,SKU-1000,WH-02,0,30,58,0.2
2025-06-02,SKU-1001,WH-02,125,50,93,0.2
2025-06-02,SKU-1002,WH-02,114,30,56,0.2
2025-06-02,SKU-1003,WH-02,82,30,60,0.2
2025-06-02,SKU-1004,WH-02,142,50,95,0.2
2025-06-02,SKU-1005,WH-02,103,50,95,0.2
2025-06-02,SKU-1006,WH-02,528,120,276,0.2
2025-06-02,SKU-1007,WH-02,91,30,66,0.2
2025-06-02,SKU-1008,WH-02,330,80,179,0.2
2025-06-02,SKU-1009,WH-02,64,80,186,0.2
2025-06-02,SKU-1010,WH-02,147,80,147,0.2
2025-06-02,SKU-1011,WH-02,359,120,220,0.2
2025-06-02,SKU-1012,WH-02,441,120,230,0.2
2025-06-02,SKU-1013,WH-02,133,50,98,0.2
2025-06-02,SKU-1014,WH-02,129,50,104,0.2
2025-06-02,SKU-1015,WH-02,23,30,58,0.2
2025-06-02,SKU-1016,WH-02,408,80,179,0.2
2025-06-02,SKU-1017,WH-02,6,30,66,0.2
2025-06-02,SKU-1018,WH-02,132,30,55,0.2
2025-06-02,SKU-1019,WH-02,16,80,188,0.2
2025-06-02,SKU-1020,WH-02,84,30,65,0.2
2025-06-02,SKU-1021,WH-02,143,50,112,0.2
2025-06-02,SKU-1022,WH-02,140,50,116,0.2
2025-06-02,SKU-1023,WH-02,160,80,149,0.2
2025-06-02,SKU-1024,WH-02,190,80,185,0.2
2025-06-02,SKU-1025,WH-02,300,120,254,0.2
2025-06-02,SKU-1026,WH-02,248,50,114,0.2
2025-06-02,SKU-1027,WH-02,295,80,144,0.2
2025-06-02,SKU-1028,WH-02,176,50,104,0.2
2025-06-02,SKU-1029,WH-02,94,30,55,0.2
2025-06-02,SKU-1030,WH-02,220,50,93,0.2
2025-06-02,SKU-1031,WH-02,96,30,67,0.2
2025-06-02,SKU-1032,WH-02,197,80,163,0.2
2025-06-02,SKU-1033,WH-02,64,30,62,0.2
2025-06-02,SKU-1034,WH-02,74,30,66,0.2
2025-06-02,SKU-1035,WH-02,124,30,67,0.2
2025-06-02,SKU-1036,WH-02,183,80,174,0.2
2025-06-02,SKU-1037,WH-02,426,80,171,0.2
2025-06-02,SKU-1038,WH-02,190,50,103,0.2
2025-06-02,SKU-1039,WH-02,446,120,220,0.2
2025-06-02,SKU-1040,WH-02,360,120,235,0.2
2025-06-02,SKU-1041,WH-02,98,30,63,0.2
2025-06-02,SKU-1042,WH-02,120,50,102,0.2
2025-06-02,SKU-1043,WH-02,35,80,168,0.2
2025-06-02,SKU-1044,WH-02,61,30,61,0.2
2025-06-02,SKU-1045,WH-02,193,50,94,0.2
2025-06-02,SKU-1046,WH-02,205,50,94,0.2
2025-06-02,SKU-1047,WH-02,530,120,278,0.2
2025-06-02,SKU-1048,WH-02,200,50,100,0.2
2025-06-02,SKU-1049,WH-02,591,120,275,0.2
2025-06-02,SKU-1050,WH-02,323,120,223,0.2
2025-06-02,SKU-1051,WH-02,13,80,157,0.2
2025-06-02,SKU-1052,WH-02,343,120,233,0.2
2025-06-02,SKU-1053,WH-02,103,30,57,0.2
2025-06-02,SKU-1054,WH-02,122,30,62,0.2
2025-06-02,SKU-1055,WH-02,0,50,90,0.2
2025-06-02,SKU-1056,WH-02,229,80,146,0.2
2025-06-02,SKU-1057,WH-02,110,120,216,0.2
2025-06-02,SKU-1058,WH-02,565,120,271,0.2
2025-06-02,SKU-1059,WH-02,283,50,115,0.2
2025-06-02,SKU-1000,WH-03,79,120,276,0.2
2025-06-02,SKU-1001,WH-03,33,80,145,0.2
2025-06-02,SKU-1002,WH-03,345,120,264,0.2
2025-06-02,SKU-1003,WH-03,386,80,190,0.2
2025-06-02,SKU-1004,WH-03,113,120,285,0.2
2025-06-02,SKU-1005,WH-03,266,120,257,0.2
2025-06-02,SKU-1006,WH-03,127,30,61,0.2
2025-06-02,SKU-1007,WH-03,20,80,155,0.2
2025-06-02,SKU-1008,WH-03,123,50,93,0.2
2025-06-02,SKU-1009,WH-03,249,120,217,0.2
2025-06-02,SKU-1010,WH-03,388,80,169,0.2
2025-06-02,SKU-1011,WH-03,275,80,164,0.2
2025-06-02,SKU-1012,WH-03,409,120,250,0.2
2025-06-02,SKU-1013,WH-03,196,50,90,0.2
2025-06-02,SKU-1014,WH-03,44,80,145,0.2
2025-06-02,SKU-1015,WH-03,365,80,164,0.2
2025-06-02,SKU-1016,WH-03,299,120,261,0.2
2025-06-02,SKU-1017,WH-03,25,50,113,0.2
2025-06-02,SKU-1018,WH-03,601,120,251,0.2
2025-06-02,SKU-1019,WH-03,482,120,220,0.2
2025-06-02,SKU-1020,WH-03,100,30,64,0.2
2025-06-02,SKU-1021,WH-03,557,120,236,0.2
2025-06-02,SKU-1022,WH-03,257,50,113,0.2
2025-06-02,SKU-1023,WH-03,454,120,223,0.2
2025-06-02,SKU-1024,WH-03,127,30,57,0.2
2025-06-02,SKU-1025,WH-03,0,80,150,0.2
2025-06-02,SKU-1026,WH-03,495,120,281,0.2
2025-06-02,SKU-1027,WH-03,363,80,158,0.2
2025-06-02,SKU-1028,WH-03,0,120,236,0.2
2025-06-02,SKU-1029,WH-03,299,120,232,0.2
2025-06-02,SKU-1030,WH-03,341,80,144,0.2
2025-06-02,SKU-1031,WH-03,142,50,116,0.2
2025-06-02,SKU-1032,WH-03,347,80,148,0.2
2025-06-02,SKU-1033,WH-03,0,30,67,0.2
2025-06-02,SKU-1034,WH-03,73,30,59,0.2
2025-06-02,SKU-1035,WH-03,45,120,242,0.2
2025-06-02,SKU-1036,WH-03,187,50,107,0.2
2025-06-02,SKU-1037,WH-03,171,50,99,0.2
2025-06-02,SKU-1038,WH-03,279,120,218,0.2
2025-06-02,SKU-1039,WH-03,242,50,111,0.2
2025-06-02,SKU-1040,WH-03,100,50,100,0.2
2025-06-02,SKU-1041,WH-03,212,50,100,0.2
2025-06-02,SKU-1042,WH-03,286,120,226,0.2
2025-06-02,SKU-1043,WH-03,161,30,65,0.2
2025-06-02,SKU-1044,WH-03,214,50,111,0.2
2025-06-02,SKU-1045,WH-03,401,80,168,0.2
2025-06-02,SKU-1046,WH-03,268,120,266,0.2
2025-06-02,SKU-1047,WH-03,358,120,243,0.2
2025-06-02,SKU-1048,WH-03,292,120,235,0.2
2025-06-02,SKU-1049,WH-03,11,30,71,0.2
2025-06-02,SKU-1050,WH-03,4,120,254,0.2
2025-06-02,SKU-1051,WH-03,152,50,114,0.2
2025-06-02,SKU-1052,WH-03,227,80,165,0.2
2025-06-02,SKU-1053,WH-03,255,50,104,0.2
2025-06-02,SKU-1054,WH-03,303,80,191,0.2
2025-06-02,SKU-1055,WH-03,378,120,256,0.2
2025-06-02,SKU-1056,WH-03,176,50,97,0.2
2025-06-02,SKU-1057,WH-03,144,50,113,0.2
2025-06-02,SKU-1058,WH-03,373,80,161,0.2
2025-06-02,SKU-1059,WH-03,289,120,216,0.2
2025-06-02,SKU-1000,WH-04,149,30,64,0.2
2025-06-02,SKU-1001,WH-04,571,120,245,0.2
2025-06-02,SKU-1002,WH-04,0,120,264,0.2
2025-06-02,SKU-1003,WH-04,0,120,240,0.2
2025-06-02,SKU-1004,WH-04,137,50,109,0.2
2025-06-02,SKU-1005,WH-04,278,80,149,0.2
2025-06-02,SKU-1006,WH-04,329,80,144,0.2
2025-06-02,SKU-1007,WH-04,199,50,90,0.2
2025-06-02,SKU-1008,WH-04,417,120,253,0.2
2025-06-02,SKU-1009,WH-04,345,80,155,0.2
2025-06-02,SKU-1010,WH-04,81,30,70,0.2
2025-06-02,SKU-1011,WH-04,329,120,220,0.2
2025-06-02,SKU-1012,WH-04,285,120,281,0.2
2025-06-02,SKU-1013,WH-04,248,50,110,0.2
2025-06-02,SKU-1014,WH-04,393,80,169,0.2
2025-06-02,SKU-1015,WH-04,574,120,236,0.2
2025-06-02,SKU-1016,WH-04,0,30,64,0.2
2025-06-02,SKU-1017,WH-04,146,30,61,0.2
2025-06-02,SKU-1018,WH-04,567,120,280,0.2
2025-06-02,SKU-1019,WH-04,164,80,162,0.2
2025-06-02,SKU-1020,WH-04,65,30,65,0.2
2025-06-02,SKU-1021,WH-04,94,50,92,0.2
2025-06-02,SKU-1022,WH-04,578,120,254,0.2
2025-06-02,SKU-1023,WH-04,189,50,93,0.2
2025-06-02,SKU-1024,WH-04,108,50,90,0.2
2025-06-02,SKU-1025,WH-04,246,50,102,0.2
2025-06-02,SKU-1026,WH-04,208,80,145,0.2
2025-06-02,SKU-1027,WH-04,309,120,235,0.2
2025-06-02,SKU-1028,WH-04,149,30,70,0.2
2025-06-02,SKU-1029,WH-04,672,120,280,0.2
2025-06-02,SKU-1030,WH-04,237,50,102,0.2
2025-06-02,SKU-1031,WH-04,361,80,189,0.2
2025-06-02,SKU-1032,WH-04,78,30,54,0.2
2025-06-02,SKU-1033,WH-04,356,80,167,0.2
2025-06-02,SKU-1034,WH-04,258,50,119,0.2
2025-06-02,SKU-1035,WH-04,136,30,61,0.2
2025-06-02,SKU-1036,WH-04,329,80,191,0.2
2025-06-02,SKU-1037,WH-04,0,120,263,0.2
2025-06-02,SKU-1038,WH-04,377,120,251,0.2
2025-06-02,SKU-1039,WH-04,290,80,183,0.2
2025-06-02,SKU-1040,WH-04,82,30,59,0.2
2025-06-02,SKU-1041,WH-04,84,30,68,0.2
2025-06-02,SKU-1042,WH-04,146,50,94,0.2
2025-06-02,SKU-1043,WH-04,320,120,261,0.2
2025-06-02,SKU-1044,WH-04,632,120,263,0.2
2025-06-02,SKU-1045,WH-04,371,120,248,0.2
2025-06-02,SKU-1046,WH-04,0,30,66,0.2
2025-06-02,SKU-1047,WH-04,493,120,255,0.2
2025-06-02,SKU-1048,WH-04,251,50,117,0.2
2025-06-02,SKU-1049,WH-04,121,30,58,0.2
2025-06-02,SKU-1050,WH-04,238,50,97,0.2
2025-06-02,SKU-1051,WH-04,117,30,65,0.2
2025-06-02,SKU-1052,WH-04,181,80,174,0.2
2025-06-02,SKU-1053,WH-04,184,50,114,0.2
2025-06-02,SKU-1054,WH-04,81,30,54,0.2
2025-06-02,SKU-1055,WH-04,148,50,119,0.2
2025-06-02,SKU-1056,WH-04,141,30,61,0.2
2025-06-02,SKU-1057,WH-04,140,30,65,0.2
2025-06-02,SKU-1058,WH-04,172,80,146,0.2
2025-06-02,SKU-1059,WH-04,0,120,254,0.2
2025-06-09,SKU-1000,WH-01,83,30,56,0.2
2025-06-09,SKU-1001,WH-01,432,120,256,0.2
2025-06-09,SKU-1002,WH-01,0,120,226,0.2
2025-06-09,SKU-1003,WH-01,207,50,117,0.2
2025-06-09,SKU-1004,WH-01,319,120,229,0.2
2025-06-09,SKU-1005,WH-01,207,50,102,0.2
2025-06-09,SKU-1006,WH-01,21,120,278,0.2
2025-06-09,SKU-1007,WH-01,323,120,275,0.2
2025-06-09,SKU-1008,WH-01,493,120,243,0.2
2025-06-09,SKU-1009,WH-01,427,120,249,0.2
2025-06-09,SKU-1010,WH-01,253,50,117,0.2
2025-06-09,SKU-1011,WH-01,116,30,55,0.2
2025-06-09,SKU-1012,WH-01,159,30,69,0.2
2025-06-09,SKU-1013,WH-01,164,30,71,0.2
2025-06-09,SKU-1014,WH-01,24,30,58,0.2
2025-06-09,SKU-1015,WH-01,223,80,166,0.2
2025-06-09,SKU-1016,WH-01,224,50,100,0.2
2025-06-09,SKU-1017,WH-01,231,80,178,0.2
2025-06-09,SKU-1018,WH-01,65,30,61,0.2
2025-06-09,SKU-1019,WH-01,353,80,190,0.2
2025-06-09,SKU-1020,WH-01,625,120,265,0.2
2025-06-09,SKU-1021,WH-01,402,80,177,0.2
2025-06-09,SKU-1022,WH-01,163,50,118,0.2
2025-06-09,SKU-1023,WH-01,95,30,58,0.2
2025-06-09,SKU-1024,WH-01,39,80,171,0.2
2025-06-09,SKU-1025,WH-01,475,120,225,0.2
2025-06-09,SKU-1026,WH-01,0,30,68,0.2
2025-06-09,SKU-1027,WH-01,320,80,181,0.2
2025-06-09,SKU-1028,WH-01,150,30,68,0.2
2025-06-09,SKU-1029,WH-01,132,30,58,0.2
2025-06-09,SKU-1030,WH-01,13,50,106,0.2
2025-06-09,SKU-1031,WH-01,73,30,69,0.2
2025-06-09,SKU-1032,WH-01,245,50,102,0.2
2025-06-09,SKU-1033,WH-01,149,30,64,0.2
2025-06-09,SKU-1034,WH-01,0,80,149,0.2
2025-06-09,SKU-1035,WH-01,427,120,235,0.2
2025-06-09,SKU-1036,WH-01,92,50,92,0.2
2025-06-09,SKU-1037,WH-01,283,80,153,0.2
2025-06-09,SKU-1038,WH-01,260,50,107,0.2
2025-06-09,SKU-1039,WH-01,21,30,70,0.2
2025-06-09,SKU-1040,WH-01,274,50,115,0.2
2025-06-09,SKU-1041,WH-01,67,30,57,0.2
2025-06-09,SKU-1042,WH-01,2,80,175,0.2
2025-06-09,SKU-1043,WH-01,302,80,169,0.2
2025-06-09,SKU-1044,WH-01,234,50,107,0.2
2025-06-09,SKU-1045,WH-01,60,30,57,0.2
2025-06-09,SKU-1046,WH-01,80,30,71,0.2
2025-06-09,SKU-1047,WH-01,165,50,105,0.2
2025-06-09,SKU-1048,WH-01,201,50,100,0.2
2025-06-09,SKU-1049,WH-01,137,30,64,0.2
2025-06-09,SKU-1050,WH-01,17,50,119,0.2
2025-06-09,SKU-1051,WH-01,159,50,90,0.2
2025-06-09,SKU-1052,WH-01,189,50,97,0.2
2025-06-09,SKU-1053,WH-01,580,120,272,0.2
2025-06-09,SKU-1054,WH-01,394,80,185,0.2
2025-06-09,SKU-1055,WH-01,77,30,65,0.2
2025-06-09,SKU-1056,WH-01,197,50,97,0.2
2025-06-09,SKU-1057,WH-01,327,120,277,0.2
2025-06-09,SKU-1058,WH-01,11,30,67,0.2
2025-06-09,SKU-1059,WH-01,210,80,190,0.2
2025-06-09,SKU-1000,WH-02,79,30,63,0.2
2025-06-09,SKU-1001,WH-02,184,80,184,0.2
2025-06-09,SKU-1002,WH-02,385,80,188,0.2
2025-06-09,SKU-1003,WH-02,195,80,183,0.2
2025-06-09,SKU-1004,WH-02,210,50,106,0.2
2025-06-09,SKU-1005,WH-02,327,80,169,0.2
2025-06-09,SKU-1006,WH-02,210,50,101,0.2
2025-06-09,SKU-1007,WH-02,281,80,190,0.2
2025-06-09,SKU-1008,WH-02,1,120,278,0.2
2025-06-09,SKU-1009,WH-02,96,30,57,0.2
2025-06-09,SKU-1010,WH-02,70,30,54,0.2
2025-06-09,SKU-1011,WH-02,259,120,254,0.2
2025-06-09,SKU-1012,WH-02,158,50,104,0.2
2025-06-09,SKU-1013,WH-02,44,120,283,0.2
2025-06-09,SKU-1014,WH-02,362,80,154,0.2
2025-06-09,SKU-1015,WH-02,104,30,55,0.2
2025-06-09,SKU-1016,WH-02,187,50,118,0.2
2025-06-09,SKU-1017,WH-02,538,120,240,0.2
2025-06-09,SKU-1018,WH-02,297,120,279,0.2
2025-06-09,SKU-1019,WH-02,0,30,61,0.2
2025-06-09,SKU-1020,WH-02,127,30,69,0.2
2025-06-09,SKU-1021,WH-02,362,80,156,0.2
2025-06-09,SKU-1022,WH-02,248,80,180,0.2
2025-06-09,SKU-1023,WH-02,148,50,115,0.2
2025-06-09,SKU-1024,WH-02,311,120,224,0.2
2025-06-09,SKU-1025,WH-02,0,80,183,0.2
2025-06-09,SKU-1026,WH-02,458,120,253,0.2
2025-06-09,SKU-1027,WH-02,0,50,101,0.2
2025-06-09,SKU-1028,WH-02,279,80,190,0.2
2025-06-09,SKU-1029,WH-02,219,80,184,0.2
2025-06-09,SKU-1030,WH-02,0,80,154,0.2
2025-06-09,SKU-1031,WH-02,189,50,100,0.2
2025-06-09,SKU-1032,WH-02,164,50,102,0.2
2025-06-09,SKU-1033,WH-02,92,30,56,0.2
2025-06-09,SKU-1034,WH-02,119,30,54,0.2
2025-06-09,SKU-1035,WH-02,129,30,54,0.2
2025-06-09,SKU-1036,WH-02,98,30,66,0.2
2025-06-09,SKU-1037,WH-02,353,80,157,0.2
2025-06-09,SKU-1038,WH-02,219,50,103,0.2
2025-06-09,SKU-1039,WH-02,318,80,169,0.2
2025-06-09,SKU-1040,WH-02,150,30,63,0.2
2025-06-09,SKU-1041,WH-02,271,80,146,0.2
2025-06-09,SKU-1042,WH-02,337,80,167,0.2
2025-06-09,SKU-1043,WH-02,104,30,68,0.2
2025-06-09,SKU-1044,WH-02,140,30,61,0.2
2025-06-09,SKU-1045,WH-02,136,50,97,0.2
2025-06-09,SKU-1046,WH-02,29,50,105,0.2
2025-06-09,SKU-1047,WH-02,322,80,173,0.2
2025-06-09,SKU-1048,WH-02,461,120,219,0.2
2025-06-09,SKU-1049,WH-02,703,120,282,0.2
2025-06-09,SKU-1050,WH-02,413,120,239,0.2
2025-06-09,SKU-1051,WH-02,18,30,62,0.2
2025-06-09,SKU-1052,WH-02,375,80,185,0.2
2025-06-09,SKU-1053,WH-02,255,50,105,0.2
2025-06-09,SKU-1054,WH-02,13,50,115,0.2
2025-06-09,SKU-1055,WH-02,249,50,106,0.2
2025-06-09,SKU-1056,WH-02,270,50,116,0.2
2025-06-09,SKU-1057,WH-02,209,80,187,0.2
2025-06-09,SKU-1058,WH-02,547,120,237,0.2
2025-06-09,SKU-1059,WH-02,173,50,107,0.2
2025-06-09,SKU-1000,WH-03,126,30,62,0.2
2025-06-09,SKU-1001,WH-03,34,50,100,0.2
2025-06-09,SKU-1002,WH-03,407,80,176,0.2
2025-06-09,SKU-1003,WH-03,160,30,70,0.2
2025-06-09,SKU-1004,WH-03,257,50,115,0.2
2025-06-09,SKU-1005,WH-03,16,30,57,0.2
2025-06-09,SKU-1006,WH-03,269,50,110,0.2
2025-06-09,SKU-1007,WH-03,216,50,111,0.2
2025-06-09,SKU-1008,WH-03,65,80,186,0.2
2025-06-09,SKU-1009,WH-03,238,50,106,0.2
2025-06-09,SKU-1010,WH-03,239,80,159,0.2
2025-06-09,SKU-1011,WH-03,171,50,108,0.2
2025-06-09,SKU-1012,WH-03,29,50,99,0.2
2025-06-09,SKU-1013,WH-03,484,120,225,0.2
2025-06-09,SKU-1014,WH-03,285,120,236,0.2
2025-06-09,SKU-1015,WH-03,290,80,160,0.2
2025-06-09,SKU-1016,WH-03,387,120,236,0.2
2025-06-09,SKU-1017,WH-03,0,30,55,0.2
2025-06-09,SKU-1018,WH-03,302,80,159,0.2
2025-06-09,SKU-1019,WH-03,326,120,282,0.2
2025-06-09,SKU-1020,WH-03,183,50,98,0.2
2025-06-09,SKU-1021,WH-03,344,120,237,0.2
2025-06-09,SKU-1022,WH-03,35,80,169,0.2
2025-06-09,SKU-1023,WH-03,426,120,240,0.2
2025-06-09,SKU-1024,WH-03,213,50,116,0.2
2025-06-09,SKU-1025,WH-03,28,50,114,0.2
2025-06-09,SKU-1026,WH-03,88,30,54,0.2
2025-06-09,SKU-1027,WH-03,100,30,68,0.2
2025-06-09,SKU-1028,WH-03,606,120,252,0.2
2025-06-09,SKU-1029,WH-03,252,80,150,0.2
2025-06-09,SKU-1030,WH-03,164,30,69,0.2
2025-06-09,SKU-1031,WH-03,19,30,66,0.2
2025-06-09,SKU-1032,WH-03,0,80,182,0.2
2025-06-09,SKU-1033,WH-03,424,120,280,0.2
2025-06-09,SKU-1034,WH-03,208,80,185,0.2
2025-06-09,SKU-1035,WH-03,126,30,56,0.2
2025-06-09,SKU-1036,WH-03,313,80,157,0.2
2025-06-09,SKU-1037,WH-03,197,50,92,0.2
2025-06-09,SKU-1038,WH-03,50,120,235,0.2
2025-06-09,SKU-1039,WH-03,193,80,174,0.2
2025-06-09,SKU-1040,WH-03,126,30,62,0.2
2025-06-09,SKU-1041,WH-03,159,50,91,0.2
2025-06-09,SKU-1042,WH-03,445,80,180,0.2
2025-06-09,SKU-1043,WH-03,583,120,236,0.2
2025-06-09,SKU-1044,WH-03,233,80,190,0.2
2025-06-09,SKU-1045,WH-03,570,120,234,0.2
2025-06-09,SKU-1046,WH-03,95,30,60,0.2
2025-06-09,SKU-1047,WH-03,373,120,269,0.2
2025-06-09,SKU-1048,WH-03,504,120,248,0.2
2025-06-09,SKU-1049,WH-03,347,120,280,0.2
2025-06-09,SKU-1050,WH-03,0,120,226,0.2
2025-06-09,SKU-1051,WH-03,99,30,55,0.2
2025-06-09,SKU-1052,WH-03,148,50,95,0.2
2025-06-09,SKU-1053,WH-03,303,80,191,0.2
2025-06-09,SKU-1054,WH-03,161,50,119,0.2
2025-06-09,SKU-1055,WH-03,390,80,169,0.2
2025-06-09,SKU-1056,WH-03,0,30,68,0.2
2025-06-09,SKU-1057,WH-03,164,80,150,0.2
2025-06-09,SKU-1058,WH-03,59,80,150,0.2
2025-06-09,SKU-1059,WH-03,277,80,158,0.2
2025-06-09,SKU-1000,WH-04,108,120,261,0.2
2025-06-09,SKU-1001,WH-04,72,30,67,0.2
2025-06-09,SKU-1002,WH-04,339,120,276,0.2
2025-06-09,SKU-1003,WH-04,357,80,160,0.2
2025-06-09,SKU-1004,WH-04,313,80,187,0.2
2025-06-09,SKU-1005,WH-04,313,120,275,0.2
2025-06-09,SKU-1006,WH-04,330,80,179,0.2
2025-06-09,SKU-1007,WH-04,266,50,108,0.2
2025-06-09,SKU-1008,WH-04,57,120,236,0.2
2025-06-09,SKU-1009,WH-04,132,30,60,0.2
2025-06-09,SKU-1010,WH-04,87,30,58,0.2
2025-06-09,SKU-1011,WH-04,18,30,56,0.2
2025-06-09,SKU-1012,WH-04,34,50,97,0.2
2025-06-09,SKU-1013,WH-04,172,80,148,0.2
2025-06-09,SKU-1014,WH-04,14,30,67,0.2
2025-06-09,SKU-1015,WH-04,410,80,181,0.2
2025-06-09,SKU-1016,WH-04,328,80,160,0.2
2025-06-09,SKU-1017,WH-04,21,30,64,0.2
2025-06-09,SKU-1018,WH-04,309,120,245,0.2
2025-06-09,SKU-1019,WH-04,1,30,66,0.2
2025-06-09,SKU-1020,WH-04,206,80,182,0.2
2025-06-09,SKU-1021,WH-04,97,30,54,0.2
2025-06-09,SKU-1022,WH-04,511,120,249,0.2
2025-06-09,SKU-1023,WH-04,41,50,115,0.2
2025-06-09,SKU-1024,WH-04,124,30,64,0.2
2025-06-09,SKU-1025,WH-04,430,120,245,0.2
2025-06-09,SKU-1026,WH-04,186,50,114,0.2
2025-06-09,SKU-1027,WH-04,83,30,58,0.2
2025-06-09,SKU-1028,WH-04,226,50,107,0.2
2025-06-09,SKU-1029,WH-04,108,50,98,0.2
2025-06-09,SKU-1030,WH-04,142,50,96,0.2
2025-06-09,SKU-1031,WH-04,320,80,145,0.2
2025-06-09,SKU-1032,WH-04,111,30,57,0.2
2025-06-09,SKU-1033,WH-04,137,30,64,0.2
2025-06-09,SKU-1034,WH-04,225,50,112,0.2
2025-06-09,SKU-1035,WH-04,264,120,258,0.2
2025-06-09,SKU-1036,WH-04,128,30,61,0.2
2025-06-09,SKU-1037,WH-04,654,120,280,0.2
2025-06-09,SKU-1038,WH-04,15,30,62,0.2
2025-06-09,SKU-1039,WH-04,31,80,152,0.2
2025-06-09,SKU-1040,WH-04,397,120,225,0.2
2025-06-09,SKU-1041,WH-04,381,80,160,0.2
2025-06-09,SKU-1042,WH-04,104,30,66,0.2
2025-06-09,SKU-1043,WH-04,78,30,64,0.2
2025-06-09,SKU-1044,WH-04,78,30,63,0.2
2025-06-09,SKU-1045,WH-04,224,50,107,0.2
2025-06-09,SKU-1046,WH-04,126,50,102,0.2
2025-06-09,SKU-1047,WH-04,36,50,108,0.2
2025-06-09,SKU-1048,WH-04,0,50,112,0.2
2025-06-09,SKU-1049,WH-04,0,50,113,0.2
2025-06-09,SKU-1050,WH-04,5,30,56,0.2
2025-06-09,SKU-1051,WH-04,112,30,54,0.2
2025-06-09,SKU-1052,WH-04,582,120,240,0.2
2025-06-09,SKU-1053,WH-04,63,30,56,0.2
2025-06-09,SKU-1054,WH-04,170,50,92,0.2
2025-06-09,SKU-1055,WH-04,126,50,111,0.2
2025-06-09,SKU-1056,WH-04,203,50,114,0.2
2025-06-09,SKU-1057,WH-04,287,50,117,0.2
2025-06-09,SKU-1058,WH-04,47,120,259,0.2
2025-06-09,SKU-1059,WH-04,156,80,144,0.2
2025-06-16,SKU-1000,WH-01,233,50,112,0.2
2025-06-16,SKU-1001,WH-01,12,50,98,0.2
2025-06-16,SKU-1002,WH-01,32,120,227,0.2
2025-06-16,SKU-1003,WH-01,143,50,97,0.2
2025-06-16,SKU-1004,WH-01,104,30,64,0.2
2025-06-16,SKU-1005,WH-01,84,30,65,0.2
2025-06-16,SKU-1006,WH-01,14,30,70,0.2
2025-06-16,SKU-1007,WH-01,510,120,264,0.2
2025-06-16,SKU-1008,WH-01,0,50,94,0.2
2025-06-16,SKU-1009,WH-01,82,30,63,0.2
2025-06-16,SKU-1010,WH-01,151,30,63,0.2
2025-06-16,SKU-1011,WH-01,120,30,60,0.2
2025-06-16,SKU-1012,WH-01,265,120,245,0.2
2025-06-16,SKU-1013,WH-01,163,50,114,0.2
2025-06-16,SKU-1014,WH-01,132,30,59,0.2
2025-06-16,SKU-1015,WH-01,239,50,110,0.2
2025-06-16,SKU-1016,WH-01,188,50,108,0.2
2025-06-16,SKU-1017,WH-01,129,50,104,0.2
2025-06-16,SKU-1018,WH-01,177,80,173,0.2
2025-06-16,SKU-1019,WH-01,329,120,218,0.2
2025-06-16,SKU-1020,WH-01,373,80,160,0.2
2025-06-16,SKU-1021,WH-01,219,50,111,0.2
2025-06-16,SKU-1022,WH-01,121,30,62,0.2
2025-06-16,SKU-1023,WH-01,282,120,246,0.2
2025-06-16,SKU-1024,WH-01,342,80,183,0.2
2025-06-16,SKU-1025,WH-01,163,50,109,0.2
2025-06-16,SKU-1026,WH-01,205,80,146,0.2
2025-06-16,SKU-1027,WH-01,29,50,113,0.2
2025-06-16,SKU-1028,WH-01,79,80,152,0.2
2025-06-16,SKU-1029,WH-01,370,80,191,0.2
2025-06-16,SKU-1030,WH-01,589,120,279,0.2
2025-06-16,SKU-1031,WH-01,161,30,68,0.2
2025-06-16,SKU-1032,WH-01,576,120,259,0.2
2025-06-16,SKU-1033,WH-01,614,120,273,0.2
2025-06-16,SKU-1034,WH-01,150,30,66,0.2
2025-06-16,SKU-1035,WH-01,455,120,281,0.2
2025-06-16,SKU-1036,WH-01,275,80,177,0.2
2025-06-16,SKU-1037,WH-01,141,30,64,0.2
2025-06-16,SKU-1038,WH-01,215,80,166,0.2
2025-06-16,SKU-1039,WH-01,317,80,157,0.2
2025-06-16,SKU-1040,WH-01,6,80,176,0.2
2025-06-16,SKU-1041,WH-01,34,80,176,0.2
2025-06-16,SKU-1042,WH-01,340,80,181,0.2
2025-06-16,SKU-1043,WH-01,92,30,62,0.2
2025-06-16,SKU-1044,WH-01,140,30,70,0.2
2025-06-16,SKU-1045,WH-01,571,120,241,0.2
2025-06-16,SKU-1046,WH-01,129,30,63,0.2
2025-06-16,SKU-1047,WH-01,0,80,173,0.2
2025-06-16,SKU-1048,WH-01,81,120,261,0.2
2025-06-16,SKU-1049,WH-01,139,30,66,0.2
2025-06-16,SKU-1050,WH-01,400,80,180,0.2
2025-06-16,SKU-1051,WH-01,0,30,57,0.2
2025-06-16,SKU-1052,WH-01,182,50,93,0.2
2025-06-16,SKU-1053,WH-01,396,120,220,0.2
2025-06-16,SKU-1054,WH-01,508,120,275,0.2
2025-06-16,SKU-1055,WH-01,110,50,95,0.2
2025-06-16,SKU-1056,WH-01,464,120,217,0.2
2025-06-16,SKU-1057,WH-01,360,80,183,0.2
2025-06-16,SKU-1058,WH-01,363,120,224,0.2
2025-06-16,SKU-1059,WH-01,211,50,100,0.2
2025-06-16,SKU-1000,WH-02,108,30,68,0.2
2025-06-16,SKU-1001,WH-02,292,80,178,0.2
2025-06-16,SKU-1002,WH-02,0,120,236,0.2
2025-06-16,SKU-1003,WH-02,96,30,71,0.2
2025-06-16,SKU-1004,WH-02,42,50,107,0.2
2025-06-16,SKU-1005,WH-02,81,30,64,0.2
2025-06-16,SKU-1006,WH-02,278,120,263,0.2
2025-06-16,SKU-1007,WH-02,0,80,189,0.2
2025-06-16,SKU-1008,WH-02,380,120,287,0.2
2025-06-16,SKU-1009,WH-02,604,120,278,0.2
2025-06-16,SKU-1010,WH-02,554,120,250,0.2
2025-06-16,SKU-1011,WH-02,422,80,174,0.2
2025-06-16,SKU-1012,WH-02,227,50,117,0.2
2025-06-16,SKU-1013,WH-02,286,80,152,0.2
2025-06-16,SKU-1014,WH-02,146,30,61,0.2
2025-06-16,SKU-1015,WH-02,135,30,57,0.2
2025-06-16,SKU-1016,WH-02,208,80,179,0.2
2025-06-16,SKU-1017,WH-02,520,120,257,0.2
2025-06-16,SKU-1018,WH-02,382,80,188,0.2
2025-06-16,SKU-1019,WH-02,149,30,62,0.2
2025-06-16,SKU-1020,WH-02,98,120,284,0.2
2025-06-16,SKU-1021,WH-02,252,120,231,0.2
2025-06-16,SKU-1022,WH-02,7,30,68,0.2
2025-06-16,SKU-1023,WH-02,94,30,65,0.2
2025-06-16,SKU-1024,WH-02,192,50,106,0.2
2025-06-16,SKU-1025,WH-02,147,30,62,0.2
2025-06-16,SKU-1026,WH-02,285,80,157,0.2
2025-06-16,SKU-1027,WH-02,343,80,150,0.2
2025-06-16,SKU-1028,WH-02,0,50,97,0.2
2025-06-16,SKU-1029,WH-02,261,120,224,0.2
2025-06-16,SKU-1030,WH-02,0,50,110,0.2
2025-06-16,SKU-1031,WH-02,89,30,54,0.2
2025-06-16,SKU-1032,WH-02,227,50,117,0.2
2025-06-16,SKU-1033,WH-02,95,50,92,0.2
2025-06-16,SKU-1034,WH-02,8,50,96,0.2
2025-06-16,SKU-1035,WH-02,294,120,237,0.2
2025-06-16,SKU-1036,WH-02,136,30,56,0.2
2025-06-16,SKU-1037,WH-02,451,120,218,0.2
2025-06-16,SKU-1038,WH-02,101,30,54,0.2
2025-06-16,SKU-1039,WH-02,108,30,57,0.2
2025-06-16,SKU-1040,WH-02,9,30,60,0.2
2025-06-16,SKU-1041,WH-02,144,30,69,0.2
2025-06-16,SKU-1042,WH-02,23,50,119,0.2
2025-06-16,SKU-1043,WH-02,262,80,180,0.2
2025-06-16,SKU-1044,WH-02,232,80,174,0.2
2025-06-16,SKU-1045,WH-02,472,120,234,0.2
2025-06-16,SKU-1046,WH-02,151,30,69,0.2
2025-06-16,SKU-1047,WH-02,251,50,112,0.2
2025-06-16,SKU-1048,WH-02,230,80,169,0.2
2025-06-16,SKU-1049,WH-02,42,50,116,0.2
2025-06-16,SKU-1050,WH-02,288,120,257,0.2
2025-06-16,SKU-1051,WH-02,509,120,282,0.2
2025-06-16,SKU-1052,WH-02,120,50,95,0.2
2025-06-16,SKU-1053,WH-02,533,120,219,0.2
2025-06-16,SKU-1054,WH-02,100,50,94,0.2
2025-06-16,SKU-1055,WH-02,29,50,115,0.2
2025-06-16,SKU-1056,WH-02,171,50,102,0.2
2025-06-16,SKU-1057,WH-02,143,50,114,0.2
2025-06-16,SKU-1058,WH-02,581,120,263,0.2
2025-06-16,SKU-1059,WH-02,71,120,217,0.2
2025-06-16,SKU-1000,WH-03,170,80,161,0.2
2025-06-16,SKU-1001,WH-03,14,30,69,0.2
2025-06-16,SKU-1002,WH-03,129,30,69,0.2
2025-06-16,SKU-1003,WH-03,365,80,175,0.2
2025-06-16,SKU-1004,WH-03,73,80,177,0.2
2025-06-16,SKU-1005,WH-03,1,80,169,0.2
2025-06-16,SKU-1006,WH-03,101,30,64,0.2
2025-06-16,SKU-1007,WH-03,275,80,168,0.2
2025-06-16,SKU-1008,WH-03,247,80,163,0.2
2025-06-16,SKU-1009,WH-03,137,30,69,0.2
2025-06-16,SKU-1010,WH-03,368,80,183,0.2
2025-06-16,SKU-1011,WH-03,475,120,237,0.2
2025-06-16,SKU-1012,WH-03,315,80,153,0.2
2025-06-16,SKU-1013,WH-03,257,50,118,0.2
2025-06-16,SKU-1014,WH-03,124,30,62,0.2
2025-06-16,SKU-1015,WH-03,503,120,286,0.2
2025-06-16,SKU-1016,WH-03,164,50,113,0.2
2025-06-16,SKU-1017,WH-03,153,30,64,0.2
2025-06-16,SKU-1018,WH-03,92,30,71,0.2
2025-06-16,SKU-1019,WH-03,337,80,157,0.2
2025-06-16,SKU-1020,WH-03,117,50,105,0.2
2025-06-16,SKU-1021,WH-03,269,80,154,0.2
2025-06-16,SKU-1022,WH-03,519,120,263,0.2
2025-06-16,SKU-1023,WH-03,100,30,68,0.2
2025-06-16,SKU-1024,WH-03,302,120,222,0.2
2025-06-16,SKU-1025,WH-03,29,120,236,0.2
2025-06-16,SKU-1026,WH-03,85,30,63,0.2
2025-06-16,SKU-1027,WH-03,302,120,219,0.2
2025-06-16,SKU-1028,WH-03,281,120,259,0.2
2025-06-16,SKU-1029,WH-03,0,50,119,0.2
2025-06-16,SKU-1030,WH-03,128,50,111,0.2
2025-06-16,SKU-1031,WH-03,3,30,70,0.2
2025-06-16,SKU-1032,WH-03,145,30,67,0.2
2025-06-16,SKU-1033,WH-03,322,80,160,0.2
2025-06-16,SKU-1034,WH-03,149,30,71,0.2
2025-06-16,SKU-1035,WH-03,0,120,273,0.2
2025-06-16,SKU-1036,WH-03,418,120,245,0.2
2025-06-16,SKU-1037,WH-03,221,80,162,0.2
2025-06-16,SKU-1038,WH-03,492,120,242,0.2
2025-06-16,SKU-1039,WH-03,0,80,166,0.2
2025-06-16,SKU-1040,WH-03,16,50,96,0.2
2025-06-16,SKU-1041,WH-03,169,80,158,0.2
2025-06-16,SKU-1042,WH-03,608,120,263,0.2
2025-06-16,SKU-1043,WH-03,325,120,225,0.2
2025-06-16,SKU-1044,WH-03,575,120,245,0.2
2025-06-16,SKU-1045,WH-03,274,80,146,0.2
2025-06-16,SKU-1046,WH-03,508,120,268,0.2
2025-06-16,SKU-1047,WH-03,0,120,245,0.2
2025-06-16,SKU-1048,WH-03,105,30,71,0.2
2025-06-16,SKU-1049,WH-03,479,120,267,0.2
2025-06-16,SKU-1050,WH-03,0,80,151,0.2
2025-06-16,SKU-1051,WH-03,128,50,98,0.2
2025-06-16,SKU-1052,WH-03,218,50,96,0.2
2025-06-16,SKU-1053,WH-03,22,30,56,0.2
2025-06-16,SKU-1054,WH-03,277,80,158,0.2
2025-06-16,SKU-1055,WH-03,205,80,155,0.2
2025-06-16,SKU-1056,WH-03,224,80,156,0.2
2025-06-16,SKU-1057,WH-03,227,50,93,0.2
2025-06-16,SKU-1058,WH-03,146,30,66,0.2
2025-06-16,SKU-1059,WH-03,269,120,259,0.2
2025-06-16,SKU-1000,WH-04,427,120,235,0.2
2025-06-16,SKU-1001,WH-04,351,120,224,0.2
2025-06-16,SKU-1002,WH-04,108,30,57,0.2
2025-06-16,SKU-1003,WH-04,222,80,177,0.2
2025-06-16,SKU-1004,WH-04,551,120,273,0.2
2025-06-16,SKU-1005,WH-04,158,80,145,0.2
2025-06-16,SKU-1006,WH-04,514,120,280,0.2
2025-06-16,SKU-1007,WH-04,98,30,67,0.2
2025-06-16,SKU-1008,WH-04,136,50,101,0.2
2025-06-16,SKU-1009,WH-04,301,120,284,0.2
2025-06-16,SKU-1010,WH-04,99,30,68,0.2
2025-06-16,SKU-1011,WH-04,102,30,69,0.2
2025-06-16,SKU-1012,WH-04,207,50,109,0.2
2025-06-16,SKU-1013,WH-04,174,80,171,0.2
2025-06-16,SKU-1014,WH-04,158,50,92,0.2
2025-06-16,SKU-1015,WH-04,220,50,101,0.2
2025-06-16,SKU-1016,WH-04,195,50,117,0.2
2025-06-16,SKU-1017,WH-04,90,30,57,0.2
2025-06-16,SKU-1018,WH-04,72,30,66,0.2
2025-06-16,SKU-1019,WH-04,9,30,61,0.2
2025-06-16,SKU-1020,WH-04,182,80,151,0.2
2025-06-16,SKU-1021,WH-04,394,80,160,0.2
2025-06-16,SKU-1022,WH-04,67,30,65,0.2
2025-06-16,SKU-1023,WH-04,135,30,58,0.2
2025-06-16,SKU-1024,WH-04,434,80,186,0.2
2025-06-16,SKU-1025,WH-04,287,80,158,0.2
2025-06-16,SKU-1026,WH-04,22,30,62,0.2
2025-06-16,SKU-1027,WH-04,364,80,167,0.2
2025-06-16,SKU-1028,WH-04,352,120,256,0.2
2025-06-16,SKU-1029,WH-04,439,120,283,0.2
2025-06-16,SKU-1030,WH-04,417,80,176,0.2
2025-06-16,SKU-1031,WH-04,151,50,93,0.2
2025-06-16,SKU-1032,WH-04,94,30,56,0.2
2025-06-16,SKU-1033,WH-04,158,50,92,0.2
2025-06-16,SKU-1034,WH-04,566,120,278,0.2
2025-06-16,SKU-1035,WH-04,102,50,96,0.2
2025-06-16,SKU-1036,WH-04,164,50,93,0.2
2025-06-16,SKU-1037,WH-04,239,80,144,0.2
2025-06-16,SKU-1038,WH-04,659,120,279,0.2
2025-06-16,SKU-1039,WH-04,366,80,148,0.2
2025-06-16,SKU-1040,WH-04,137,50,113,0.2
2025-06-16,SKU-1041,WH-04,352,80,166,0.2
2025-06-16,SKU-1042,WH-04,172,80,157,0.2
2025-06-16,SKU-1043,WH-04,341,80,178,0.2
2025-06-16,SKU-1044,WH-04,187,80,165,0.2
2025-06-16,SKU-1045,WH-04,131,30,63,0.2
2025-06-16,SKU-1046,WH-04,74,80,186,0.2
2025-06-16,SKU-1047,WH-04,119,30,61,0.2
2025-06-16,SKU-1048,WH-04,93,30,57,0.2
2025-06-16,SKU-1049,WH-04,441,120,216,0.2
2025-06-16,SKU-1050,WH-04,84,30,57,0.2
2025-06-16,SKU-1051,WH-04,311,120,223,0.2
2025-06-16,SKU-1052,WH-04,301,80,150,0.2
2025-06-16,SKU-1053,WH-04,269,120,222,0.2
2025-06-16,SKU-1054,WH-04,386,120,245,0.2
2025-06-16,SKU-1055,WH-04,317,120,225,0.2
2025-06-16,SKU-1056,WH-04,88,30,61,0.2
2025-06-16,SKU-1057,WH-04,210,50,101,0.2
2025-06-16,SKU-1058,WH-04,312,80,144,0.2
2025-06-16,SKU-1059,WH-04,216,50,114,0.2
2025-06-23,SKU-1000,WH-01,315,80,148,0.2
2025-06-23,SKU-1001,WH-01,359,120,260,0.2
2025-06-23,SKU-1002,WH-01,458,120,283,0.2
2025-06-23,SKU-1003,WH-01,167,50,97,0.2
2025-06-23,SKU-1004,WH-01,73,80,184,0.2
2025-06-23,SKU-1005,WH-01,159,50,95,0.2
2025-06-23,SKU-1006,WH-01,22,50,113,0.2
2025-06-23,SKU-1007,WH-01,175,50,110,0.2
2025-06-23,SKU-1008,WH-01,0,80,183,0.2
2025-06-23,SKU-1009,WH-01,151,50,114,0.2
2025-06-23,SKU-1010,WH-01,157,50,105,0.2
2025-06-23,SKU-1011,WH-01,213,80,144,0.2
2025-06-23,SKU-1012,WH-01,319,120,286,0.2
2025-06-23,SKU-1013,WH-01,93,30,61,0.2
2025-06-23,SKU-1014,WH-01,86,30,61,0.2
2025-06-23,SKU-1015,WH-01,294,80,171,0.2
2025-06-23,SKU-1016,WH-01,243,120,217,0.2
2025-06-23,SKU-1017,WH-01,200,50,98,0.2
2025-06-23,SKU-1018,WH-01,395,80,166,0.2
2025-06-23,SKU-1019,WH-01,40,50,108,0.2
2025-06-23,SKU-1020,WH-01,133,50,106,0.2
2025-06-23,SKU-1021,WH-01,339,120,228,0.2
2025-06-23,SKU-1022,WH-01,193,50,107,0.2
2025-06-23,SKU-1023,WH-01,314,80,162,0.2
2025-06-23,SKU-1024,WH-01,175,80,159,0.2
2025-06-23,SKU-1025,WH-01,128,30,60,0.2
2025-06-23,SKU-1026,WH-01,35,80,189,0.2
2025-06-23,SKU-1027,WH-01,259,120,223,0.2
2025-06-23,SKU-1028,WH-01,377,80,159,0.2
2025-06-23,SKU-1029,WH-01,118,30,59,0.2
2025-06-23,SKU-1030,WH-01,100,50,98,0.2
2025-06-23,SKU-1031,WH-01,135,30,64,0.2
2025-06-23,SKU-1032,WH-01,287,50,115,0.2
2025-06-23,SKU-1033,WH-01,115,50,94,0.2
2025-06-23,SKU-1034,WH-01,357,120,284,0.2
2025-06-23,SKU-1035,WH-01,81,30,56,0.2
2025-06-23,SKU-1036,WH-01,113,50,103,0.2
2025-06-23,SKU-1037,WH-01,155,80,144,0.2
2025-06-23,SKU-1038,WH-01,0,120,279,0.2
2025-06-23,SKU-1039,WH-01,212,80,189,0.2
2025-06-23,SKU-1040,WH-01,271,120,221,0.2
2025-06-23,SKU-1041,WH-01,175,50,106,0.2
2025-06-23,SKU-1042,WH-01,169,50,93,0.2
2025-06-23,SKU-1043,WH-01,0,80,176,0.2
2025-06-23,SKU-1044,WH-01,0,120,247,0.2
2025-06-23,SKU-1045,WH-01,132,30,61,0.2
2025-06-23,SKU-1046,WH-01,172,50,102,0.2
2025-06-23,SKU-1047,WH-01,350,80,146,0.2
2025-06-23,SKU-1048,WH-01,74,80,165,0.2
2025-06-23,SKU-1049,WH-01,127,50,94,0.2
2025-06-23,SKU-1050,WH-01,152,30,71,0.2
2025-06-23,SKU-1051,WH-01,91,30,57,0.2
2025-06-23,SKU-1052,WH-01,70,30,69,0.2
2025-06-23,SKU-1053,WH-01,472,120,234,0.2
2025-06-23,SKU-1054,WH-01,152,50,118,0.2
2025-06-23,SKU-1055,WH-01,218,80,187,0.2
2025-06-23,SKU-1056,WH-01,32,120,256,0.2
2025-06-23,SKU-1057,WH-01,314,80,161,0.2
2025-06-23,SKU-1058,WH-01,266,80,144,0.2
2025-06-23,SKU-1059,WH-01,434,120,278,0.2
2025-06-23,SKU-1000,WH-02,126,30,58,0.2
2025-06-23,SKU-1001,WH-02,272,50,115,0.2
2025-06-23,SKU-1002,WH-02,334,80,189,0.2
2025-06-23,SKU-1003,WH-02,123,30,63,0.2
2025-06-23,SKU-1004,WH-02,26,50,112,0.2
2025-06-23,SKU-1005,WH-02,582,120,286,0.2
2025-06-23,SKU-1006,WH-02,101,30,65,0.2
2025-06-23,SKU-1007,WH-02,674,120,274,0.2
2025-06-23,SKU-1008,WH-02,223,80,164,0.2
2025-06-23,SKU-1009,WH-02,345,80,144,0.2
2025-06-23,SKU-1010,WH-02,133,30,61,0.2
2025-06-23,SKU-1011,WH-02,194,80,165,0.2
2025-06-23,SKU-1012,WH-02,149,30,68,0.2
2025-06-23,SKU-1013,WH-02,209,50,91,0.2
2025-06-23,SKU-1014,WH-02,206,50,103,0.2
2025-06-23,SKU-1015,WH-02,9,30,57,0.2
2025-06-23,SKU-1016,WH-02,321,120,230,0.2
2025-06-23,SKU-1017,WH-02,233,80,163,0.2
2025-06-23,SKU-1018,WH-02,240,50,101,0.2
2025-06-23,SKU-1019,WH-02,154,30,71,0.2
2025-06-23,SKU-1020,WH-02,220,50,108,0.2
2025-06-23,SKU-1021,WH-02,502,120,286,0.2
2025-06-23,SKU-1022,WH-02,112,30,66,0.2
2025-06-23,SKU-1023,WH-02,136,30,66,0.2
2025-06-23,SKU-1024,WH-02,389,120,272,0.2
2025-06-23,SKU-1025,WH-02,89,30,71,0.2
2025-06-23,SKU-1026,WH-02,68,30,63,0.2
2025-06-23,SKU-1027,WH-02,281,80,172,0.2
2025-06-23,SKU-1028,WH-02,142,30,59,0.2
2025-06-23,SKU-1029,WH-02,230,50,101,0.2
2025-06-23,SKU-1030,WH-02,140,30,70,0.2
2025-06-23,SKU-1031,WH-02,98,30,59,0.2
2025-06-23,SKU-1032,WH-02,112,30,56,0.2
2025-06-23,SKU-1033,WH-02,356,120,268,0.2
2025-06-23,SKU-1034,WH-02,43,80,179,0.2
2025-06-23,SKU-1035,WH-02,45,80,190,0.2
2025-06-23,SKU-1036,WH-02,0,120,283,0.2
2025-06-23,SKU-1037,WH-02,130,50,104,0.2
2025-06-23,SKU-1038,WH-02,316,80,191,0.2
2025-06-23,SKU-1039,WH-02,139,30,57,0.2
2025-06-23,SKU-1040,WH-02,173,80,162,0.2
2025-06-23,SKU-1041,WH-02,271,80,159,0.2
2025-06-23,SKU-1042,WH-02,195,80,177,0.2
2025-06-23,SKU-1043,WH-02,81,30,57,0.2
2025-06-23,SKU-1044,WH-02,139,50,110,0.2
2025-06-23,SKU-1045,WH-02,320,80,178,0.2
2025-06-23,SKU-1046,WH-02,431,80,186,0.2
2025-06-23,SKU-1047,WH-02,168,80,164,0.2
2025-06-23,SKU-1048,WH-02,20,50,119,0.2
2025-06-23,SKU-1049,WH-02,639,120,259,0.2
2025-06-23,SKU-1050,WH-02,263,80,154,0.2
2025-06-23,SKU-1051,WH-02,63,30,54,0.2
2025-06-23,SKU-1052,WH-02,163,50,94,0.2
2025-06-23,SKU-1053,WH-02,198,50,111,0.2
2025-06-23,SKU-1054,WH-02,83,30,65,0.2
2025-06-23,SKU-1055,WH-02,354,80,177,0.2
2025-06-23,SKU-1056,WH-02,74,120,256,0.2
2025-06-23,SKU-1057,WH-02,158,50,98,0.2
2025-06-23,SKU-1058,WH-02,157,50,103,0.2
2025-06-23,SKU-1059,WH-02,157,30,64,0.2
2025-06-23,SKU-1000,WH-03,427,80,185,0.2
2025-06-23,SKU-1001,WH-03,185,50,99,0.2
2025-06-23,SKU-1002,WH-03,127,50,102,0.2
2025-06-23,SKU-1003,WH-03,227,80,178,0.2
2025-06-23,SKU-1004,WH-03,231,80,154,0.2
2025-06-23,SKU-1005,WH-03,526,120,234,0.2
2025-06-23,SKU-1006,WH-03,252,50,101,0.2
2025-06-23,SKU-1007,WH-03,112,30,61,0.2
2025-06-23,SKU-1008,WH-03,234,50,112,0.2
2025-06-23,SKU-1009,WH-03,429,120,262,0.2
2025-06-23,SKU-1010,WH-03,0,120,225,0.2
2025-06-23,SKU-1011,WH-03,184,50,91,0.2
2025-06-23,SKU-1012,WH-03,105,50,99,0.2
2025-06-23,SKU-1013,WH-03,110,120,286,0.2
2025-06-23,SKU-1014,WH-03,39,50,106,0.2
2025-06-23,SKU-1015,WH-03,287,120,228,0.2
2025-06-23,SKU-1016,WH-03,5,30,71,0.2
2025-06-23,SKU-1017,WH-03,0,50,111,0.2
2025-06-23,SKU-1018,WH-03,509,120,246,0.2
2025-06-23,SKU-1019,WH-03,66,80,177,0.2
2025-06-23,SKU-1020,WH-03,15,30,59,0.2
2025-06-23,SKU-1021,WH-03,392,120,259,0.2
2025-06-23,SKU-1022,WH-03,675,120,273,0.2
2025-06-23,SKU-1023,WH-03,69,30,58,0.2
2025-06-23,SKU-1024,WH-03,478,120,266,0.2
2025-06-23,SKU-1025,WH-03,170,50,100,0.2
2025-06-23,SKU-1026,WH-03,58,80,187,0.2
2025-06-23,SKU-1027,WH-03,551,120,262,0.2
2025-06-23,SKU-1028,WH-03,368,120,282,0.2
2025-06-23,SKU-1029,WH-03,191,50,92,0.2
2025-06-23,SKU-1030,WH-03,47,80,147,0.2
2025-06-23,SKU-1031,WH-03,164,50,93,0.2
2025-06-23,SKU-1032,WH-03,117,30,54,0.2
2025-06-23,SKU-1033,WH-03,124,30,56,0.2
2025-06-23,SKU-1034,WH-03,144,50,93,0.2
2025-06-23,SKU-1035,WH-03,213,50,112,0.2
2025-06-23,SKU-1036,WH-03,0,50,115,0.2
2025-06-23,SKU-1037,WH-03,340,120,237,0.2
2025-06-23,SKU-1038,WH-03,0,50,117,0.2
2025-06-23,SKU-1039,WH-03,128,50,114,0.2
2025-06-23,SKU-1040,WH-03,215,50,95,0.2
2025-06-23,SKU-1041,WH-03,184,50,103,0.2
2025-06-23,SKU-1042,WH-03,0,80,147,0.2
2025-06-23,SKU-1043,WH-03,63,30,58,0.2
2025-06-23,SKU-1044,WH-03,248,80,180,0.2
2025-06-23,SKU-1045,WH-03,66,30,64,0.2
2025-06-23,SKU-1046,WH-03,399,120,246,0.2
2025-06-23,SKU-1047,WH-03,61,30,60,0.2
2025-06-23,SKU-1048,WH-03,0,50,107,0.2
2025-06-23,SKU-1049,WH-03,187,50,95,0.2
2025-06-23,SKU-1050,WH-03,74,30,62,0.2
2025-06-23,SKU-1051,WH-03,102,30,58,0.2
2025-06-23,SKU-1052,WH-03,90,30,63,0.2
2025-06-23,SKU-1053,WH-03,137,30,58,0.2
2025-06-23,SKU-1054,WH-03,149,50,116,0.2
2025-06-23,SKU-1055,WH-03,279,50,117,0.2
2025-06-23,SKU-1056,WH-03,132,30,66,0.2
2025-06-23,SKU-1057,WH-03,377,120,256,0.2
2025-06-23,SKU-1058,WH-03,108,50,95,0.2
2025-06-23,SKU-1059,WH-03,44,50,107,0.2
2025-06-23,SKU-1000,WH-04,0,30,62,0.2
2025-06-23,SKU-1001,WH-04,290,80,162,0.2
2025-06-23,SKU-1002,WH-04,296,120,246,0.2
2025-06-23,SKU-1003,WH-04,0,30,61,0.2
2025-06-23,SKU-1004,WH-04,215,50,108,0.2
2025-06-23,SKU-1005,WH-04,120,30,69,0.2
2025-06-23,SKU-1006,WH-04,104,50,98,0.2
2025-06-23,SKU-1007,WH-04,4,120,264,0.2
2025-06-23,SKU-1008,WH-04,0,50,100,0.2
2025-06-23,SKU-1009,WH-04,0,80,146,0.2
2025-06-23,SKU-1010,WH-04,122,30,67,0.2
2025-06-23,SKU-1011,WH-04,3,30,67,0.2
2025-06-23,SKU-1012,WH-04,175,50,115,0.2
2025-06-23,SKU-1013,WH-04,269,120,226,0.2
2025-06-23,SKU-1014,WH-04,279,80,154,0.2
2025-06-23,SKU-1015,WH-04,276,50,111,0.2
2025-06-23,SKU-1016,WH-04,2,30,65,0.2
2025-06-23,SKU-1017,WH-04,0,50,108,0.2
2025-06-23,SKU-1018,WH-04,0,30,59,0.2
2025-06-23,SKU-1019,WH-04,191,50,108,0.2
2025-06-23,SKU-1020,WH-04,234,80,178,0.2
2025-06-23,SKU-1021,WH-04,150,50,113,0.2
2025-06-23,SKU-1022,WH-04,159,30,68,0.2
2025-06-23,SKU-1023,WH-04,440,80,188,0.2
2025-06-23,SKU-1024,WH-04,405,80,172,0.2
2025-06-23,SKU-1025,WH-04,193,80,191,0.2
2025-06-23,SKU-1026,WH-04,360,80,169,0.2
2025-06-23,SKU-1027,WH-04,300,120,216,0.2
2025-06-23,SKU-1028,WH-04,66,30,61,0.2
2025-06-23,SKU-1029,WH-04,0,120,256,0.2
2025-06-23,SKU-1030,WH-04,177,80,168,0.2
2025-06-23,SKU-1031,WH-04,97,30,62,0.2
2025-06-23,SKU-1032,WH-04,313,120,238,0.2
2025-06-23,SKU-1033,WH-04,74,30,64,0.2
2025-06-23,SKU-1034,WH-04,167,30,68,0.2
2025-06-23,SKU-1035,WH-04,208,80,173,0.2
2025-06-23,SKU-1036,WH-04,0,30,60,0.2
2025-06-23,SKU-1037,WH-04,287,120,238,0.2
2025-06-23,SKU-1038,WH-04,70,30,56,0.2
2025-06-23,SKU-1039,WH-04,275,80,149,0.2
2025-06-23,SKU-1040,WH-04,2,30,69,0.2
2025-06-23,SKU-1041,WH-04,102,30,58,0.2
2025-06-23,SKU-1042,WH-04,205,50,115,0.2
2025-06-23,SKU-1043,WH-04,173,50,105,0.2
2025-06-23,SKU-1044,WH-04,174,50,105,0.2
2025-06-23,SKU-1045,WH-04,383,80,191,0.2
2025-06-23,SKU-1046,WH-04,411,80,188,0.2
2025-06-23,SKU-1047,WH-04,466,120,222,0.2
2025-06-23,SKU-1048,WH-04,0,120,222,0.2
2025-06-23,SKU-1049,WH-04,374,80,176,0.2
2025-06-23,SKU-1050,WH-04,229,80,157,0.2
2025-06-23,SKU-1051,WH-04,552,120,274,0.2
2025-06-23,SKU-1052,WH-04,491,120,216,0.2
2025-06-23,SKU-1053,WH-04,121,50,98,0.2
2025-06-23,SKU-1054,WH-04,142,30,61,0.2
2025-06-23,SKU-1055,WH-04,636,120,287,0.2
2025-06-23,SKU-1056,WH-04,284,80,165,0.2
2025-06-23,SKU-1057,WH-04,18,30,56,0.2
2025-06-23,SKU-1058,WH-04,136,30,60,0.2
2025-06-23,SKU-1059,WH-04,234,50,94,0.2
2025-06-30,SKU-1000,WH-01,408,120,270,0.2
2025-06-30,SKU-1001,WH-01,33,120,284,0.2
2025-06-30,SKU-1002,WH-01,429,120,216,0.2
2025-06-30,SKU-1003,WH-01,313,120,234,0.2
2025-06-30,SKU-1004,WH-01,123,50,112,0.2
2025-06-30,SKU-1005,WH-01,446,80,184,0.2
2025-06-30,SKU-1006,WH-01,243,50,105,0.2
2025-06-30,SKU-1007,WH-01,0,120,262,0.2
2025-06-30,SKU-1008,WH-01,106,50,98,0.2
2025-06-30,SKU-1009,WH-01,64,30,58,0.2
2025-06-30,SKU-1010,WH-01,468,120,217,0.2
2025-06-30,SKU-1011,WH-01,72,30,55,0.2
2025-06-30,SKU-1012,WH-01,40,120,228,0.2
2025-06-30,SKU-1013,WH-01,584,120,254,0.2
2025-06-30,SKU-1014,WH-01,290,80,169,0.2
2025-06-30,SKU-1015,WH-01,157,50,114,0.2
2025-06-30,SKU-1016,WH-01,27,30,56,0.2
2025-06-30,SKU-1017,WH-01,83,30,67,0.2
2025-06-30,SKU-1018,WH-01,398,80,172,0.2
2025-06-30,SKU-1019,WH-01,426,80,182,0.2
2025-06-30,SKU-1020,WH-01,297,80,149,0.2
2025-06-30,SKU-1021,WH-01,417,120,221,0.2
2025-06-30,SKU-1022,WH-01,213,80,168,0.2
2025-06-30,SKU-1023,WH-01,446,120,281,0.2
2025-06-30,SKU-1024,WH-01,41,80,154,0.2
2025-06-30,SKU-1025,WH-01,263,120,239,0.2
2025-06-30,SKU-1026,WH-01,22,30,57,0.2
2025-06-30,SKU-1027,WH-01,72,30,69,0.2
2025-06-30,SKU-1028,WH-01,142,30,64,0.2
2025-06-30,SKU-1029,WH-01,250,80,178,0.2
2025-06-30,SKU-1030,WH-01,185,50,110,0.2
2025-06-30,SKU-1031,WH-01,5,30,66,0.2
2025-06-30,SKU-1032,WH-01,0,50,97,0.2
2025-06-30,SKU-1033,WH-01,205,80,160,0.2
2025-06-30,SKU-1034,WH-01,429,120,277,0.2
2025-06-30,SKU-1035,WH-01,428,120,223,0.2
2025-06-30,SKU-1036,WH-01,0,30,62,0.2
2025-06-30,SKU-1037,WH-01,355,120,223,0.2
2025-06-30,SKU-1038,WH-01,508,120,243,0.2
2025-06-30,SKU-1039,WH-01,133,30,69,0.2
2025-06-30,SKU-1040,WH-01,240,50,112,0.2
2025-06-30,SKU-1041,WH-01,242,50,100,0.2
2025-06-30,SKU-1042,WH-01,118,30,70,0.2
2025-06-30,SKU-1043,WH-01,327,80,163,0.2
2025-06-30,SKU-1044,WH-01,95,30,59,0.2
2025-06-30,SKU-1045,WH-01,347,120,262,0.2
2025-06-30,SKU-1046,WH-01,295,120,287,0.2
2025-06-30,SKU-1047,WH-01,200,80,174,0.2
2025-06-30,SKU-1048,WH-01,119,30,67,0.2
2025-06-30,SKU-1049,WH-01,41,80,160,0.2
2025-06-30,SKU-1050,WH-01,80,30,55,0.2
2025-06-30,SKU-1051,WH-01,147,30,66,0.2
2025-06-30,SKU-1052,WH-01,199,80,157,0.2
2025-06-30,SKU-1053,WH-01,290,120,251,0.2
2025-06-30,SKU-1054,WH-01,12,50,119,0.2
2025-06-30,SKU-1055,WH-01,153,30,68,0.2
2025-06-30,SKU-1056,WH-01,165,80,163,0.2
2025-06-30,SKU-1057,WH-01,51,80,176,0.2
2025-06-30,SKU-1058,WH-01,126,50,118,0.2
2025-06-30,SKU-1059,WH-01,215,50,118,0.2
2025-06-30,SKU-1000,WH-02,15,30,70,0.2
2025-06-30,SKU-1001,WH-02,93,30,64,0.2
2025-06-30,SKU-1002,WH-02,235,50,117,0.2
2025-06-30,SKU-1003,WH-02,270,50,117,0.2
2025-06-30,SKU-1004,WH-02,313,80,169,0.2
2025-06-30,SKU-1005,WH-02,10,120,282,0.2
2025-06-30,SKU-1006,WH-02,393,120,235,0.2
2025-06-30,SKU-1007,WH-02,0,50,106,0.2
2025-06-30,SKU-1008,WH-02,188,50,111,0.2
2025-06-30,SKU-1009,WH-02,410,80,183,0.2
2025-06-30,SKU-1010,WH-02,346,80,151,0.2
2025-06-30,SKU-1011,WH-02,0,50,106,0.2
2025-06-30,SKU-1012,WH-02,138,50,94,0.2
2025-06-30,SKU-1013,WH-02,332,80,150,0.2
2025-06-30,SKU-1014,WH-02,128,30,58,0.2
2025-06-30,SKU-1015,WH-02,244,80,185,0.2
2025-06-30,SKU-1016,WH-02,679,120,282,0.2
2025-06-30,SKU-1017,WH-02,148,30,69,0.2
2025-06-30,SKU-1018,WH-02,0,120,261,0.2
2025-06-30,SKU-1019,WH-02,361,120,281,0.2
2025-06-30,SKU-1020,WH-02,474,120,278,0.2
2025-06-30,SKU-1021,WH-02,154,50,110,0.2
2025-06-30,SKU-1022,WH-02,261,80,158,0.2
2025-06-30,SKU-1023,WH-02,0,50,119,0.2
2025-06-30,SKU-1024,WH-02,226,50,95,0.2
2025-06-30,SKU-1025,WH-02,379,120,235,0.2
2025-06-30,SKU-1026,WH-02,144,30,71,0.2
2025-06-30,SKU-1027,WH-02,536,120,234,0.2
2025-06-30,SKU-1028,WH-02,241,50,100,0.2
2025-06-30,SKU-1029,WH-02,369,120,273,0.2
2025-06-30,SKU-1030,WH-02,193,50,99,0.2
2025-06-30,SKU-1031,WH-02,227,50,104,0.2
2025-06-30,SKU-1032,WH-02,232,80,183,0.2
2025-06-30,SKU-1033,WH-02,362,80,185,0.2
2025-06-30,SKU-1034,WH-02,317,80,161,0.2
2025-06-30,SKU-1035,WH-02,358,80,184,0.2
2025-06-30,SKU-1036,WH-02,0,80,147,0.2
2025-06-30,SKU-1037,WH-02,384,120,259,0.2
2025-06-30,SKU-1038,WH-02,164,30,67,0.2
2025-06-30,SKU-1039,WH-02,463,80,191,0.2
2025-06-30,SKU-1040,WH-02,577,120,246,0.2
2025-06-30,SKU-1041,WH-02,480,120,220,0.2
2025-06-30,SKU-1042,WH-02,188,50,90,0.2
2025-06-30,SKU-1043,WH-02,164,50,99,0.2
2025-06-30,SKU-1044,WH-02,438,120,244,0.2
2025-06-30,SKU-1045,WH-02,14,120,218,0.2
2025-06-30,SKU-1046,WH-02,28,30,70,0.2
2025-06-30,SKU-1047,WH-02,48,50,110,0.2
2025-06-30,SKU-1048,WH-02,260,120,220,0.2
2025-06-30,SKU-1049,WH-02,0,50,107,0.2
2025-06-30,SKU-1050,WH-02,78,30,58,0.2
2025-06-30,SKU-1051,WH-02,200,50,101,0.2
2025-06-30,SKU-1052,WH-02,15,30,71,0.2
2025-06-30,SKU-1053,WH-02,24,50,95,0.2
2025-06-30,SKU-1054,WH-02,134,50,116,0.2
2025-06-30,SKU-1055,WH-02,309,120,235,0.2
2025-06-30,SKU-1056,WH-02,129,30,59,0.2
2025-06-30,SKU-1057,WH-02,361,120,267,0.2
2025-06-30,SKU-1058,WH-02,398,120,219,0.2
2025-06-30,SKU-1059,WH-02,587,120,250,0.2
2025-06-30,SKU-1000,WH-03,207,50,90,0.2
2025-06-30,SKU-1001,WH-03,107,30,56,0.2
2025-06-30,SKU-1002,WH-03,20,30,56,0.2
2025-06-30,SKU-1003,WH-03,16,80,180,0.2
2025-06-30,SKU-1004,WH-03,496,120,280,0.2
2025-06-30,SKU-1005,WH-03,445,120,232,0.2
2025-06-30,SKU-1006,WH-03,109,30,59,0.2
2025-06-30,SKU-1007,WH-03,291,80,171,0.2
2025-06-30,SKU-1008,WH-03,386,80,179,0.2
2025-06-30,SKU-1009,WH-03,335,80,168,0.2
2025-06-30,SKU-1010,WH-03,410,120,239,0.2
2025-06-30,SKU-1011,WH-03,54,80,159,0.2
2025-06-30,SKU-1012,WH-03,208,80,147,0.2
2025-06-30,SKU-1013,WH-03,126,50,112,0.2
2025-06-30,SKU-1014,WH-03,129,30,69,0.2
2025-06-30,SKU-1015,WH-03,233,50,112,0.2
2025-06-30,SKU-1016,WH-03,173,80,152,0.2
2025-06-30,SKU-1017,WH-03,359,120,267,0.2
2025-06-30,SKU-1018,WH-03,120,30,70,0.2
2025-06-30,SKU-1019,WH-03,73,30,62,0.2
2025-06-30,SKU-1020,WH-03,146,30,64,0.2
2025-06-30,SKU-1021,WH-03,257,80,146,0.2
2025-06-30,SKU-1022,WH-03,144,50,90,0.2
2025-06-30,SKU-1023,WH-03,367,120,245,0.2
2025-06-30,SKU-1024,WH-03,473,120,240,0.2
2025-06-30,SKU-1025,WH-03,306,120,218,0.2
2025-06-30,SKU-1026,WH-03,201,80,147,0.2
2025-06-30,SKU-1027,WH-03,404,80,178,0.2
2025-06-30,SKU-1028,WH-03,397,120,286,0.2
2025-06-30,SKU-1029,WH-03,178,80,158,0.2
2025-06-30,SKU-1030,WH-03,148,30,64,0.2
2025-06-30,SKU-1031,WH-03,227,50,107,0.2
2025-06-30,SKU-1032,WH-03,379,120,275,0.2
2025-06-30,SKU-1033,WH-03,408,120,218,0.2
2025-06-30,SKU-1034,WH-03,155,50,96,0.2
2025-06-30,SKU-1035,WH-03,332,120,284,0.2
2025-06-30,SKU-1036,WH-03,186,50,110,0.2
2025-06-30,SKU-1037,WH-03,87,30,59,0.2
2025-06-30,SKU-1038,WH-03,189,50,93,0.2
2025-06-30,SKU-1039,WH-03,198,80,189,0.2
2025-06-30,SKU-1040,WH-03,164,80,146,0.2
2025-06-30,SKU-1041,WH-03,116,50,95,0.2
2025-06-30,SKU-1042,WH-03,5,30,61,0.2
2025-06-30,SKU-1043,WH-03,306,120,273,0.2
2025-06-30,SKU-1044,WH-03,303,120,223,0.2
2025-06-30,SKU-1045,WH-03,88,30,59,0.2
2025-06-30,SKU-1046,WH-03,354,120,281,0.2
2025-06-30,SKU-1047,WH-03,466,120,237,0.2
2025-06-30,SKU-1048,WH-03,159,30,64,0.2
2025-06-30,SKU-1049,WH-03,121,30,57,0.2
2025-06-30,SKU-1050,WH-03,275,80,176,0.2
2025-06-30,SKU-1051,WH-03,23,30,63,0.2
2025-06-30,SKU-1052,WH-03,134,30,65,0.2
2025-06-30,SKU-1053,WH-03,78,120,264,0.2
2025-06-30,SKU-1054,WH-03,174,50,109,0.2
2025-06-30,SKU-1055,WH-03,406,80,163,0.2
2025-06-30,SKU-1056,WH-03,317,80,174,0.2
2025-06-30,SKU-1057,WH-03,260,50,110,0.2
2025-06-30,SKU-1058,WH-03,472,120,280,0.2
2025-06-30,SKU-1059,WH-03,31,120,265,0.2
2025-06-30,SKU-1000,WH-04,206,80,148,0.2
2025-06-30,SKU-1001,WH-04,414,80,173,0.2
2025-06-30,SKU-1002,WH-04,82,30,60,0.2
2025-06-30,SKU-1003,WH-04,228,50,101,0.2
2025-06-30,SKU-1004,WH-04,36,50,114,0.2
2025-06-30,SKU-1005,WH-04,203,80,152,0.2
2025-06-30,SKU-1006,WH-04,102,50,96,0.2
2025-06-30,SKU-1007,WH-04,257,80,161,0.2
2025-06-30,SKU-1008,WH-04,222,80,174,0.2
2025-06-30,SKU-1009,WH-04,139,30,58,0.2
2025-06-30,SKU-1010,WH-04,379,120,222,0.2
2025-06-30,SKU-1011,WH-04,82,120,278,0.2
2025-06-30,SKU-1012,WH-04,130,30,62,0.2
2025-06-30,SKU-1013,WH-04,496,120,257,0.2
2025-06-30,SKU-1014,WH-04,84,30,58,0.2
2025-06-30,SKU-1015,WH-04,101,30,56,0.2
2025-06-30,SKU-1016,WH-04,208,80,150,0.2
2025-06-30,SKU-1017,WH-04,362,120,284,0.2
2025-06-30,SKU-1018,WH-04,157,30,71,0.2
2025-06-30,SKU-1019,WH-04,0,30,67,0.2
2025-06-30,SKU-1020,WH-04,121,30,62,0.2
2025-06-30,SKU-1021,WH-04,386,120,265,0.2
2025-06-30,SKU-1022,WH-04,104,30,66,0.2
2025-06-30,SKU-1023,WH-04,505,120,286,0.2
2025-06-30,SKU-1024,WH-04,270,50,119,0.2
2025-06-30,SKU-1025,WH-04,195,50,112,0.2
2025-06-30,SKU-1026,WH-04,210,80,151,0.2
2025-06-30,SKU-1027,WH-04,207,50,91,0.2
2025-06-30,SKU-1028,WH-04,157,80,148,0.2
2025-06-30,SKU-1029,WH-04,89,30,60,0.2
2025-06-30,SKU-1030,WH-04,158,80,155,0.2
2025-06-30,SKU-1031,WH-04,273,50,117,0.2
2025-06-30,SKU-1032,WH-04,237,50,106,0.2
2025-06-30,SKU-1033,WH-04,133,50,102,0.2
2025-06-30,SKU-1034,WH-04,88,30,54,0.2
2025-06-30,SKU-1035,WH-04,27,80,167,0.2
2025-06-30,SKU-1036,WH-04,362,80,175,0.2
2025-06-30,SKU-1037,WH-04,164,50,118,0.2
2025-06-30,SKU-1038,WH-04,94,30,70,0.2
2025-06-30,SKU-1039,WH-04,174,30,70,0.2
2025-06-30,SKU-1040,WH-04,466,120,228,0.2
2025-06-30,SKU-1041,WH-04,346,120,283,0.2
2025-06-30,SKU-1042,WH-04,390,120,251,0.2
2025-06-30,SKU-1043,WH-04,257,50,113,0.2
2025-06-30,SKU-1044,WH-04,194,50,102,0.2
2025-06-30,SKU-1045,WH-04,0,80,172,0.2
2025-06-30,SKU-1046,WH-04,68,30,65,0.2
2025-06-30,SKU-1047,WH-04,403,120,242,0.2
2025-06-30,SKU-1048,WH-04,293,50,118,0.2
2025-06-30,SKU-1049,WH-04,254,50,112,0.2
2025-06-30,SKU-1050,WH-04,294,80,161,0.2
2025-06-30,SKU-1051,WH-04,445,120,238,0.2
2025-06-30,SKU-1052,WH-04,263,50,119,0.2
2025-06-30,SKU-1053,WH-04,354,80,146,0.2
2025-06-30,SKU-1054,WH-04,651,120,266,0.2
2025-06-30,SKU-1055,WH-04,273,80,144,0.2
2025-06-30,SKU-1056,WH-04,172,50,106,0.2
2025-06-30,SKU-1057,WH-04,0,50,96,0.2
2025-06-30,SKU-1058,WH-04,76,80,182,0.2
2025-06-30,SKU-1059,WH-04,0,50,109,0.2
2025-07-07,SKU-1000,WH-01,74,30,56,0.2
2025-07-07,SKU-1001,WH-01,117,30,65,0.2
2025-07-07,SKU-1002,WH-01,0,80,183,0.2
2025-07-07,SKU-1003,WH-01,210,50,104,0.2
2025-07-07,SKU-1004,WH-01,81,30,69,0.2
2025-07-07,SKU-1005,WH-01,58,30,57,0.2
2025-07-07,SKU-1006,WH-01,212,50,98,0.2
2025-07-07,SKU-1007,WH-01,0,120,261,0.2
2025-07-07,SKU-1008,WH-01,566,120,249,0.2
2025-07-07,SKU-1009,WH-01,202,50,118,0.2
2025-07-07,SKU-1010,WH-01,0,50,116,0.2
2025-07-07,SKU-1011,WH-01,120,30,54,0.2
2025-07-07,SKU-1012,WH-01,281,50,119,0.2
2025-07-07,SKU-1013,WH-01,93,30,59,0.2
2025-07-07,SKU-1014,WH-01,122,50,105,0.2
2025-07-07,SKU-1015,WH-01,450,80,191,0.2
2025-07-07,SKU-1016,WH-01,438,80,187,0.2
2025-07-07,SKU-1017,WH-01,276,80,191,0.2
2025-07-07,SKU-1018,WH-01,561,120,274,0.2
2025-07-07,SKU-1019,WH-01,37,50,103,0.2
2025-07-07,SKU-1020,WH-01,131,30,66,0.2
2025-07-07,SKU-1021,WH-01,79,30,65,0.2
2025-07-07,SKU-1022,WH-01,30,80,159,0.2
2025-07-07,SKU-1023,WH-01,224,80,161,0.2
2025-07-07,SKU-1024,WH-01,268,80,159,0.2
2025-07-07,SKU-1025,WH-01,100,50,100,0.2
2025-07-07,SKU-1026,WH-01,417,80,170,0.2
2025-07-07,SKU-1027,WH-01,195,80,160,0.2
2025-07-07,SKU-1028,WH-01,106,50,92,0.2
2025-07-07,SKU-1029,WH-01,15,80,191,0.2
2025-07-07,SKU-1030,WH-01,22,50,105,0.2
2025-07-07,SKU-1031,WH-01,339,80,156,0.2
2025-07-07,SKU-1032,WH-01,275,80,158,0.2
2025-07-07,SKU-1033,WH-01,251,80,179,0.2
2025-07-07,SKU-1034,WH-01,19,50,92,0.2
2025-07-07,SKU-1035,WH-01,338,120,287,0.2
2025-07-07,SKU-1036,WH-01,59,30,57,0.2
2025-07-07,SKU-1037,WH-01,113,30,69,0.2
2025-07-07,SKU-1038,WH-01,338,120,248,0.2
2025-07-07,SKU-1039,WH-01,0,80,182,0.2
2025-07-07,SKU-1040,WH-01,278,80,160,0.2
2025-07-07,SKU-1041,WH-01,411,80,188,0.2
2025-07-07,SKU-1042,WH-01,678,120,282,0.2
2025-07-07,SKU-1043,WH-01,117,30,60,0.2
2025-07-07,SKU-1044,WH-01,96,30,70,0.2
2025-07-07,SKU-1045,WH-01,162,80,158,0.2
2025-07-07,SKU-1046,WH-01,500,120,221,0.2
2025-07-07,SKU-1047,WH-01,154,80,154,0.2
2025-07-07,SKU-1048,WH-01,345,120,231,0.2
2025-07-07,SKU-1049,WH-01,0,50,119,0.2
2025-07-07,SKU-1050,WH-01,373,80,170,0.2
2025-07-07,SKU-1051,WH-01,0,120,224,0.2
2025-07-07,SKU-1052,WH-01,9,80,163,0.2
2025-07-07,SKU-1053,WH-01,116,50,115,0.2
2025-07-07,SKU-1054,WH-01,344,80,159,0.2
2025-07-07,SKU-1055,WH-01,58,80,167,0.2
2025-07-07,SKU-1056,WH-01,369,80,168,0.2
2025-07-07,SKU-1057,WH-01,115,120,249,0.2
2025-07-07,SKU-1058,WH-01,6,30,60,0.2
2025-07-07,SKU-1059,WH-01,201,80,182,0.2
2025-07-07,SKU-1000,WH-02,321,80,157,0.2
2025-07-07,SKU-1001,WH-02,222,80,183,0.2
2025-07-07,SKU-1002,WH-02,124,50,106,0.2
2025-07-07,SKU-1003,WH-02,189,80,180,0.2
2025-07-07,SKU-1004,WH-02,590,120,274,0.2
2025-07-07,SKU-1005,WH-02,13,50,108,0.2
2025-07-07,SKU-1006,WH-02,0,50,108,0.2
2025-07-07,SKU-1007,WH-02,638,120,285,0.2
2025-07-07,SKU-1008,WH-02,394,120,245,0.2
2025-07-07,SKU-1009,WH-02,537,120,232,0.2
2025-07-07,SKU-1010,WH-02,124,30,61,0.2
2025-07-07,SKU-1011,WH-02,252,50,113,0.2
2025-07-07,SKU-1012,WH-02,303,80,187,0.2
2025-07-07,SKU-1013,WH-02,0,50,107,0.2
2025-07-07,SKU-1014,WH-02,96,50,95,0.2
2025-07-07,SKU-1015,WH-02,18,30,70,0.2
2025-07-07,SKU-1016,WH-02,113,50,100,0.2
2025-07-07,SKU-1017,WH-02,159,50,116,0.2
2025-07-07,SKU-1018,WH-02,235,50,95,0.2
2025-07-07,SKU-1019,WH-02,107,30,55,0.2
2025-07-07,SKU-1020,WH-02,118,30,54,0.2
2025-07-07,SKU-1021,WH-02,199,80,154,0.2
2025-07-07,SKU-1022,WH-02,615,120,286,0.2
2025-07-07,SKU-1023,WH-02,0,80,184,0.2
2025-07-07,SKU-1024,WH-02,219,50,102,0.2
2025-07-07,SKU-1025,WH-02,83,30,61,0.2
2025-07-07,SKU-1026,WH-02,95,30,68,0.2
2025-07-07,SKU-1027,WH-02,293,120,253,0.2
2025-07-07,SKU-1028,WH-02,627,120,271,0.2
2025-07-07,SKU-1029,WH-02,2,50,113,0.2
2025-07-07,SKU-1030,WH-02,147,50,117,0.2
2025-07-07,SKU-1031,WH-02,424,120,232,0.2
2025-07-07,SKU-1032,WH-02,240,50,109,0.2
2025-07-07,SKU-1033,WH-02,146,30,68,0.2
2025-07-07,SKU-1034,WH-02,357,120,232,0.2
2025-07-07,SKU-1035,WH-02,236,50,112,0.2
2025-07-07,SKU-1036,WH-02,90,30,56,0.2
2025-07-07,SKU-1037,WH-02,104,30,58,0.2
2025-07-07,SKU-1038,WH-02,197,50,98,0.2
2025-07-07,SKU-1039,WH-02,410,120,274,0.2
2025-07-07,SKU-1040,WH-02,495,120,276,0.2
2025-07-07,SKU-1041,WH-02,505,120,286,0.2
2025-07-07,SKU-1042,WH-02,436,80,183,0.2
2025-07-07,SKU-1043,WH-02,224,50,104,0.2
2025-07-07,SKU-1044,WH-02,116,30,57,0.2
2025-07-07,SKU-1045,WH-02,222,80,175,0.2
2025-07-07,SKU-1046,WH-02,75,30,66,0.2
2025-07-07,SKU-1047,WH-02,348,80,175,0.2
2025-07-07,SKU-1048,WH-02,391,80,187,0.2
2025-07-07,SKU-1049,WH-02,123,30,71,0.2
2025-07-07,SKU-1050,WH-02,630,120,255,0.2
2025-07-07,SKU-1051,WH-02,556,120,232,0.2
2025-07-07,SKU-1052,WH-02,425,120,247,0.2
2025-07-07,SKU-1053,WH-02,124,50,110,0.2
2025-07-07,SKU-1054,WH-02,341,80,166,0.2
2025-07-07,SKU-1055,WH-02,136,30,63,0.2
2025-07-07,SKU-1056,WH-02,83,30,69,0.2
2025-07-07,SKU-1057,WH-02,537,120,217,0.2
2025-07-07,SKU-1058,WH-02,159,50,104,0.2
2025-07-07,SKU-1059,WH-02,303,80,151,0.2
2025-07-07,SKU-1000,WH-03,117,30,61,0.2
2025-07-07,SKU-1001,WH-03,369,80,152,0.2
2025-07-07,SKU-1002,WH-03,162,50,90,0.2
2025-07-07,SKU-1003,WH-03,0,80,155,0.2
2025-07-07,SKU-1004,WH-03,278,120,278,0.2
2025-07-07,SKU-1005,WH-03,167,30,70,0.2
2025-07-07,SKU-1006,WH-03,226,50,116,0.2
2025-07-07,SKU-1007,WH-03,130,30,55,0.2
2025-07-07,SKU-1008,WH-03,76,30,70,0.2
2025-07-07,SKU-1009,WH-03,317,120,242,0.2
2025-07-07,SKU-1010,WH-03,392,120,226,0.2
2025-07-07,SKU-1011,WH-03,403,120,220,0.2
2025-07-07,SKU-1012,WH-03,532,120,227,0.2
2025-07-07,SKU-1013,WH-03,369,80,181,0.2
2025-07-07,SKU-1014,WH-03,61,80,175,0.2
2025-07-07,SKU-1015,WH-03,344,80,145,0.2
2025-07-07,SKU-1016,WH-03,151,30,64,0.2
2025-07-07,SKU-1017,WH-03,100,50,91,0.2
2025-07-07,SKU-1018,WH-03,77,30,65,0.2
2025-07-07,SKU-1019,WH-03,52,120,233,0.2
2025-07-07,SKU-1020,WH-03,134,30,70,0.2
2025-07-07,SKU-1021,WH-03,90,30,64,0.2
2025-07-07,SKU-1022,WH-03,282,120,249,0.2
2025-07-07,SKU-1023,WH-03,178,50,93,0.2
2025-07-07,SKU-1024,WH-03,0,120,242,0.2
2025-07-07,SKU-1025,WH-03,88,30,58,0.2
2025-07-07,SKU-1026,WH-03,286,120,276,0.2
2025-07-07,SKU-1027,WH-03,158,50,113,0.2
2025-07-07,SKU-1028,WH-03,200,80,161,0.2
2025-07-07,SKU-1029,WH-03,340,80,163,0.2
2025-07-07,SKU-1030,WH-03,0,30,64,0.2
2025-07-07,SKU-1031,WH-03,297,120,273,0.2
2025-07-07,SKU-1032,WH-03,28,120,238,0.2
2025-07-07,SKU-1033,WH-03,97,50,91,0.2
2025-07-07,SKU-1034,WH-03,659,120,280,0.2
2025-07-07,SKU-1035,WH-03,135,30,59,0.2
2025-07-07,SKU-1036,WH-03,95,50,91,0.2
2025-07-07,SKU-1037,WH-03,653,120,280,0.2
2025-07-07,SKU-1038,WH-03,141,50,95,0.2
2025-07-07,SKU-1039,WH-03,222,50,102,0.2
2025-07-07,SKU-1040,WH-03,646,120,279,0.2
2025-07-07,SKU-1041,WH-03,550,120,262,0.2
2025-07-07,SKU-1042,WH-03,336,80,170,0.2
2025-07-07,SKU-1043,WH-03,74,30,67,0.2
2025-07-07,SKU-1044,WH-03,352,80,186,0.2
2025-07-07,SKU-1045,WH-03,236,80,188,0.2
2025-07-07,SKU-1046,WH-03,337,80,166,0.2
2025-07-07,SKU-1047,WH-03,273,80,180,0.2
2025-07-07,SKU-1048,WH-03,96,120,230,0.2
2025-07-07,SKU-1049,WH-03,240,120,237,0.2
2025-07-07,SKU-1050,WH-03,106,50,105,0.2
2025-07-07,SKU-1051,WH-03,210,50,90,0.2
2025-07-07,SKU-1052,WH-03,71,30,56,0.2
2025-07-07,SKU-1053,WH-03,266,80,144,0.2
2025-07-07,SKU-1054,WH-03,265,80,186,0.2
2025-07-07,SKU-1055,WH-03,134,50,109,0.2
2025-07-07,SKU-1056,WH-03,123,30,67,0.2
2025-07-07,SKU-1057,WH-03,0,30,58,0.2
2025-07-07,SKU-1058,WH-03,337,80,181,0.2
2025-07-07,SKU-1059,WH-03,312,80,173,0.2
2025-07-07,SKU-1000,WH-04,69,30,69,0.2
2025-07-07,SKU-1001,WH-04,0,30,54,0.2
2025-07-07,SKU-1002,WH-04,85,30,66,0.2
2025-07-07,SKU-1003,WH-04,104,30,69,0.2
2025-07-07,SKU-1004,WH-04,288,120,263,0.2
2025-07-07,SKU-1005,WH-04,194,80,145,0.2
2025-07-07,SKU-1006,WH-04,582,120,286,0.2
2025-07-07,SKU-1007,WH-04,12,120,242,0.2
2025-07-07,SKU-1008,WH-04,0,50,117,0.2
2025-07-07,SKU-1009,WH-04,0,120,241,0.2
2025-07-07,SKU-1010,WH-04,97,30,71,0.2
2025-07-07,SKU-1011,WH-04,257,120,218,0.2
2025-07-07,SKU-1012,WH-04,524,120,248,0.2
2025-07-07,SKU-1013,WH-04,36,50,98,0.2
2025-07-07,SKU-1014,WH-04,247,80,190,0.2
2025-07-07,SKU-1015,WH-04,14,80,157,0.2
2025-07-07,SKU-1016,WH-04,115,30,64,0.2
2025-07-07,SKU-1017,WH-04,250,50,118,0.2
2025-07-07,SKU-1018,WH-04,184,80,148,0.2
2025-07-07,SKU-1019,WH-04,0,50,104,0.2
2025-07-07,SKU-1020,WH-04,219,50,107,0.2
2025-07-07,SKU-1021,WH-04,379,80,156,0.2
2025-07-07,SKU-1022,WH-04,204,80,172,0.2
2025-07-07,SKU-1023,WH-04,12,80,156,0.2
2025-07-07,SKU-1024,WH-04,300,120,222,0.2
2025-07-07,SKU-1025,WH-04,44,80,146,0.2
2025-07-07,SKU-1026,WH-04,0,50,118,0.2
2025-07-07,SKU-1027,WH-04,26,30,55,0.2
2025-07-07,SKU-1028,WH-04,647,120,277,0.2
2025-07-07,SKU-1029,WH-04,354,120,275,0.2
2025-07-07,SKU-1030,WH-04,197,50,100,0.2
2025-07-07,SKU-1031,WH-04,240,50,119,0.2
2025-07-07,SKU-1032,WH-04,290,80,191,0.2
2025-07-07,SKU-1033,WH-04,641,120,266,0.2
2025-07-07,SKU-1034,WH-04,3,30,70,0.2
2025-07-07,SKU-1035,WH-04,253,120,249,0.2
2025-07-07,SKU-1036,WH-04,175,30,71,0.2
2025-07-07,SKU-1037,WH-04,407,120,284,0.2
2025-07-07,SKU-1038,WH-04,239,50,97,0.2
2025-07-07,SKU-1039,WH-04,392,120,260,0.2
2025-07-07,SKU-1040,WH-04,235,50,112,0.2
2025-07-07,SKU-1041,WH-04,259,80,166,0.2
2025-07-07,SKU-1042,WH-04,219,50,114,0.2
2025-07-07,SKU-1043,WH-04,232,80,163,0.2
2025-07-07,SKU-1044,WH-04,128,30,54,0.2
2025-07-07,SKU-1045,WH-04,292,80,160,0.2
2025-07-07,SKU-1046,WH-04,0,80,174,0.2
2025-07-07,SKU-1047,WH-04,18,50,91,0.2
2025-07-07,SKU-1048,WH-04,461,120,241,0.2
2025-07-07,SKU-1049,WH-04,201,50,104,0.2
2025-07-07,SKU-1050,WH-04,223,50,93,0.2
2025-07-07,SKU-1051,WH-04,127,30,63,0.2
2025-07-07,SKU-1052,WH-04,149,50,119,0.2
2025-07-07,SKU-1053,WH-04,388,120,287,0.2
2025-07-07,SKU-1054,WH-04,281,120,224,0.2
2025-07-07,SKU-1055,WH-04,121,50,95,0.2
2025-07-07,SKU-1056,WH-04,421,80,180,0.2
2025-07-07,SKU-1057,WH-04,360,80,168,0.2
2025-07-07,SKU-1058,WH-04,265,80,155,0.2
2025-07-07,SKU-1059,WH-04,278,50,119,0.2
2025-07-14,SKU-1000,WH-01,124,30,67,0.2
2025-07-14,SKU-1001,WH-01,0,120,273,0.2
2025-07-14,SKU-1002,WH-01,20,30,57,0.2
2025-07-14,SKU-1003,WH-01,346,120,230,0.2
2025-07-14,SKU-1004,WH-01,122,30,55,0.2
2025-07-14,SKU-1005,WH-01,366,120,246,0.2
2025-07-14,SKU-1006,WH-01,591,120,270,0.2
2025-07-14,SKU-1007,WH-01,424,80,178,0.2
2025-07-14,SKU-1008,WH-01,0,50,104,0.2
2025-07-14,SKU-1009,WH-01,97,30,59,0.2
2025-07-14,SKU-1010,WH-01,110,50,99,0.2
2025-07-14,SKU-1011,WH-01,0,80,175,0.2
2025-07-14,SKU-1012,WH-01,522,120,231,0.2
2025-07-14,SKU-1013,WH-01,311,80,183,0.2
2025-07-14,SKU-1014,WH-01,0,80,159,0.2
2025-07-14,SKU-1015,WH-01,21,120,252,0.2
2025-07-14,SKU-1016,WH-01,556,120,285,0.2
2025-07-14,SKU-1017,WH-01,614,120,279,0.2
2025-07-14,SKU-1018,WH-01,206,50,102,0.2
2025-07-14,SKU-1019,WH-01,414,80,176,0.2
2025-07-14,SKU-1020,WH-01,63,30,60,0.2
2025-07-14,SKU-1021,WH-01,403,80,191,0.2
2025-07-14,SKU-1022,WH-01,0,120,249,0.2
2025-07-14,SKU-1023,WH-01,144,50,102,0.2
2025-07-14,SKU-1024,WH-01,6,120,240,0.2
2025-07-14,SKU-1025,WH-01,42,50,107,0.2
2025-07-14,SKU-1026,WH-01,327,120,244,0.2
2025-07-14,SKU-1027,WH-01,0,30,60,0.2
2025-07-14,SKU-1028,WH-01,430,80,183,0.2
2025-07-14,SKU-1029,WH-01,29,80,173,0.2
2025-07-14,SKU-1030,WH-01,349,120,217,0.2
2025-07-14,SKU-1031,WH-01,378,120,233,0.2
2025-07-14,SKU-1032,WH-01,0,80,149,0.2
2025-07-14,SKU-1033,WH-01,0,80,164,0.2
2025-07-14,SKU-1034,WH-01,328,120,221,0.2
2025-07-14,SKU-1035,WH-01,48,80,179,0.2
2025-07-14,SKU-1036,WH-01,365,120,237,0.2
2025-07-14,SKU-1037,WH-01,153,50,101,0.2
2025-07-14,SKU-1038,WH-01,236,80,165,0.2
2025-07-14,SKU-1039,WH-01,265,50,113,0.2
2025-07-14,SKU-1040,WH-01,146,50,101,0.2
2025-07-14,SKU-1041,WH-01,251,50,101,0.2
2025-07-14,SKU-1042,WH-01,0,30,67,0.2
2025-07-14,SKU-1043,WH-01,276,50,116,0.2
2025-07-14,SKU-1044,WH-01,493,120,226,0.2
2025-07-14,SKU-1045,WH-01,319,80,150,0.2
2025-07-14,SKU-1046,WH-01,430,120,218,0.2
2025-07-14,SKU-1047,WH-01,348,80,167,0.2
2025-07-14,SKU-1048,WH-01,3,50,115,0.2
2025-07-14,SKU-1049,WH-01,564,120,250,0.2
2025-07-14,SKU-1050,WH-01,683,120,286,0.2
2025-07-14,SKU-1051,WH-01,353,120,278,0.2
2025-07-14,SKU-1052,WH-01,74,30,55,0.2
2025-07-14,SKU-1053,WH-01,31,80,167,0.2
2025-07-14,SKU-1054,WH-01,90,30,59,0.2
2025-07-14,SKU-1055,WH-01,0,120,240,0.2
2025-07-14,SKU-1056,WH-01,300,80,156,0.2
2025-07-14,SKU-1057,WH-01,127,30,69,0.2
2025-07-14,SKU-1058,WH-01,75,30,56,0.2
2025-07-14,SKU-1059,WH-01,194,50,103,0.2
2025-07-14,SKU-1000,WH-02,237,50,110,0.2
2025-07-14,SKU-1001,WH-02,356,80,185,0.2
2025-07-14,SKU-1002,WH-02,8,30,67,0.2
2025-07-14,SKU-1003,WH-02,81,30,63,0.2
2025-07-14,SKU-1004,WH-02,532,120,228,0.2
2025-07-14,SKU-1005,WH-02,136,50,106,0.2
2025-07-14,SKU-1006,WH-02,74,30,65,0.2
2025-07-14,SKU-1007,WH-02,599,120,267,0.2
2025-07-14,SKU-1008,WH-02,366,80,175,0.2
2025-07-14,SKU-1009,WH-02,59,120,242,0.2
2025-07-14,SKU-1010,WH-02,20,30,71,0.2
2025-07-14,SKU-1011,WH-02,90,30,65,0.2
2025-07-14,SKU-1012,WH-02,37,50,105,0.2
2025-07-14,SKU-1013,WH-02,191,50,108,0.2
2025-07-14,SKU-1014,WH-02,118,30,67,0.2
2025-07-14,SKU-1015,WH-02,371,120,276,0.2
2025-07-14,SKU-1016,WH-02,293,120,280,0.2
2025-07-14,SKU-1017,WH-02,401,120,268,0.2
2025-07-14,SKU-1018,WH-02,163,30,67,0.2
2025-07-14,SKU-1019,WH-02,564,120,255,0.2
2025-07-14,SKU-1020,WH-02,440,120,285,0.2
2025-07-14,SKU-1021,WH-02,649,120,268,0.2
2025-07-14,SKU-1022,WH-02,69,30,54,0.2
2025-07-14,SKU-1023,WH-02,75,120,232,0.2
2025-07-14,SKU-1024,WH-02,187,50,107,0.2
2025-07-14,SKU-1025,WH-02,91,30,62,0.2
2025-07-14,SKU-1026,WH-02,262,50,115,0.2
2025-07-14,SKU-1027,WH-02,0,50,98,0.2
2025-07-14,SKU-1028,WH-02,196,80,168,0.2
2025-07-14,SKU-1029,WH-02,23,30,70,0.2
2025-07-14,SKU-1030,WH-02,27,30,54,0.2
2025-07-14,SKU-1031,WH-02,31,120,250,0.2
2025-07-14,SKU-1032,WH-02,15,30,65,0.2
2025-07-14,SKU-1033,WH-02,63,120,272,0.2
2025-07-14,SKU-1034,WH-02,222,50,101,0.2
2025-07-14,SKU-1035,WH-02,17,120,262,0.2
2025-07-14,SKU-1036,WH-02,349,120,258,0.2
2025-07-14,SKU-1037,WH-02,135,50,106,0.2
2025-07-14,SKU-1038,WH-02,271,120,259,0.2
2025-07-14,SKU-1039,WH-02,351,120,238,0.2
2025-07-14,SKU-1040,WH-02,254,120,234,0.2
2025-07-14,SKU-1041,WH-02,146,50,107,0.2
2025-07-14,SKU-1042,WH-02,39,50,101,0.2
2025-07-14,SKU-1043,WH-02,354,120,238,0.2
2025-07-14,SKU-1044,WH-02,306,80,182,0.2
2025-07-14,SKU-1045,WH-02,238,80,184,0.2
2025-07-14,SKU-1046,WH-02,233,80,191,0.2
2025-07-14,SKU-1047,WH-02,582,120,260,0.2
2025-07-14,SKU-1048,WH-02,378,120,241,0.2
2025-07-14,SKU-1049,WH-02,71,80,186,0.2
2025-07-14,SKU-1050,WH-02,16,120,267,0.2
2025-07-14,SKU-1051,WH-02,283,120,281,0.2
2025-07-14,SKU-1052,WH-02,385,120,224,0.2
2025-07-14,SKU-1053,WH-02,213,50,115,0.2
2025-07-14,SKU-1054,WH-02,171,50,99,0.2
2025-07-14,SKU-1055,WH-02,277,80,159,0.2
2025-07-14,SKU-1056,WH-02,460,120,245,0.2
2025-07-14,SKU-1057,WH-02,183,50,104,0.2
2025-07-14,SKU-1058,WH-02,438,120,229,0.2
2025-07-14,SKU-1059,WH-02,313,120,247,0.2
2025-07-14,SKU-1000,WH-03,276,120,268,0.2
2025-07-14,SKU-1001,WH-03,63,120,261,0.2
2025-07-14,SKU-1002,WH-03,237,50,111,0.2
2025-07-14,SKU-1003,WH-03,110,30,67,0.2
2025-07-14,SKU-1004,WH-03,128,30,62,0.2
2025-07-14,SKU-1005,WH-03,109,30,70,0.2
2025-07-14,SKU-1006,WH-03,256,50,119,0.2
2025-07-14,SKU-1007,WH-03,427,120,265,0.2
2025-07-14,SKU-1008,WH-03,405,80,177,0.2
2025-07-14,SKU-1009,WH-03,3,30,67,0.2
2025-07-14,SKU-1010,WH-03,0,120,284,0.2
2025-07-14,SKU-1011,WH-03,217,80,183,0.2
2025-07-14,SKU-1012,WH-03,235,50,99,0.2
2025-07-14,SKU-1013,WH-03,2,30,71,0.2
2025-07-14,SKU-1014,WH-03,121,30,69,0.2
2025-07-14,SKU-1015,WH-03,334,120,284,0.2
2025-07-14,SKU-1016,WH-03,142,30,66,0.2
2025-07-14,SKU-1017,WH-03,158,50,92,0.2
2025-07-14,SKU-1018,WH-03,66,30,62,0.2
2025-07-14,SKU-1019,WH-03,11,120,252,0.2
2025-07-14,SKU-1020,WH-03,381,80,186,0.2
2025-07-14,SKU-1021,WH-03,0,30,63,0.2
2025-07-14,SKU-1022,WH-03,89,30,58,0.2
2025-07-14,SKU-1023,WH-03,222,120,218,0.2
2025-07-14,SKU-1024,WH-03,583,120,261,0.2
2025-07-14,SKU-1025,WH-03,337,80,180,0.2
2025-07-14,SKU-1026,WH-03,654,120,274,0.2
2025-07-14,SKU-1027,WH-03,19,30,66,0.2
2025-07-14,SKU-1028,WH-03,97,30,62,0.2
2025-07-14,SKU-1029,WH-03,268,120,244,0.2
2025-07-14,SKU-1030,WH-03,29,50,112,0.2
2025-07-14,SKU-1031,WH-03,0,50,104,0.2
2025-07-14,SKU-1032,WH-03,560,120,247,0.2
2025-07-14,SKU-1033,WH-03,418,120,228,0.2
2025-07-14,SKU-1034,WH-03,235,80,153,0.2
2025-07-14,SKU-1035,WH-03,572,120,233,0.2
2025-07-14,SKU-1036,WH-03,27,30,64,0.2
2025-07-14,SKU-1037,WH-03,244,50,101,0.2
2025-07-14,SKU-1038,WH-03,92,30,62,0.2
2025-07-14,SKU-1039,WH-03,231,80,144,0.2
2025-07-14,SKU-1040,WH-03,103,30,56,0.2
2025-07-14,SKU-1041,WH-03,383,120,250,0.2
2025-07-14,SKU-1042,WH-03,360,80,154,0.2
2025-07-14,SKU-1043,WH-03,199,50,91,0.2
2025-07-14,SKU-1044,WH-03,17,50,97,0.2
2025-07-14,SKU-1045,WH-03,121,30,59,0.2
2025-07-14,SKU-1046,WH-03,190,50,115,0.2
2025-07-14,SKU-1047,WH-03,175,50,99,0.2
2025-07-14,SKU-1048,WH-03,421,120,259,0.2
2025-07-14,SKU-1049,WH-03,12,120,236,0.2
2025-07-14,SKU-1050,WH-03,246,80,182,0.2
2025-07-14,SKU-1051,WH-03,165,30,69,0.2
2025-07-14,SKU-1052,WH-03,0,80,145,0.2
2025-07-14,SKU-1053,WH-03,140,30,60,0.2
2025-07-14,SKU-1054,WH-03,96,30,69,0.2
2025-07-14,SKU-1055,WH-03,279,120,270,0.2
2025-07-14,SKU-1056,WH-03,94,120,276,0.2
2025-07-14,SKU-1057,WH-03,230,50,101,0.2
2025-07-14,SKU-1058,WH-03,187,50,116,0.2
2025-07-14,SKU-1059,WH-03,441,80,177,0.2
2025-07-14,SKU-1000,WH-04,189,50,97,0.2
2025-07-14,SKU-1001,WH-04,291,80,161,0.2
2025-07-14,SKU-1002,WH-04,51,120,264,0.2
2025-07-14,SKU-1003,WH-04,182,50,96,0.2
2025-07-14,SKU-1004,WH-04,333,120,276,0.2
2025-07-14,SKU-1005,WH-04,362,120,256,0.2
2025-07-14,SKU-1006,WH-04,245,50,109,0.2
2025-07-14,SKU-1007,WH-04,12,80,179,0.2
2025-07-14,SKU-1008,WH-04,7,30,66,0.2
2025-07-14,SKU-1009,WH-04,159,50,114,0.2
2025-07-14,SKU-1010,WH-04,0,50,98,0.2
2025-07-14,SKU-1011,WH-04,532,120,242,0.2
2025-07-14,SKU-1012,WH-04,240,50,115,0.2
2025-07-14,SKU-1013,WH-04,130,30,61,0.2
2025-07-14,SKU-1014,WH-04,495,120,279,0.2
2025-07-14,SKU-1015,WH-04,308,120,217,0.2
2025-07-14,SKU-1016,WH-04,249,80,150,0.2
2025-07-14,SKU-1017,WH-04,114,50,96,0.2
2025-07-14,SKU-1018,WH-04,175,80,162,0.2
2025-07-14,SKU-1019,WH-04,0,30,69,0.2
2025-07-14,SKU-1020,WH-04,157,30,67,0.2
2025-07-14,SKU-1021,WH-04,0,80,144,0.2
2025-07-14,SKU-1022,WH-04,170,50,101,0.2
2025-07-14,SKU-1023,WH-04,252,80,159,0.2
2025-07-14,SKU-1024,WH-04,45,80,153,0.2
2025-07-14,SKU-1025,WH-04,517,120,246,0.2
2025-07-14,SKU-1026,WH-04,42,80,144,0.2
2025-07-14,SKU-1027,WH-04,111,50,103,0.2
2025-07-14,SKU-1028,WH-04,65,30,59,0.2
2025-07-14,SKU-1029,WH-04,4,80,152,0.2
2025-07-14,SKU-1030,WH-04,217,50,100,0.2
2025-07-14,SKU-1031,WH-04,108,30,58,0.2
2025-07-14,SKU-1032,WH-04,127,50,92,0.2
2025-07-14,SKU-1033,WH-04,300,120,229,0.2
2025-07-14,SKU-1034,WH-04,570,120,261,0.2
2025-07-14,SKU-1035,WH-04,107,30,61,0.2
2025-07-14,SKU-1036,WH-04,16,50,110,0.2
2025-07-14,SKU-1037,WH-04,542,120,253,0.2
2025-07-14,SKU-1038,WH-04,143,30,68,0.2
2025-07-14,SKU-1039,WH-04,70,30,64,0.2
2025-07-14,SKU-1040,WH-04,0,80,177,0.2
2025-07-14,SKU-1041,WH-04,0,120,247,0.2
2025-07-14,SKU-1042,WH-04,115,30,64,0.2
2025-07-14,SKU-1043,WH-04,211,50,99,0.2
2025-07-14,SKU-1044,WH-04,366,120,217,0.2
2025-07-14,SKU-1045,WH-04,9,50,99,0.2
2025-07-14,SKU-1046,WH-04,173,50,106,0.2
2025-07-14,SKU-1047,WH-04,305,80,155,0.2
2025-07-14,SKU-1048,WH-04,59,30,57,0.2
2025-07-14,SKU-1049,WH-04,223,80,158,0.2
2025-07-14,SKU-1050,WH-04,307,120,258,0.2
2025-07-14,SKU-1051,WH-04,54,80,158,0.2
2025-07-14,SKU-1052,WH-04,523,120,236,0.2
2025-07-14,SKU-1053,WH-04,240,80,175,0.2
2025-07-14,SKU-1054,WH-04,139,30,59,0.2
2025-07-14,SKU-1055,WH-04,104,50,100,0.2
2025-07-14,SKU-1056,WH-04,492,120,267,0.2
2025-07-14,SKU-1057,WH-04,270,50,110,0.2
2025-07-14,SKU-1058,WH-04,182,50,108,0.2
2025-07-14,SKU-1059,WH-04,561,120,256,0.2
2025-07-21,SKU-1000,WH-01,190,50,90,0.2
2025-07-21,SKU-1001,WH-01,188,50,92,0.2
2025-07-21,SKU-1002,WH-01,147,30,68,0.2
2025-07-21,SKU-1003,WH-01,305,80,148,0.2
2025-07-21,SKU-1004,WH-01,63,80,161,0.2
2025-07-21,SKU-1005,WH-01,583,120,258,0.2
2025-07-21,SKU-1006,WH-01,80,30,59,0.2
2025-07-21,SKU-1007,WH-01,12,80,186,0.2
2025-07-21,SKU-1008,WH-01,116,120,262,0.2
2025-07-21,SKU-1009,WH-01,386,120,263,0.2
2025-07-21,SKU-1010,WH-01,76,30,68,0.2
2025-07-21,SKU-1011,WH-01,44,50,100,0.2
2025-07-21,SKU-1012,WH-01,271,50,110,0.2
2025-07-21,SKU-1013,WH-01,127,30,61,0.2
2025-07-21,SKU-1014,WH-01,147,50,91,0.2
2025-07-21,SKU-1015,WH-01,59,30,57,0.2
2025-07-21,SKU-1016,WH-01,101,30,55,0.2
2025-07-21,SKU-1017,WH-01,61,80,176,0.2
2025-07-21,SKU-1018,WH-01,185,50,108,0.2
2025-07-21,SKU-1019,WH-01,351,80,144,0.2
2025-07-21,SKU-1020,WH-01,550,120,225,0.2
2025-07-21,SKU-1021,WH-01,110,120,244,0.2
2025-07-21,SKU-1022,WH-01,405,120,256,0.2
2025-07-21,SKU-1023,WH-01,250,80,165,0.2
2025-07-21,SKU-1024,WH-01,424,80,175,0.2
2025-07-21,SKU-1025,WH-01,131,30,64,0.2
2025-07-21,SKU-1026,WH-01,80,30,63,0.2
2025-07-21,SKU-1027,WH-01,85,120,271,0.2
2025-07-21,SKU-1028,WH-01,191,50,108,0.2
2025-07-21,SKU-1029,WH-01,126,30,68,0.2
2025-07-21,SKU-1030,WH-01,137,50,106,0.2
2025-07-21,SKU-1031,WH-01,227,50,113,0.2
2025-07-21,SKU-1032,WH-01,175,80,150,0.2
2025-07-21,SKU-1033,WH-01,238,50,118,0.2
2025-07-21,SKU-1034,WH-01,59,80,171,0.2
2025-07-21,SKU-1035,WH-01,49,50,103,0.2
2025-07-21,SKU-1036,WH-01,475,120,286,0.2
2025-07-21,SKU-1037,WH-01,203,50,114,0.2
2025-07-21,SKU-1038,WH-01,421,120,242,0.2
2025-07-21,SKU-1039,WH-01,123,30,60,0.2
2025-07-21,SKU-1040,WH-01,20,80,152,0.2
2025-07-21,SKU-1041,WH-01,289,80,188,0.2
2025-07-21,SKU-1042,WH-01,198,50,102,0.2
2025-07-21,SKU-1043,WH-01,97,120,227,0.2
2025-07-21,SKU-1044,WH-01,291,80,166,0.2
2025-07-21,SKU-1045,WH-01,115,30,60,0.2
2025-07-21,SKU-1046,WH-01,419,120,231,0.2
2025-07-21,SKU-1047,WH-01,249,120,220,0.2
2025-07-21,SKU-1048,WH-01,379,80,169,0.2
2025-07-21,SKU-1049,WH-01,67,80,146,0.2
2025-07-21,SKU-1050,WH-01,623,120,284,0.2
2025-07-21,SKU-1051,WH-01,335,80,157,0.2
2025-07-21,SKU-1052,WH-01,559,120,242,0.2
2025-07-21,SKU-1053,WH-01,352,80,175,0.2
2025-07-21,SKU-1054,WH-01,186,80,183,0.2
2025-07-21,SKU-1055,WH-01,26,80,190,0.2
2025-07-21,SKU-1056,WH-01,37,50,96,0.2
2025-07-21,SKU-1057,WH-01,443,80,182,0.2
2025-07-21,SKU-1058,WH-01,127,30,69,0.2
2025-07-21,SKU-1059,WH-01,79,30,65,0.2
2025-07-21,SKU-1000,WH-02,249,50,119,0.2
2025-07-21,SKU-1001,WH-02,198,80,165,0.2
2025-07-21,SKU-1002,WH-02,295,80,165,0.2
2025-07-21,SKU-1003,WH-02,201,50,93,0.2
2025-07-21,SKU-1004,WH-02,278,120,259,0.2
2025-07-21,SKU-1005,WH-02,108,30,64,0.2
2025-07-21,SKU-1006,WH-02,254,80,184,0.2
2025-07-21,SKU-1007,WH-02,214,80,148,0.2
2025-07-21,SKU-1008,WH-02,12,80,188,0.2
2025-07-21,SKU-1009,WH-02,325,80,185,0.2
2025-07-21,SKU-1010,WH-02,291,120,249,0.2
2025-07-21,SKU-1011,WH-02,102,30,69,0.2
2025-07-21,SKU-1012,WH-02,237,80,150,0.2
2025-07-21,SKU-1013,WH-02,45,120,221,0.2
2025-07-21,SKU-1014,WH-02,431,120,249,0.2
2025-07-21,SKU-1015,WH-02,326,80,155,0.2
2025-07-21,SKU-1016,WH-02,133,50,118,0.2
2025-07-21,SKU-1017,WH-02,145,50,100,0.2
2025-07-21,SKU-1018,WH-02,145,50,108,0.2
2025-07-21,SKU-1019,WH-02,218,80,186,0.2
2025-07-21,SKU-1020,WH-02,109,30,55,0.2
2025-07-21,SKU-1021,WH-02,149,50,107,0.2
2025-07-21,SKU-1022,WH-02,173,80,171,0.2
2025-07-21,SKU-1023,WH-02,144,30,62,0.2
2025-07-21,SKU-1024,WH-02,404,80,187,0.2
2025-07-21,SKU-1025,WH-02,136,30,70,0.2
2025-07-21,SKU-1026,WH-02,79,120,286,0.2
2025-07-21,SKU-1027,WH-02,301,80,145,0.2
2025-07-21,SKU-1028,WH-02,274,120,239,0.2
2025-07-21,SKU-1029,WH-02,266,80,170,0.2
2025-07-21,SKU-1030,WH-02,94,30,67,0.2
2025-07-21,SKU-1031,WH-02,342,80,155,0.2
2025-07-21,SKU-1032,WH-02,72,30,70,0.2
2025-07-21,SKU-1033,WH-02,40,50,105,0.2
2025-07-21,SKU-1034,WH-02,42,50,93,0.2
2025-07-21,SKU-1035,WH-02,408,120,248,0.2
2025-07-21,SKU-1036,WH-02,164,50,117,0.2
2025-07-21,SKU-1037,WH-02,510,120,264,0.2
2025-07-21,SKU-1038,WH-02,88,30,69,0.2
2025-07-21,SKU-1039,WH-02,96,30,54,0.2
2025-07-21,SKU-1040,WH-02,319,80,175,0.2
2025-07-21,SKU-1041,WH-02,124,50,101,0.2
2025-07-21,SKU-1042,WH-02,154,30,66,0.2
2025-07-21,SKU-1043,WH-02,0,120,254,0.2
2025-07-21,SKU-1044,WH-02,156,50,95,0.2
2025-07-21,SKU-1045,WH-02,304,80,161,0.2
2025-07-21,SKU-1046,WH-02,404,120,275,0.2
2025-07-21,SKU-1047,WH-02,581,120,260,0.2
2025-07-21,SKU-1048,WH-02,102,30,67,0.2
2025-07-21,SKU-1049,WH-02,16,120,254,0.2
2025-07-21,SKU-1050,WH-02,314,120,224,0.2
2025-07-21,SKU-1051,WH-02,267,50,119,0.2
2025-07-21,SKU-1052,WH-02,12,50,93,0.2
2025-07-21,SKU-1053,WH-02,236,50,102,0.2
2025-07-21,SKU-1054,WH-02,148,50,118,0.2
2025-07-21,SKU-1055,WH-02,180,50,96,0.2
2025-07-21,SKU-1056,WH-02,590,120,248,0.2
2025-07-21,SKU-1057,WH-02,246,50,116,0.2
2025-07-21,SKU-1058,WH-02,0,30,64,0.2
2025-07-21,SKU-1059,WH-02,246,80,180,0.2
2025-07-21,SKU-1000,WH-03,165,50,100,0.2
2025-07-21,SKU-1001,WH-03,536,120,259,0.2
2025-07-21,SKU-1002,WH-03,347,80,151,0.2
2025-07-21,SKU-1003,WH-03,349,80,151,0.2
2025-07-21,SKU-1004,WH-03,19,30,70,0.2
2025-07-21,SKU-1005,WH-03,248,80,174,0.2
2025-07-21,SKU-1006,WH-03,65,80,146,0.2
2025-07-21,SKU-1007,WH-03,247,50,118,0.2
2025-07-21,SKU-1008,WH-03,196,80,181,0.2
2025-07-21,SKU-1009,WH-03,82,30,63,0.2
2025-07-21,SKU-1010,WH-03,86,30,60,0.2
2025-07-21,SKU-1011,WH-03,149,50,92,0.2
2025-07-21,SKU-1012,WH-03,285,80,186,0.2
2025-07-21,SKU-1013,WH-03,62,80,173,0.2
2025-07-21,SKU-1014,WH-03,572,120,258,0.2
2025-07-21,SKU-1015,WH-03,118,30,54,0.2
2025-07-21,SKU-1016,WH-03,91,30,63,0.2
2025-07-21,SKU-1017,WH-03,142,50,98,0.2
2025-07-21,SKU-1018,WH-03,93,30,71,0.2
2025-07-21,SKU-1019,WH-03,506,120,273,0.2
2025-07-21,SKU-1020,WH-03,31,50,104,0.2
2025-07-21,SKU-1021,WH-03,95,30,71,0.2
2025-07-21,SKU-1022,WH-03,211,80,163,0.2
2025-07-21,SKU-1023,WH-03,6,30,68,0.2
2025-07-21,SKU-1024,WH-03,394,120,265,0.2
2025-07-21,SKU-1025,WH-03,157,50,90,0.2
2025-07-21,SKU-1026,WH-03,62,80,160,0.2
2025-07-21,SKU-1027,WH-03,170,80,155,0.2
2025-07-21,SKU-1028,WH-03,96,30,66,0.2
2025-07-21,SKU-1029,WH-03,517,120,279,0.2
2025-07-21,SKU-1030,WH-03,7,120,251,0.2
2025-07-21,SKU-1031,WH-03,661,120,284,0.2
2025-07-21,SKU-1032,WH-03,483,120,263,0.2
2025-07-21,SKU-1033,WH-03,145,50,102,0.2
2025-07-21,SKU-1034,WH-03,706,120,286,0.2
2025-07-21,SKU-1035,WH-03,589,120,278,0.2
2025-07-21,SKU-1036,WH-03,90,30,61,0.2
2025-07-21,SKU-1037,WH-03,167,80,166,0.2
2025-07-21,SKU-1038,WH-03,453,120,239,0.2
2025-07-21,SKU-1039,WH-03,195,80,180,0.2
2025-07-21,SKU-1040,WH-03,160,30,71,0.2
2025-07-21,SKU-1041,WH-03,378,120,218,0.2
2025-07-21,SKU-1042,WH-03,202,50,102,0.2
2025-07-21,SKU-1043,WH-03,330,80,186,0.2
2025-07-21,SKU-1044,WH-03,119,30,55,0.2
2025-07-21,SKU-1045,WH-03,128,30,68,0.2
2025-07-21,SKU-1046,WH-03,53,120,220,0.2
2025-07-21,SKU-1047,WH-03,326,80,164,0.2
2025-07-21,SKU-1048,WH-03,582,120,281,0.2
2025-07-21,SKU-1049,WH-03,0,120,249,0.2
2025-07-21,SKU-1050,WH-03,86,30,58,0.2
2025-07-21,SKU-1051,WH-03,107,30,55,0.2
2025-07-21,SKU-1052,WH-03,152,50,111,0.2
2025-07-21,SKU-1053,WH-03,300,120,262,0.2
2025-07-21,SKU-1054,WH-03,151,30,62,0.2
2025-07-21,SKU-1055,WH-03,19,50,108,0.2
2025-07-21,SKU-1056,WH-03,93,50,93,0.2
2025-07-21,SKU-1057,WH-03,469,120,274,0.2
2025-07-21,SKU-1058,WH-03,243,80,159,0.2
2025-07-21,SKU-1059,WH-03,161,30,67,0.2
2025-07-21,SKU-1000,WH-04,351,120,257,0.2
2025-07-21,SKU-1001,WH-04,131,30,55,0.2
2025-07-21,SKU-1002,WH-04,193,80,151,0.2
2025-07-21,SKU-1003,WH-04,222,50,96,0.2
2025-07-21,SKU-1004,WH-04,480,120,257,0.2
2025-07-21,SKU-1005,WH-04,383,80,189,0.2
2025-07-21,SKU-1006,WH-04,24,30,62,0.2
2025-07-21,SKU-1007,WH-04,165,50,90,0.2
2025-07-21,SKU-1008,WH-04,508,120,245,0.2
2025-07-21,SKU-1009,WH-04,375,80,181,0.2
2025-07-21,SKU-1010,WH-04,72,30,57,0.2
2025-07-21,SKU-1011,WH-04,58,30,54,0.2
2025-07-21,SKU-1012,WH-04,96,30,55,0.2
2025-07-21,SKU-1013,WH-04,143,50,92,0.2
2025-07-21,SKU-1014,WH-04,549,120,242,0.2
2025-07-21,SKU-1015,WH-04,490,120,266,0.2
2025-07-21,SKU-1016,WH-04,434,80,184,0.2
2025-07-21,SKU-1017,WH-04,154,50,99,0.2
2025-07-21,SKU-1018,WH-04,12,30,66,0.2
2025-07-21,SKU-1019,WH-04,51,120,225,0.2
2025-07-21,SKU-1020,WH-04,213,50,95,0.2
2025-07-21,SKU-1021,WH-04,87,30,54,0.2
2025-07-21,SKU-1022,WH-04,22,50,102,0.2
2025-07-21,SKU-1023,WH-04,281,80,188,0.2
2025-07-21,SKU-1024,WH-04,0,120,260,0.2
2025-07-21,SKU-1025,WH-04,178,80,151,0.2
2025-07-21,SKU-1026,WH-04,57,30,56,0.2
2025-07-21,SKU-1027,WH-04,267,80,180,0.2
2025-07-21,SKU-1028,WH-04,159,30,67,0.2
2025-07-21,SKU-1029,WH-04,57,30,57,0.2
2025-07-21,SKU-1030,WH-04,378,80,175,0.2
2025-07-21,SKU-1031,WH-04,0,120,270,0.2
2025-07-21,SKU-1032,WH-04,109,30,61,0.2
2025-07-21,SKU-1033,WH-04,576,120,271,0.2
2025-07-21,SKU-1034,WH-04,425,80,171,0.2
2025-07-21,SKU-1035,WH-04,259,50,116,0.2
2025-07-21,SKU-1036,WH-04,121,30,57,0.2
2025-07-21,SKU-1037,WH-04,289,80,160,0.2
2025-07-21,SKU-1038,WH-04,259,80,184,0.2
2025-07-21,SKU-1039,WH-04,404,120,267,0.2
2025-07-21,SKU-1040,WH-04,2,80,172,0.2
2025-07-21,SKU-1041,WH-04,68,30,66,0.2
2025-07-21,SKU-1042,WH-04,381,80,158,0.2
2025-07-21,SKU-1043,WH-04,231,80,164,0.2
2025-07-21,SKU-1044,WH-04,246,80,173,0.2
2025-07-21,SKU-1045,WH-04,373,80,177,0.2
2025-07-21,SKU-1046,WH-04,128,30,56,0.2
2025-07-21,SKU-1047,WH-04,0,30,68,0.2
2025-07-21,SKU-1048,WH-04,331,120,232,0.2
2025-07-21,SKU-1049,WH-04,203,80,170,0.2
2025-07-21,SKU-1050,WH-04,227,50,92,0.2
2025-07-21,SKU-1051,WH-04,149,30,68,0.2
2025-07-21,SKU-1052,WH-04,168,80,164,0.2
2025-07-21,SKU-1053,WH-04,114,30,67,0.2
2025-07-21,SKU-1054,WH-04,411,120,255,0.2
2025-07-21,SKU-1055,WH-04,492,120,247,0.2
2025-07-21,SKU-1056,WH-04,123,50,95,0.2
2025-07-21,SKU-1057,WH-04,140,50,103,0.2
2025-07-21,SKU-1058,WH-04,158,50,111,0.2
2025-07-21,SKU-1059,WH-04,491,120,237,0.2
2025-07-28,SKU-1000,WH-01,143,30,60,0.2
2025-07-28,SKU-1001,WH-01,165,50,108,0.2
2025-07-28,SKU-1002,WH-01,176,80,148,0.2
2025-07-28,SKU-1003,WH-01,449,80,187,0.2
2025-07-28,SKU-1004,WH-01,222,80,157,0.2
2025-07-28,SKU-1005,WH-01,136,30,62,0.2
2025-07-28,SKU-1006,WH-01,140,30,68,0.2
2025-07-28,SKU-1007,WH-01,55,80,179,0.2
2025-07-28,SKU-1008,WH-01,122,30,67,0.2
2025-07-28,SKU-1009,WH-01,173,50,114,0.2
2025-07-28,SKU-1010,WH-01,127,30,69,0.2
2025-07-28,SKU-1011,WH-01,0,30,60,0.2
2025-07-28,SKU-1012,WH-01,117,30,54,0.2
2025-07-28,SKU-1013,WH-01,518,120,286,0.2
2025-07-28,SKU-1014,WH-01,177,80,173,0.2
2025-07-28,SKU-1015,WH-01,128,30,54,0.2
2025-07-28,SKU-1016,WH-01,130,30,60,0.2
2025-07-28,SKU-1017,WH-01,162,80,152,0.2
2025-07-28,SKU-1018,WH-01,422,80,182,0.2
2025-07-28,SKU-1019,WH-01,102,30,59,0.2
2025-07-28,SKU-1020,WH-01,159,50,109,0.2
2025-07-28,SKU-1021,WH-01,357,80,174,0.2
2025-07-28,SKU-1022,WH-01,137,30,71,0.2
2025-07-28,SKU-1023,WH-01,102,120,247,0.2
2025-07-28,SKU-1024,WH-01,419,120,273,0.2
2025-07-28,SKU-1025,WH-01,122,50,114,0.2
2025-07-28,SKU-1026,WH-01,215,80,147,0.2
2025-07-28,SKU-1027,WH-01,119,50,103,0.2
2025-07-28,SKU-1028,WH-01,92,30,69,0.2
2025-07-28,SKU-1029,WH-01,599,120,244,0.2
2025-07-28,SKU-1030,WH-01,465,120,267,0.2
2025-07-28,SKU-1031,WH-01,118,50,116,0.2
2025-07-28,SKU-1032,WH-01,382,80,170,0.2
2025-07-28,SKU-1033,WH-01,150,30,64,0.2
2025-07-28,SKU-1034,WH-01,82,30,56,0.2
2025-07-28,SKU-1035,WH-01,169,50,117,0.2
2025-07-28,SKU-1036,WH-01,204,50,97,0.2
2025-07-28,SKU-1037,WH-01,44,50,117,0.2
2025-07-28,SKU-1038,WH-01,92,30,58,0.2
2025-07-28,SKU-1039,WH-01,155,30,67,0.2
2025-07-28,SKU-1040,WH-01,241,80,175,0.2
2025-07-28,SKU-1041,WH-01,137,30,70,0.2
2025-07-28,SKU-1042,WH-01,0,80,182,0.2
2025-07-28,SKU-1043,WH-01,327,120,229,0.2
2025-07-28,SKU-1044,WH-01,82,30,56,0.2
2025-07-28,SKU-1045,WH-01,291,80,186,0.2
2025-07-28,SKU-1046,WH-01,103,120,273,0.2
2025-07-28,SKU-1047,WH-01,247,80,150,0.2
2025-07-28,SKU-1048,WH-01,84,30,63,0.2
2025-07-28,SKU-1049,WH-01,202,80,159,0.2
2025-07-28,SKU-1050,WH-01,439,120,236,0.2
2025-07-28,SKU-1051,WH-01,226,50,96,0.2
2025-07-28,SKU-1052,WH-01,160,80,160,0.2
2025-07-28,SKU-1053,WH-01,70,120,277,0.2
2025-07-28,SKU-1054,WH-01,229,80,173,0.2
2025-07-28,SKU-1055,WH-01,60,30,56,0.2
2025-07-28,SKU-1056,WH-01,111,30,67,0.2
2025-07-28,SKU-1057,WH-01,319,80,178,0.2
2025-07-28,SKU-1058,WH-01,70,30,63,0.2
2025-07-28,SKU-1059,WH-01,45,50,108,0.2
2025-07-28,SKU-1000,WH-02,0,120,258,0.2
2025-07-28,SKU-1001,WH-02,142,50,107,0.2
2025-07-28,SKU-1002,WH-02,115,30,63,0.2
2025-07-28,SKU-1003,WH-02,72,30,64,0.2
2025-07-28,SKU-1004,WH-02,0,50,103,0.2
2025-07-28,SKU-1005,WH-02,294,80,175,0.2
2025-07-28,SKU-1006,WH-02,79,30,55,0.2
2025-07-28,SKU-1007,WH-02,67,80,184,0.2
2025-07-28,SKU-1008,WH-02,263,80,167,0.2
2025-07-28,SKU-1009,WH-02,564,120,240,0.2
2025-07-28,SKU-1010,WH-02,170,50,94,0.2
2025-07-28,SKU-1011,WH-02,142,50,99,0.2
2025-07-28,SKU-1012,WH-02,112,50,109,0.2
2025-07-28,SKU-1013,WH-02,112,50,99,0.2
2025-07-28,SKU-1014,WH-02,18,80,175,0.2
2025-07-28,SKU-1015,WH-02,293,120,221,0.2
2025-07-28,SKU-1016,WH-02,189,80,182,0.2
2025-07-28,SKU-1017,WH-02,168,50,104,0.2
2025-07-28,SKU-1018,WH-02,0,30,70,0.2
2025-07-28,SKU-1019,WH-02,225,50,105,0.2
2025-07-28,SKU-1020,WH-02,240,50,108,0.2
2025-07-28,SKU-1021,WH-02,87,30,64,0.2
2025-07-28,SKU-1022,WH-02,110,30,65,0.2
2025-07-28,SKU-1023,WH-02,126,30,70,0.2
2025-07-28,SKU-1024,WH-02,565,120,227,0.2
2025-07-28,SKU-1025,WH-02,118,30,65,0.2
2025-07-28,SKU-1026,WH-02,427,120,256,0.2
2025-07-28,SKU-1027,WH-02,103,30,56,0.2
2025-07-28,SKU-1028,WH-02,41,120,230,0.2
2025-07-28,SKU-1029,WH-02,641,120,261,0.2
2025-07-28,SKU-1030,WH-02,171,50,118,0.2
2025-07-28,SKU-1031,WH-02,139,30,56,0.2
2025-07-28,SKU-1032,WH-02,238,50,106,0.2
2025-07-28,SKU-1033,WH-02,93,30,56,0.2
2025-07-28,SKU-1034,WH-02,584,120,254,0.2
2025-07-28,SKU-1035,WH-02,249,80,150,0.2
2025-07-28,SKU-1036,WH-02,362,80,184,0.2
2025-07-28,SKU-1037,WH-02,143,30,69,0.2
2025-07-28,SKU-1038,WH-02,257,80,146,0.2
2025-07-28,SKU-1039,WH-02,91,30,61,0.2
2025-07-28,SKU-1040,WH-02,186,50,107,0.2
2025-07-28,SKU-1041,WH-02,119,30,56,0.2
2025-07-28,SKU-1042,WH-02,368,120,281,0.2
2025-07-28,SKU-1043,WH-02,177,50,110,0.2
2025-07-28,SKU-1044,WH-02,488,120,222,0.2
2025-07-28,SKU-1045,WH-02,117,50,93,0.2
2025-07-28,SKU-1046,WH-02,104,30,69,0.2
2025-07-28,SKU-1047,WH-02,282,50,116,0.2
2025-07-28,SKU-1048,WH-02,117,30,71,0.2
2025-07-28,SKU-1049,WH-02,152,30,68,0.2
2025-07-28,SKU-1050,WH-02,665,120,271,0.2
2025-07-28,SKU-1051,WH-02,328,80,154,0.2
2025-07-28,SKU-1052,WH-02,108,30,67,0.2
2025-07-28,SKU-1053,WH-02,636,120,284,0.2
2025-07-28,SKU-1054,WH-02,249,50,101,0.2
2025-07-28,SKU-1055,WH-02,272,120,245,0.2
2025-07-28,SKU-1056,WH-02,11,30,69,0.2
2025-07-28,SKU-1057,WH-02,0,30,60,0.2
2025-07-28,SKU-1058,WH-02,361,80,148,0.2
2025-07-28,SKU-1059,WH-02,196,50,107,0.2
2025-07-28,SKU-1000,WH-03,121,50,91,0.2
2025-07-28,SKU-1001,WH-03,86,30,66,0.2
2025-07-28,SKU-1002,WH-03,495,120,269,0.2
2025-07-28,SKU-1003,WH-03,430,120,271,0.2
2025-07-28,SKU-1004,WH-03,327,120,235,0.2
2025-07-28,SKU-1005,WH-03,61,80,186,0.2
2025-07-28,SKU-1006,WH-03,128,30,67,0.2
2025-07-28,SKU-1007,WH-03,307,80,187,0.2
2025-07-28,SKU-1008,WH-03,273,80,164,0.2
2025-07-28,SKU-1009,WH-03,241,50,99,0.2
2025-07-28,SKU-1010,WH-03,225,50,108,0.2
2025-07-28,SKU-1011,WH-03,145,50,105,0.2
2025-07-28,SKU-1012,WH-03,535,120,228,0.2
2025-07-28,SKU-1013,WH-03,0,80,182,0.2
2025-07-28,SKU-1014,WH-03,29,50,94,0.2
2025-07-28,SKU-1015,WH-03,236,80,181,0.2
2025-07-28,SKU-1016,WH-03,317,120,241,0.2
2025-07-28,SKU-1017,WH-03,397,120,251,0.2
2025-07-28,SKU-1018,WH-03,303,80,185,0.2
2025-07-28,SKU-1019,WH-03,259,120,219,0.2
2025-07-28,SKU-1020,WH-03,309,80,152,0.2
2025-07-28,SKU-1021,WH-03,268,50,111,0.2
2025-07-28,SKU-1022,WH-03,59,30,57,0.2
2025-07-28,SKU-1023,WH-03,131,30,57,0.2
2025-07-28,SKU-1024,WH-03,78,30,58,0.2
2025-07-28,SKU-1025,WH-03,36,120,243,0.2
2025-07-28,SKU-1026,WH-03,45,120,273,0.2
2025-07-28,SKU-1027,WH-03,16,50,105,0.2
2025-07-28,SKU-1028,WH-03,90,30,58,0.2
2025-07-28,SKU-1029,WH-03,257,50,118,0.2
2025-07-28,SKU-1030,WH-03,313,120,280,0.2
2025-07-28,SKU-1031,WH-03,48,50,107,0.2
2025-07-28,SKU-1032,WH-03,226,120,217,0.2
2025-07-28,SKU-1033,WH-03,380,80,179,0.2
2025-07-28,SKU-1034,WH-03,137,30,56,0.2
2025-07-28,SKU-1035,WH-03,71,30,63,0.2
2025-07-28,SKU-1036,WH-03,0,80,148,0.2
2025-07-28,SKU-1037,WH-03,96,50,92,0.2
2025-07-28,SKU-1038,WH-03,257,50,108,0.2
2025-07-28,SKU-1039,WH-03,547,120,220,0.2
2025-07-28,SKU-1040,WH-03,72,30,60,0.2
2025-07-28,SKU-1041,WH-03,0,80,186,0.2
2025-07-28,SKU-1042,WH-03,322,120,274,0.2
2025-07-28,SKU-1043,WH-03,153,50,106,0.2
2025-07-28,SKU-1044,WH-03,172,80,171,0.2
2025-07-28,SKU-1045,WH-03,316,80,175,0.2
2025-07-28,SKU-1046,WH-03,255,120,227,0.2
2025-07-28,SKU-1047,WH-03,137,30,69,0.2
2025-07-28,SKU-1048,WH-03,479,120,237,0.2
2025-07-28,SKU-1049,WH-03,622,120,254,0.2
2025-07-28,SKU-1050,WH-03,235,120,231,0.2
2025-07-28,SKU-1051,WH-03,63,30,61,0.2
2025-07-28,SKU-1052,WH-03,80,30,71,0.2
2025-07-28,SKU-1053,WH-03,184,80,147,0.2
2025-07-28,SKU-1054,WH-03,77,30,58,0.2
2025-07-28,SKU-1055,WH-03,186,50,111,0.2
2025-07-28,SKU-1056,WH-03,359,80,177,0.2
2025-07-28,SKU-1057,WH-03,103,30,63,0.2
2025-07-28,SKU-1058,WH-03,163,80,161,0.2
2025-07-28,SKU-1059,WH-03,32,50,119,0.2
2025-07-28,SKU-1000,WH-04,294,80,175,0.2
2025-07-28,SKU-1001,WH-04,516,120,277,0.2
2025-07-28,SKU-1002,WH-04,230,50,106,0.2
2025-07-28,SKU-1003,WH-04,61,30,60,0.2
2025-07-28,SKU-1004,WH-04,195,50,92,0.2
2025-07-28,SKU-1005,WH-04,135,30,66,0.2
2025-07-28,SKU-1006,WH-04,318,120,231,0.2
2025-07-28,SKU-1007,WH-04,63,80,186,0.2
2025-07-28,SKU-1008,WH-04,374,80,153,0.2
2025-07-28,SKU-1009,WH-04,358,120,259,0.2
2025-07-28,SKU-1010,WH-04,63,30,57,0.2
2025-07-28,SKU-1011,WH-04,387,80,168,0.2
2025-07-28,SKU-1012,WH-04,112,120,227,0.2
2025-07-28,SKU-1013,WH-04,44,120,222,0.2
2025-07-28,SKU-1014,WH-04,100,120,282,0.2
2025-07-28,SKU-1015,WH-04,293,50,118,0.2
2025-07-28,SKU-1016,WH-04,0,30,65,0.2
2025-07-28,SKU-1017,WH-04,316,80,160,0.2
2025-07-28,SKU-1018,WH-04,107,30,71,0.2
2025-07-28,SKU-1019,WH-04,0,120,247,0.2
2025-07-28,SKU-1020,WH-04,0,120,283,0.2
2025-07-28,SKU-1021,WH-04,388,80,180,0.2
2025-07-28,SKU-1022,WH-04,152,30,62,0.2
2025-07-28,SKU-1023,WH-04,107,30,59,0.2
2025-07-28,SKU-1024,WH-04,162,50,95,0.2
2025-07-28,SKU-1025,WH-04,4,30,66,0.2
2025-07-28,SKU-1026,WH-04,70,30,56,0.2
2025-07-28,SKU-1027,WH-04,147,30,66,0.2
2025-07-28,SKU-1028,WH-04,385,120,219,0.2
2025-07-28,SKU-1029,WH-04,178,50,110,0.2
2025-07-28,SKU-1030,WH-04,222,50,95,0.2
2025-07-28,SKU-1031,WH-04,300,120,276,0.2
2025-07-28,SKU-1032,WH-04,0,30,57,0.2
2025-07-28,SKU-1033,WH-04,0,30,65,0.2
2025-07-28,SKU-1034,WH-04,277,50,116,0.2
2025-07-28,SKU-1035,WH-04,507,120,279,0.2
2025-07-28,SKU-1036,WH-04,114,30,58,0.2
2025-07-28,SKU-1037,WH-04,156,30,63,0.2
2025-07-28,SKU-1038,WH-04,397,120,230,0.2
2025-07-28,SKU-1039,WH-04,328,120,282,0.2
2025-07-28,SKU-1040,WH-04,0,120,239,0.2
2025-07-28,SKU-1041,WH-04,498,120,232,0.2
2025-07-28,SKU-1042,WH-04,302,80,176,0.2
2025-07-28,SKU-1043,WH-04,592,120,275,0.2
2025-07-28,SKU-1044,WH-04,120,50,105,0.2
2025-07-28,SKU-1045,WH-04,79,30,66,0.2
2025-07-28,SKU-1046,WH-04,530,120,218,0.2
2025-07-28,SKU-1047,WH-04,149,30,65,0.2
2025-07-28,SKU-1048,WH-04,100,30,57,0.2
2025-07-28,SKU-1049,WH-04,237,50,97,0.2
2025-07-28,SKU-1050,WH-04,353,80,149,0.2
2025-07-28,SKU-1051,WH-04,42,80,183,0.2
2025-07-28,SKU-1052,WH-04,506,120,247,0.2
2025-07-28,SKU-1053,WH-04,146,30,61,0.2
2025-07-28,SKU-1054,WH-04,326,80,156,0.2
2025-07-28,SKU-1055,WH-04,129,50,95,0.2
2025-07-28,SKU-1056,WH-04,178,80,147,0.2
2025-07-28,SKU-1057,WH-04,0,120,254,0.2
2025-07-28,SKU-1058,WH-04,132,30,58,0.2
2025-07-28,SKU-1059,WH-04,424,120,287,0.2
2025-08-04,SKU-1000,WH-01,388,120,224,0.2
2025-08-04,SKU-1001,WH-01,423,80,170,0.2
2025-08-04,SKU-1002,WH-01,194,80,179,0.2
2025-08-04,SKU-1003,WH-01,212,80,164,0.2
2025-08-04,SKU-1004,WH-01,87,30,66,0.2
2025-08-04,SKU-1005,WH-01,249,50,102,0.2
2025-08-04,SKU-1006,WH-01,340,120,232,0.2
2025-08-04,SKU-1007,WH-01,357,80,164,0.2
2025-08-04,SKU-1008,WH-01,235,50,99,0.2
2025-08-04,SKU-1009,WH-01,263,80,158,0.2
2025-08-04,SKU-1010,WH-01,107,120,258,0.2
2025-08-04,SKU-1011,WH-01,555,120,245,0.2
2025-08-04,SKU-1012,WH-01,179,80,166,0.2
2025-08-04,SKU-1013,WH-01,63,30,57,0.2
2025-08-04,SKU-1014,WH-01,344,80,187,0.2
2025-08-04,SKU-1015,WH-01,508,120,276,0.2
2025-08-04,SKU-1016,WH-01,115,30,55,0.2
2025-08-04,SKU-1017,WH-01,432,120,220,0.2
2025-08-04,SKU-1018,WH-01,596,120,286,0.2
2025-08-04,SKU-1019,WH-01,88,30,60,0.2
2025-08-04,SKU-1020,WH-01,120,30,57,0.2
2025-08-04,SKU-1021,WH-01,269,80,152,0.2
2025-08-04,SKU-1022,WH-01,397,80,181,0.2
2025-08-04,SKU-1023,WH-01,552,120,232,0.2
2025-08-04,SKU-1024,WH-01,284,120,266,0.2
2025-08-04,SKU-1025,WH-01,0,50,118,0.2
2025-08-04,SKU-1026,WH-01,594,120,276,0.2
2025-08-04,SKU-1027,WH-01,530,120,216,0.2
2025-08-04,SKU-1028,WH-01,344,80,190,0.2
2025-08-04,SKU-1029,WH-01,561,120,258,0.2
2025-08-04,SKU-1030,WH-01,80,120,251,0.2
2025-08-04,SKU-1031,WH-01,172,50,90,0.2
2025-08-04,SKU-1032,WH-01,380,80,178,0.2
2025-08-04,SKU-1033,WH-01,104,30,63,0.2
2025-08-04,SKU-1034,WH-01,129,30,56,0.2
2025-08-04,SKU-1035,WH-01,270,80,179,0.2
2025-08-04,SKU-1036,WH-01,531,120,245,0.2
2025-08-04,SKU-1037,WH-01,139,30,70,0.2
2025-08-04,SKU-1038,WH-01,377,120,233,0.2
2025-08-04,SKU-1039,WH-01,291,120,226,0.2
2025-08-04,SKU-1040,WH-01,175,50,103,0.2
2025-08-04,SKU-1041,WH-01,263,80,154,0.2
2025-08-04,SKU-1042,WH-01,432,120,235,0.2
2025-08-04,SKU-1043,WH-01,11,30,59,0.2
2025-08-04,SKU-1044,WH-01,75,30,59,0.2
2025-08-04,SKU-1045,WH-01,231,120,222,0.2
2025-08-04,SKU-1046,WH-01,57,30,55,0.2
2025-08-04,SKU-1047,WH-01,402,120,231,0.2
2025-08-04,SKU-1048,WH-01,14,30,61,0.2
2025-08-04,SKU-1049,WH-01,241,50,97,0.2
2025-08-04,SKU-1050,WH-01,434,120,271,0.2
2025-08-04,SKU-1051,WH-01,195,50,110,0.2
2025-08-04,SKU-1052,WH-01,115,50,91,0.2
2025-08-04,SKU-1053,WH-01,415,80,181,0.2
2025-08-04,SKU-1054,WH-01,9,30,58,0.2
2025-08-04,SKU-1055,WH-01,359,120,265,0.2
2025-08-04,SKU-1056,WH-01,11,30,66,0.2
2025-08-04,SKU-1057,WH-01,396,120,216,0.2
2025-08-04,SKU-1058,WH-01,248,80,149,0.2
2025-08-04,SKU-1059,WH-01,128,30,62,0.2
2025-08-04,SKU-1000,WH-02,296,120,226,0.2
2025-08-04,SKU-1001,WH-02,18,30,64,0.2
2025-08-04,SKU-1002,WH-02,199,80,157,0.2
2025-08-04,SKU-1003,WH-02,123,30,65,0.2
2025-08-04,SKU-1004,WH-02,244,80,149,0.2
2025-08-04,SKU-1005,WH-02,147,30,68,0.2
2025-08-04,SKU-1006,WH-02,181,50,97,0.2
2025-08-04,SKU-1007,WH-02,0,120,234,0.2
2025-08-04,SKU-1008,WH-02,260,50,106,0.2
2025-08-04,SKU-1009,WH-02,73,30,57,0.2
2025-08-04,SKU-1010,WH-02,88,30,58,0.2
2025-08-04,SKU-1011,WH-02,519,120,231,0.2
2025-08-04,SKU-1012,WH-02,231,50,102,0.2
2025-08-04,SKU-1013,WH-02,67,120,219,0.2
2025-08-04,SKU-1014,WH-02,361,120,253,0.2
2025-08-04,SKU-1015,WH-02,584,120,267,0.2
2025-08-04,SKU-1016,WH-02,175,30,71,0.2
2025-08-04,SKU-1017,WH-02,211,80,175,0.2
2025-08-04,SKU-1018,WH-02,156,50,102,0.2
2025-08-04,SKU-1019,WH-02,72,30,60,0.2
2025-08-04,SKU-1020,WH-02,86,30,67,0.2
2025-08-04,SKU-1021,WH-02,125,30,71,0.2
2025-08-04,SKU-1022,WH-02,196,50,98,0.2
2025-08-04,SKU-1023,WH-02,216,50,96,0.2
2025-08-04,SKU-1024,WH-02,236,80,153,0.2
2025-08-04,SKU-1025,WH-02,483,120,226,0.2
2025-08-04,SKU-1026,WH-02,160,30,70,0.2
2025-08-04,SKU-1027,WH-02,372,80,187,0.2
2025-08-04,SKU-1028,WH-02,151,50,112,0.2
2025-08-04,SKU-1029,WH-02,527,120,254,0.2
2025-08-04,SKU-1030,WH-02,168,30,69,0.2
2025-08-04,SKU-1031,WH-02,283,80,167,0.2
2025-08-04,SKU-1032,WH-02,576,120,285,0.2
2025-08-04,SKU-1033,WH-02,571,120,253,0.2
2025-08-04,SKU-1034,WH-02,387,80,186,0.2
2025-08-04,SKU-1035,WH-02,80,30,55,0.2
2025-08-04,SKU-1036,WH-02,600,120,250,0.2
2025-08-04,SKU-1037,WH-02,304,120,237,0.2
2025-08-04,SKU-1038,WH-02,117,30,60,0.2
2025-08-04,SKU-1039,WH-02,300,80,187,0.2
2025-08-04,SKU-1040,WH-02,205,80,156,0.2
2025-08-04,SKU-1041,WH-02,187,80,182,0.2
2025-08-04,SKU-1042,WH-02,240,50,118,0.2
2025-08-04,SKU-1043,WH-02,303,80,164,0.2
2025-08-04,SKU-1044,WH-02,189,50,107,0.2
2025-08-04,SKU-1045,WH-02,69,30,55,0.2
2025-08-04,SKU-1046,WH-02,167,30,67,0.2
2025-08-04,SKU-1047,WH-02,597,120,257,0.2
2025-08-04,SKU-1048,WH-02,0,120,233,0.2
2025-08-04,SKU-1049,WH-02,344,120,233,0.2
2025-08-04,SKU-1050,WH-02,9,50,119,0.2
2025-08-04,SKU-1051,WH-02,225,50,113,0.2
2025-08-04,SKU-1052,WH-02,349,80,156,0.2
2025-08-04,SKU-1053,WH-02,196,80,191,0.2
2025-08-04,SKU-1054,WH-02,225,50,107,0.2
2025-08-04,SKU-1055,WH-02,414,120,225,0.2
2025-08-04,SKU-1056,WH-02,260,50,114,0.2
2025-08-04,SKU-1057,WH-02,18,30,56,0.2
2025-08-04,SKU-1058,WH-02,531,120,222,0.2
2025-08-04,SKU-1059,WH-02,269,120,248,0.2
2025-08-04,SKU-1000,WH-03,566,120,246,0.2
2025-08-04,SKU-1001,WH-03,372,80,172,0.2
2025-08-04,SKU-1002,WH-03,186,50,99,0.2
2025-08-04,SKU-1003,WH-03,130,50,116,0.2
2025-08-04,SKU-1004,WH-03,17,120,225,0.2
2025-08-04,SKU-1005,WH-03,137,30,62,0.2
2025-08-04,SKU-1006,WH-03,363,80,149,0.2
2025-08-04,SKU-1007,WH-03,171,80,166,0.2
2025-08-04,SKU-1008,WH-03,64,120,263,0.2
2025-08-04,SKU-1009,WH-03,352,120,259,0.2
2025-08-04,SKU-1010,WH-03,239,50,119,0.2
2025-08-04,SKU-1011,WH-03,40,50,97,0.2
2025-08-04,SKU-1012,WH-03,106,120,216,0.2
2025-08-04,SKU-1013,WH-03,118,30,65,0.2
2025-08-04,SKU-1014,WH-03,30,80,156,0.2
2025-08-04,SKU-1015,WH-03,105,30,54,0.2
2025-08-04,SKU-1016,WH-03,181,50,90,0.2
2025-08-04,SKU-1017,WH-03,96,30,69,0.2
2025-08-04,SKU-1018,WH-03,8,30,55,0.2
2025-08-04,SKU-1019,WH-03,33,50,113,0.2
2025-08-04,SKU-1020,WH-03,123,30,56,0.2
2025-08-04,SKU-1021,WH-03,342,120,260,0.2
2025-08-04,SKU-1022,WH-03,118,30,60,0.2
2025-08-04,SKU-1023,WH-03,138,50,99,0.2
2025-08-04,SKU-1024,WH-03,633,120,267,0.2
2025-08-04,SKU-1025,WH-03,129,30,64,0.2
2025-08-04,SKU-1026,WH-03,0,30,55,0.2
2025-08-04,SKU-1027,WH-03,0,30,64,0.2
2025-08-04,SKU-1028,WH-03,93,30,54,0.2
2025-08-04,SKU-1029,WH-03,385,120,244,0.2
2025-08-04,SKU-1030,WH-03,656,120,283,0.2
2025-08-04,SKU-1031,WH-03,0,120,285,0.2
2025-08-04,SKU-1032,WH-03,123,30,62,0.2
2025-08-04,SKU-1033,WH-03,427,120,233,0.2
2025-08-04,SKU-1034,WH-03,58,80,166,0.2
2025-08-04,SKU-1035,WH-03,0,120,246,0.2
2025-08-04,SKU-1036,WH-03,116,30,58,0.2
2025-08-04,SKU-1037,WH-03,221,80,181,0.2
2025-08-04,SKU-1038,WH-03,128,50,97,0.2
2025-08-04,SKU-1039,WH-03,527,120,235,0.2
2025-08-04,SKU-1040,WH-03,174,50,108,0.2
2025-08-04,SKU-1041,WH-03,177,80,157,0.2
2025-08-04,SKU-1042,WH-03,161,30,67,0.2
2025-08-04,SKU-1043,WH-03,272,80,175,0.2
2025-08-04,SKU-1044,WH-03,200,50,106,0.2
2025-08-04,SKU-1045,WH-03,276,50,114,0.2
2025-08-04,SKU-1046,WH-03,184,50,101,0.2
2025-08-04,SKU-1047,WH-03,404,80,162,0.2
2025-08-04,SKU-1048,WH-03,92,30,70,0.2
2025-08-04,SKU-1049,WH-03,59,80,191,0.2
2025-08-04,SKU-1050,WH-03,222,50,97,0.2
2025-08-04,SKU-1051,WH-03,127,30,61,0.2
2025-08-04,SKU-1052,WH-03,550,120,223,0.2
2025-08-04,SKU-1053,WH-03,374,80,178,0.2
2025-08-04,SKU-1054,WH-03,454,120,227,0.2
2025-08-04,SKU-1055,WH-03,102,30,67,0.2
2025-08-04,SKU-1056,WH-03,434,80,175,0.2
2025-08-04,SKU-1057,WH-03,95,30,54,0.2
2025-08-04,SKU-1058,WH-03,18,80,149,0.2
2025-08-04,SKU-1059,WH-03,0,80,188,0.2
2025-08-04,SKU-1000,WH-04,72,30,70,0.2
2025-08-04,SKU-1001,WH-04,170,50,102,0.2
2025-08-04,SKU-1002,WH-04,25,50,103,0.2
2025-08-04,SKU-1003,WH-04,15,30,56,0.2
2025-08-04,SKU-1004,WH-04,475,80,191,0.2
2025-08-04,SKU-1005,WH-04,61,30,56,0.2
2025-08-04,SKU-1006,WH-04,244,120,241,0.2
2025-08-04,SKU-1007,WH-04,0,30,65,0.2
2025-08-04,SKU-1008,WH-04,28,50,109,0.2
2025-08-04,SKU-1009,WH-04,399,80,162,0.2
2025-08-04,SKU-1010,WH-04,613,120,285,0.2
2025-08-04,SKU-1011,WH-04,114,30,70,0.2
2025-08-04,SKU-1012,WH-04,121,50,107,0.2
2025-08-04,SKU-1013,WH-04,412,80,179,0.2
2025-08-04,SKU-1014,WH-04,96,30,66,0.2
2025-08-04,SKU-1015,WH-04,234,50,114,0.2
2025-08-04,SKU-1016,WH-04,112,30,57,0.2
2025-08-04,SKU-1017,WH-04,540,120,243,0.2
2025-08-04,SKU-1018,WH-04,148,50,100,0.2
2025-08-04,SKU-1019,WH-04,0,30,64,0.2
2025-08-04,SKU-1020,WH-04,359,120,250,0.2
2025-08-04,SKU-1021,WH-04,138,30,60,0.2
2025-08-04,SKU-1022,WH-04,90,30,60,0.2
2025-08-04,SKU-1023,WH-04,258,50,119,0.2
2025-08-04,SKU-1024,WH-04,97,30,65,0.2
2025-08-04,SKU-1025,WH-04,70,30,54,0.2
2025-08-04,SKU-1026,WH-04,0,120,251,0.2
2025-08-04,SKU-1027,WH-04,118,50,115,0.2
2025-08-04,SKU-1028,WH-04,0,120,245,0.2
2025-08-04,SKU-1029,WH-04,103,50,96,0.2
2025-08-04,SKU-1030,WH-04,226,80,184,0.2
2025-08-04,SKU-1031,WH-04,8,30,65,0.2
2025-08-04,SKU-1032,WH-04,337,120,243,0.2
2025-08-04,SKU-1033,WH-04,311,80,161,0.2
2025-08-04,SKU-1034,WH-04,65,120,273,0.2
2025-08-04,SKU-1035,WH-04,315,120,275,0.2
2025-08-04,SKU-1036,WH-04,0,80,150,0.2
2025-08-04,SKU-1037,WH-04,0,120,237,0.2
2025-08-04,SKU-1038,WH-04,5,50,100,0.2
2025-08-04,SKU-1039,WH-04,70,30,54,0.2
2025-08-04,SKU-1040,WH-04,247,80,159,0.2
2025-08-04,SKU-1041,WH-04,347,80,171,0.2
2025-08-04,SKU-1042,WH-04,267,80,175,0.2
2025-08-04,SKU-1043,WH-04,128,30,57,0.2
2025-08-04,SKU-1044,WH-04,162,30,67,0.2
2025-08-04,SKU-1045,WH-04,234,80,187,0.2
2025-08-04,SKU-1046,WH-04,0,30,58,0.2
2025-08-04,SKU-1047,WH-04,3,30,56,0.2
2025-08-04,SKU-1048,WH-04,19,120,246,0.2
2025-08-04,SKU-1049,WH-04,116,30,70,0.2
2025-08-04,SKU-1050,WH-04,263,80,178,0.2
2025-08-04,SKU-1051,WH-04,167,50,102,0.2
2025-08-04,SKU-1052,WH-04,288,120,217,0.2
2025-08-04,SKU-1053,WH-04,113,30,63,0.2
2025-08-04,SKU-1054,WH-04,167,50,95,0.2
2025-08-04,SKU-1055,WH-04,117,30,61,0.2
2025-08-04,SKU-1056,WH-04,100,50,99,0.2
2025-08-04,SKU-1057,WH-04,144,50,101,0.2
2025-08-04,SKU-1058,WH-04,120,50,99,0.2
2025-08-04,SKU-1059,WH-04,71,30,59,0.2
2025-08-11,SKU-1000,WH-01,183,50,117,0.2
2025-08-11,SKU-1001,WH-01,557,120,225,0.2
2025-08-11,SKU-1002,WH-01,202,50,110,0.2
2025-08-11,SKU-1003,WH-01,176,50,96,0.2
2025-08-11,SKU-1004,WH-01,313,120,266,0.2
2025-08-11,SKU-1005,WH-01,72,120,245,0.2
2025-08-11,SKU-1006,WH-01,233,50,95,0.2
2025-08-11,SKU-1007,WH-01,136,30,57,0.2
2025-08-11,SKU-1008,WH-01,296,80,167,0.2
2025-08-11,SKU-1009,WH-01,72,30,58,0.2
2025-08-11,SKU-1010,WH-01,162,50,110,0.2
2025-08-11,SKU-1011,WH-01,106,30,61,0.2
2025-08-11,SKU-1012,WH-01,21,30,71,0.2
2025-08-11,SKU-1013,WH-01,231,50,118,0.2
2025-08-11,SKU-1014,WH-01,19,50,106,0.2
2025-08-11,SKU-1015,WH-01,343,80,163,0.2
2025-08-11,SKU-1016,WH-01,441,80,182,0.2
2025-08-11,SKU-1017,WH-01,58,30,58,0.2
2025-08-11,SKU-1018,WH-01,581,120,264,0.2
2025-08-11,SKU-1019,WH-01,219,50,117,0.2
2025-08-11,SKU-1020,WH-01,216,50,114,0.2
2025-08-11,SKU-1021,WH-01,297,120,269,0.2
2025-08-11,SKU-1022,WH-01,141,50,108,0.2
2025-08-11,SKU-1023,WH-01,364,120,275,0.2
2025-08-11,SKU-1024,WH-01,396,80,183,0.2
2025-08-11,SKU-1025,WH-01,352,80,176,0.2
2025-08-11,SKU-1026,WH-01,363,120,270,0.2
2025-08-11,SKU-1027,WH-01,416,80,182,0.2
2025-08-11,SKU-1028,WH-01,147,50,117,0.2
2025-08-11,SKU-1029,WH-01,0,30,54,0.2
2025-08-11,SKU-1030,WH-01,461,120,220,0.2
2025-08-11,SKU-1031,WH-01,227,80,172,0.2
2025-08-11,SKU-1032,WH-01,352,120,272,0.2
2025-08-11,SKU-1033,WH-01,72,30,69,0.2
2025-08-11,SKU-1034,WH-01,127,30,62,0.2
2025-08-11,SKU-1035,WH-01,33,80,168,0.2
2025-08-11,SKU-1036,WH-01,141,30,70,0.2
2025-08-11,SKU-1037,WH-01,183,50,98,0.2
2025-08-11,SKU-1038,WH-01,120,50,101,0.2
2025-08-11,SKU-1039,WH-01,45,80,188,0.2
2025-08-11,SKU-1040,WH-01,323,120,272,0.2
2025-08-11,SKU-1041,WH-01,58,80,189,0.2
2025-08-11,SKU-1042,WH-01,173,50,110,0.2
2025-08-11,SKU-1043,WH-01,177,80,148,0.2
2025-08-11,SKU-1044,WH-01,164,50,100,0.2
2025-08-11,SKU-1045,WH-01,267,80,160,0.2
2025-08-11,SKU-1046,WH-01,307,80,158,0.2
2025-08-11,SKU-1047,WH-01,469,120,222,0.2
2025-08-11,SKU-1048,WH-01,481,120,226,0.2
2025-08-11,SKU-1049,WH-01,275,80,167,0.2
2025-08-11,SKU-1050,WH-01,0,50,117,0.2
2025-08-11,SKU-1051,WH-01,111,50,101,0.2
2025-08-11,SKU-1052,WH-01,312,120,222,0.2
2025-08-11,SKU-1053,WH-01,299,80,158,0.2
2025-08-11,SKU-1054,WH-01,342,120,252,0.2
2025-08-11,SKU-1055,WH-01,242,50,107,0.2
2025-08-11,SKU-1056,WH-01,409,80,189,0.2
2025-08-11,SKU-1057,WH-01,534,120,271,0.2
2025-08-11,SKU-1058,WH-01,9,80,189,0.2
2025-08-11,SKU-1059,WH-01,160,50,90,0.2
2025-08-11,SKU-1000,WH-02,292,80,191,0.2
2025-08-11,SKU-1001,WH-02,9,30,54,0.2
2025-08-11,SKU-1002,WH-02,14,50,95,0.2
2025-08-11,SKU-1003,WH-02,363,120,266,0.2
2025-08-11,SKU-1004,WH-02,298,80,152,0.2
2025-08-11,SKU-1005,WH-02,251,120,227,0.2
2025-08-11,SKU-1006,WH-02,484,120,216,0.2
2025-08-11,SKU-1007,WH-02,99,30,57,0.2
2025-08-11,SKU-1008,WH-02,299,80,160,0.2
2025-08-11,SKU-1009,WH-02,350,120,245,0.2
2025-08-11,SKU-1010,WH-02,317,80,189,0.2
2025-08-11,SKU-1011,WH-02,230,50,105,0.2
2025-08-11,SKU-1012,WH-02,374,80,153,0.2
2025-08-11,SKU-1013,WH-02,426,120,259,0.2
2025-08-11,SKU-1014,WH-02,543,120,234,0.2
2025-08-11,SKU-1015,WH-02,73,30,56,0.2
2025-08-11,SKU-1016,WH-02,389,80,175,0.2
2025-08-11,SKU-1017,WH-02,14,80,174,0.2
2025-08-11,SKU-1018,WH-02,198,50,113,0.2
2025-08-11,SKU-1019,WH-02,195,50,110,0.2
2025-08-11,SKU-1020,WH-02,19,50,95,0.2
2025-08-11,SKU-1021,WH-02,606,120,267,0.2
2025-08-11,SKU-1022,WH-02,88,30,66,0.2
2025-08-11,SKU-1023,WH-02,245,80,154,0.2
2025-08-11,SKU-1024,WH-02,167,30,67,0.2
2025-08-11,SKU-1025,WH-02,147,50,110,0.2
2025-08-11,SKU-1026,WH-02,595,120,247,0.2
2025-08-11,SKU-1027,WH-02,478,120,273,0.2
2025-08-11,SKU-1028,WH-02,127,30,58,0.2
2025-08-11,SKU-1029,WH-02,298,120,256,0.2
2025-08-11,SKU-1030,WH-02,93,50,91,0.2
2025-08-11,SKU-1031,WH-02,167,50,105,0.2
2025-08-11,SKU-1032,WH-02,231,80,185,0.2
2025-08-11,SKU-1033,WH-02,0,50,112,0.2
2025-08-11,SKU-1034,WH-02,129,50,116,0.2
2025-08-11,SKU-1035,WH-02,0,30,71,0.2
2025-08-11,SKU-1036,WH-02,463,120,275,0.2
2025-08-11,SKU-1037,WH-02,59,30,55,0.2
2025-08-11,SKU-1038,WH-02,518,120,270,0.2
2025-08-11,SKU-1039,WH-02,322,80,170,0.2
2025-08-11,SKU-1040,WH-02,214,50,93,0.2
2025-08-11,SKU-1041,WH-02,19,50,90,0.2
2025-08-11,SKU-1042,WH-02,71,30,65,0.2
2025-08-11,SKU-1043,WH-02,441,80,189,0.2
2025-08-11,SKU-1044,WH-02,200,50,99,0.2
2025-08-11,SKU-1045,WH-02,50,120,255,0.2
2025-08-11,SKU-1046,WH-02,285,50,119,0.2
2025-08-11,SKU-1047,WH-02,365,120,231,0.2
2025-08-11,SKU-1048,WH-02,321,120,268,0.2
2025-08-11,SKU-1049,WH-02,492,120,254,0.2
2025-08-11,SKU-1050,WH-02,423,120,283,0.2
2025-08-11,SKU-1051,WH-02,45,80,159,0.2
2025-08-11,SKU-1052,WH-02,263,50,119,0.2
2025-08-11,SKU-1053,WH-02,398,120,262,0.2
2025-08-11,SKU-1054,WH-02,115,50,97,0.2
2025-08-11,SKU-1055,WH-02,480,120,273,0.2
2025-08-11,SKU-1056,WH-02,374,120,247,0.2
2025-08-11,SKU-1057,WH-02,0,80,182,0.2
2025-08-11,SKU-1058,WH-02,76,120,261,0.2
2025-08-11,SKU-1059,WH-02,105,30,71,0.2
2025-08-11,SKU-1000,WH-03,199,50,110,0.2
2025-08-11,SKU-1001,WH-03,0,80,169,0.2
2025-08-11,SKU-1002,WH-03,297,80,186,0.2
2025-08-11,SKU-1003,WH-03,16,30,59,0.2
2025-08-11,SKU-1004,WH-03,430,120,217,0.2
2025-08-11,SKU-1005,WH-03,82,30,62,0.2
2025-08-11,SKU-1006,WH-03,71,30,59,0.2
2025-08-11,SKU-1007,WH-03,71,30,61,0.2
2025-08-11,SKU-1008,WH-03,345,80,165,0.2
2025-08-11,SKU-1009,WH-03,183,80,149,0.2
2025-08-11,SKU-1010,WH-03,112,30,58,0.2
2025-08-11,SKU-1011,WH-03,338,80,154,0.2
2025-08-11,SKU-1012,WH-03,511,120,229,0.2
2025-08-11,SKU-1013,WH-03,167,50,104,0.2
2025-08-11,SKU-1014,WH-03,66,30,56,0.2
2025-08-11,SKU-1015,WH-03,381,120,262,0.2
2025-08-11,SKU-1016,WH-03,34,80,177,0.2
2025-08-11,SKU-1017,WH-03,210,50,118,0.2
2025-08-11,SKU-1018,WH-03,100,30,60,0.2
2025-08-11,SKU-1019,WH-03,87,30,63,0.2
2025-08-11,SKU-1020,WH-03,416,80,188,0.2
2025-08-11,SKU-1021,WH-03,402,120,268,0.2
2025-08-11,SKU-1022,WH-03,311,80,183,0.2
2025-08-11,SKU-1023,WH-03,308,120,258,0.2
2025-08-11,SKU-1024,WH-03,329,80,176,0.2
2025-08-11,SKU-1025,WH-03,321,80,155,0.2
2025-08-11,SKU-1026,WH-03,0,120,246,0.2
2025-08-11,SKU-1027,WH-03,465,120,259,0.2
2025-08-11,SKU-1028,WH-03,153,50,102,0.2
2025-08-11,SKU-1029,WH-03,569,120,239,0.2
2025-08-11,SKU-1030,WH-03,308,80,157,0.2
2025-08-11,SKU-1031,WH-03,602,120,266,0.2
2025-08-11,SKU-1032,WH-03,208,50,91,0.2
2025-08-11,SKU-1033,WH-03,79,30,57,0.2
2025-08-11,SKU-1034,WH-03,297,80,152,0.2
2025-08-11,SKU-1035,WH-03,97,50,92,0.2
2025-08-11,SKU-1036,WH-03,114,30,64,0.2
2025-08-11,SKU-1037,WH-03,224,50,93,0.2
2025-08-11,SKU-1038,WH-03,0,120,236,0.2
2025-08-11,SKU-1039,WH-03,132,30,54,0.2
2025-08-11,SKU-1040,WH-03,345,80,167,0.2
2025-08-11,SKU-1041,WH-03,20,50,114,0.2
2025-08-11,SKU-1042,WH-03,88,30,68,0.2
2025-08-11,SKU-1043,WH-03,537,120,264,0.2
2025-08-11,SKU-1044,WH-03,220,50,107,0.2
2025-08-11,SKU-1045,WH-03,128,50,103,0.2
2025-08-11,SKU-1046,WH-03,290,80,186,0.2
2025-08-11,SKU-1047,WH-03,389,120,261,0.2
2025-08-11,SKU-1048,WH-03,349,120,257,0.2
2025-08-11,SKU-1049,WH-03,160,50,100,0.2
2025-08-11,SKU-1050,WH-03,19,120,286,0.2
2025-08-11,SKU-1051,WH-03,106,30,60,0.2
2025-08-11,SKU-1052,WH-03,156,30,65,0.2
2025-08-11,SKU-1053,WH-03,630,120,275,0.2
2025-08-11,SKU-1054,WH-03,294,80,191,0.2
2025-08-11,SKU-1055,WH-03,27,30,57,0.2
2025-08-11,SKU-1056,WH-03,123,30,66,0.2
2025-08-11,SKU-1057,WH-03,214,80,190,0.2
2025-08-11,SKU-1058,WH-03,150,50,112,0.2
2025-08-11,SKU-1059,WH-03,141,30,65,0.2
2025-08-11,SKU-1000,WH-04,82,30,63,0.2
2025-08-11,SKU-1001,WH-04,171,50,111,0.2
2025-08-11,SKU-1002,WH-04,261,80,190,0.2
2025-08-11,SKU-1003,WH-04,183,80,146,0.2
2025-08-11,SKU-1004,WH-04,81,30,63,0.2
2025-08-11,SKU-1005,WH-04,221,80,171,0.2
2025-08-11,SKU-1006,WH-04,532,120,255,0.2
2025-08-11,SKU-1007,WH-04,375,80,178,0.2
2025-08-11,SKU-1008,WH-04,132,30,69,0.2
2025-08-11,SKU-1009,WH-04,27,120,274,0.2
2025-08-11,SKU-1010,WH-04,348,120,222,0.2
2025-08-11,SKU-1011,WH-04,177,50,110,0.2
2025-08-11,SKU-1012,WH-04,523,120,219,0.2
2025-08-11,SKU-1013,WH-04,126,50,101,0.2
2025-08-11,SKU-1014,WH-04,59,80,148,0.2
2025-08-11,SKU-1015,WH-04,247,80,181,0.2
2025-08-11,SKU-1016,WH-04,234,50,117,0.2
2025-08-11,SKU-1017,WH-04,164,80,162,0.2
2025-08-11,SKU-1018,WH-04,320,80,155,0.2
2025-08-11,SKU-1019,WH-04,247,80,168,0.2
2025-08-11,SKU-1020,WH-04,333,120,223,0.2
2025-08-11,SKU-1021,WH-04,18,30,58,0.2
2025-08-11,SKU-1022,WH-04,122,30,64,0.2
2025-08-11,SKU-1023,WH-04,241,50,100,0.2
2025-08-11,SKU-1024,WH-04,250,50,115,0.2
2025-08-11,SKU-1025,WH-04,0,50,107,0.2
2025-08-11,SKU-1026,WH-04,75,80,174,0.2
2025-08-11,SKU-1027,WH-04,541,120,272,0.2
2025-08-11,SKU-1028,WH-04,135,30,61,0.2
2025-08-11,SKU-1029,WH-04,124,50,102,0.2
2025-08-11,SKU-1030,WH-04,106,30,70,0.2
2025-08-11,SKU-1031,WH-04,265,80,191,0.2
2025-08-11,SKU-1032,WH-04,489,120,286,0.2
2025-08-11,SKU-1033,WH-04,282,80,160,0.2
2025-08-11,SKU-1034,WH-04,7,80,179,0.2
2025-08-11,SKU-1035,WH-04,398,120,284,0.2
2025-08-11,SKU-1036,WH-04,269,120,237,0.2
2025-08-11,SKU-1037,WH-04,7,80,178,0.2
2025-08-11,SKU-1038,WH-04,541,120,225,0.2
2025-08-11,SKU-1039,WH-04,385,120,276,0.2
2025-08-11,SKU-1040,WH-04,25,80,168,0.2
2025-08-11,SKU-1041,WH-04,235,50,99,0.2
2025-08-11,SKU-1042,WH-04,331,80,173,0.2
2025-08-11,SKU-1043,WH-04,305,120,275,0.2
2025-08-11,SKU-1044,WH-04,0,30,60,0.2
2025-08-11,SKU-1045,WH-04,242,80,153,0.2
2025-08-11,SKU-1046,WH-04,264,120,236,0.2
2025-08-11,SKU-1047,WH-04,201,50,98,0.2
2025-08-11,SKU-1048,WH-04,307,80,165,0.2
2025-08-11,SKU-1049,WH-04,488,120,253,0.2
2025-08-11,SKU-1050,WH-04,348,120,252,0.2
2025-08-11,SKU-1051,WH-04,14,80,179,0.2
2025-08-11,SKU-1052,WH-04,103,30,56,0.2
2025-08-11,SKU-1053,WH-04,192,80,179,0.2
2025-08-11,SKU-1054,WH-04,535,120,281,0.2
2025-08-11,SKU-1055,WH-04,460,120,239,0.2
2025-08-11,SKU-1056,WH-04,12,120,259,0.2
2025-08-11,SKU-1057,WH-04,16,50,114,0.2
2025-08-11,SKU-1058,WH-04,328,80,173,0.2
2025-08-11,SKU-1059,WH-04,353,120,261,0.2
2025-08-18,SKU-1000,WH-01,205,80,173,0.2
2025-08-18,SKU-1001,WH-01,76,30,56,0.2
2025-08-18,SKU-1002,WH-01,355,120,252,0.2
2025-08-18,SKU-1003,WH-01,132,30,68,0.2
2025-08-18,SKU-1004,WH-01,413,120,247,0.2
2025-08-18,SKU-1005,WH-01,261,80,144,0.2
2025-08-18,SKU-1006,WH-01,267,80,187,0.2
2025-08-18,SKU-1007,WH-01,172,50,93,0.2
2025-08-18,SKU-1008,WH-01,79,30,54,0.2
2025-08-18,SKU-1009,WH-01,0,120,248,0.2
2025-08-18,SKU-1010,WH-01,106,30,55,0.2
2025-08-18,SKU-1011,WH-01,451,80,185,0.2
2025-08-18,SKU-1012,WH-01,187,80,174,0.2
2025-08-18,SKU-1013,WH-01,116,120,277,0.2
2025-08-18,SKU-1014,WH-01,224,80,147,0.2
2025-08-18,SKU-1015,WH-01,230,80,169,0.2
2025-08-18,SKU-1016,WH-01,190,80,169,0.2
2025-08-18,SKU-1017,WH-01,17,30,68,0.2
2025-08-18,SKU-1018,WH-01,129,30,65,0.2
2025-08-18,SKU-1019,WH-01,383,120,267,0.2
2025-08-18,SKU-1020,WH-01,535,120,233,0.2
2025-08-18,SKU-1021,WH-01,76,120,267,0.2
2025-08-18,SKU-1022,WH-01,2,30,56,0.2
2025-08-18,SKU-1023,WH-01,142,50,103,0.2
2025-08-18,SKU-1024,WH-01,103,30,59,0.2
2025-08-18,SKU-1025,WH-01,188,80,159,0.2
2025-08-18,SKU-1026,WH-01,85,30,70,0.2
2025-08-18,SKU-1027,WH-01,161,50,108,0.2
2025-08-18,SKU-1028,WH-01,344,120,244,0.2
2025-08-18,SKU-1029,WH-01,344,120,217,0.2
2025-08-18,SKU-1030,WH-01,125,50,98,0.2
2025-08-18,SKU-1031,WH-01,85,30,60,0.2
2025-08-18,SKU-1032,WH-01,332,80,175,0.2
2025-08-18,SKU-1033,WH-01,231,50,102,0.2
2025-08-18,SKU-1034,WH-01,134,30,55,0.2
2025-08-18,SKU-1035,WH-01,7,30,61,0.2
2025-08-18,SKU-1036,WH-01,364,120,263,0.2
2025-08-18,SKU-1037,WH-01,392,120,250,0.2
2025-08-18,SKU-1038,WH-01,244,50,100,0.2
2025-08-18,SKU-1039,WH-01,223,80,183,0.2
2025-08-18,SKU-1040,WH-01,627,120,275,0.2
2025-08-18,SKU-1041,WH-01,197,50,111,0.2
2025-08-18,SKU-1042,WH-01,351,80,172,0.2
2025-08-18,SKU-1043,WH-01,249,50,108,0.2
2025-08-18,SKU-1044,WH-01,633,120,264,0.2
2025-08-18,SKU-1045,WH-01,345,80,149,0.2
2025-08-18,SKU-1046,WH-01,82,30,70,0.2
2025-08-18,SKU-1047,WH-01,320,80,156,0.2
2025-08-18,SKU-1048,WH-01,10,50,112,0.2
2025-08-18,SKU-1049,WH-01,230,50,96,0.2
2025-08-18,SKU-1050,WH-01,18,30,64,0.2
2025-08-18,SKU-1051,WH-01,0,80,189,0.2
2025-08-18,SKU-1052,WH-01,144,30,63,0.2
2025-08-18,SKU-1053,WH-01,264,80,167,0.2
2025-08-18,SKU-1054,WH-01,1,30,67,0.2
2025-08-18,SKU-1055,WH-01,395,120,250,0.2
2025-08-18,SKU-1056,WH-01,403,80,165,0.2
2025-08-18,SKU-1057,WH-01,154,50,112,0.2
2025-08-18,SKU-1058,WH-01,282,80,170,0.2
2025-08-18,SKU-1059,WH-01,264,80,177,0.2
2025-08-18,SKU-1000,WH-02,246,80,157,0.2
2025-08-18,SKU-1001,WH-02,299,120,250,0.2
2025-08-18,SKU-1002,WH-02,63,120,220,0.2
2025-08-18,SKU-1003,WH-02,136,30,62,0.2
2025-08-18,SKU-1004,WH-02,126,30,64,0.2
2025-08-18,SKU-1005,WH-02,138,30,61,0.2
2025-08-18,SKU-1006,WH-02,98,30,70,0.2
2025-08-18,SKU-1007,WH-02,371,120,261,0.2
2025-08-18,SKU-1008,WH-02,5,50,118,0.2
2025-08-18,SKU-1009,WH-02,255,50,106,0.2
2025-08-18,SKU-1010,WH-02,533,120,219,0.2
2025-08-18,SKU-1011,WH-02,31,50,113,0.2
2025-08-18,SKU-1012,WH-02,380,120,266,0.2
2025-08-18,SKU-1013,WH-02,41,50,97,0.2
2025-08-18,SKU-1014,WH-02,469,120,260,0.2
2025-08-18,SKU-1015,WH-02,106,30,60,0.2
2025-08-18,SKU-1016,WH-02,147,30,66,0.2
2025-08-18,SKU-1017,WH-02,236,80,190,0.2
2025-08-18,SKU-1018,WH-02,172,30,70,0.2
2025-08-18,SKU-1019,WH-02,147,50,111,0.2
2025-08-18,SKU-1020,WH-02,120,50,114,0.2
2025-08-18,SKU-1021,WH-02,93,30,69,0.2
2025-08-18,SKU-1022,WH-02,195,80,150,0.2
2025-08-18,SKU-1023,WH-02,452,120,236,0.2
2025-08-18,SKU-1024,WH-02,129,30,70,0.2
2025-08-18,SKU-1025,WH-02,443,120,221,0.2
2025-08-18,SKU-1026,WH-02,696,120,280,0.2
2025-08-18,SKU-1027,WH-02,71,30,55,0.2
2025-08-18,SKU-1028,WH-02,581,120,263,0.2
2025-08-18,SKU-1029,WH-02,278,50,117,0.2
2025-08-18,SKU-1030,WH-02,71,30,58,0.2
2025-08-18,SKU-1031,WH-02,581,120,250,0.2
2025-08-18,SKU-1032,WH-02,89,30,54,0.2
2025-08-18,SKU-1033,WH-02,325,120,287,0.2
2025-08-18,SKU-1034,WH-02,109,30,65,0.2
2025-08-18,SKU-1035,WH-02,103,120,238,0.2
2025-08-18,SKU-1036,WH-02,237,80,164,0.2
2025-08-18,SKU-1037,WH-02,259,120,242,0.2
2025-08-18,SKU-1038,WH-02,98,30,65,0.2
2025-08-18,SKU-1039,WH-02,123,50,91,0.2
2025-08-18,SKU-1040,WH-02,92,30,66,0.2
2025-08-18,SKU-1041,WH-02,106,120,283,0.2
2025-08-18,SKU-1042,WH-02,489,120,249,0.2
2025-08-18,SKU-1043,WH-02,154,30,62,0.2
2025-08-18,SKU-1044,WH-02,308,80,156,0.2
2025-08-18,SKU-1045,WH-02,411,120,228,0.2
2025-08-18,SKU-1046,WH-02,252,80,179,0.2
2025-08-18,SKU-1047,WH-02,409,120,227,0.2
2025-08-18,SKU-1048,WH-02,116,30,61,0.2
2025-08-18,SKU-1049,WH-02,0,120,256,0.2
2025-08-18,SKU-1050,WH-02,0,80,184,0.2
2025-08-18,SKU-1051,WH-02,244,80,183,0.2
2025-08-18,SKU-1052,WH-02,222,50,93,0.2
2025-08-18,SKU-1053,WH-02,118,50,96,0.2
2025-08-18,SKU-1054,WH-02,548,120,255,0.2
2025-08-18,SKU-1055,WH-02,389,80,162,0.2
2025-08-18,SKU-1056,WH-02,268,80,146,0.2
2025-08-18,SKU-1057,WH-02,229,80,181,0.2
2025-08-18,SKU-1058,WH-02,69,30,57,0.2
2025-08-18,SKU-1059,WH-02,101,30,67,0.2
2025-08-18,SKU-1000,WH-03,136,30,63,0.2
2025-08-18,SKU-1001,WH-03,396,80,180,0.2
2025-08-18,SKU-1002,WH-03,108,50,93,0.2
2025-08-18,SKU-1003,WH-03,28,80,157,0.2
2025-08-18,SKU-1004,WH-03,137,30,67,0.2
2025-08-18,SKU-1005,WH-03,0,120,231,0.2
2025-08-18,SKU-1006,WH-03,49,50,115,0.2
2025-08-18,SKU-1007,WH-03,65,30,57,0.2
2025-08-18,SKU-1008,WH-03,134,30,56,0.2
2025-08-18,SKU-1009,WH-03,350,80,145,0.2
2025-08-18,SKU-1010,WH-03,357,80,151,0.2
2025-08-18,SKU-1011,WH-03,151,30,71,0.2
2025-08-18,SKU-1012,WH-03,98,30,67,0.2
2025-08-18,SKU-1013,WH-03,280,80,178,0.2
2025-08-18,SKU-1014,WH-03,18,50,115,0.2
2025-08-18,SKU-1015,WH-03,358,80,153,0.2
2025-08-18,SKU-1016,WH-03,251,80,175,0.2
2025-08-18,SKU-1017,WH-03,151,50,93,0.2
2025-08-18,SKU-1018,WH-03,345,80,175,0.2
2025-08-18,SKU-1019,WH-03,448,80,190,0.2
2025-08-18,SKU-1020,WH-03,117,50,94,0.2
2025-08-18,SKU-1021,WH-03,135,30,68,0.2
2025-08-18,SKU-1022,WH-03,247,80,149,0.2
2025-08-18,SKU-1023,WH-03,78,30,65,0.2
2025-08-18,SKU-1024,WH-03,166,30,71,0.2
2025-08-18,SKU-1025,WH-03,124,50,108,0.2
2025-08-18,SKU-1026,WH-03,150,30,70,0.2
2025-08-18,SKU-1027,WH-03,284,80,174,0.2
2025-08-18,SKU-1028,WH-03,532,120,246,0.2
2025-08-18,SKU-1029,WH-03,422,80,187,0.2
2025-08-18,SKU-1030,WH-03,205,50,108,0.2
2025-08-18,SKU-1031,WH-03,84,30,65,0.2
2025-08-18,SKU-1032,WH-03,86,120,273,0.2
2025-08-18,SKU-1033,WH-03,415,120,257,0.2
2025-08-18,SKU-1034,WH-03,0,80,180,0.2
2025-08-18,SKU-1035,WH-03,190,50,93,0.2
2025-08-18,SKU-1036,WH-03,254,80,169,0.2
2025-08-18,SKU-1037,WH-03,122,30,55,0.2
2025-08-18,SKU-1038,WH-03,101,30,59,0.2
2025-08-18,SKU-1039,WH-03,200,80,176,0.2
2025-08-18,SKU-1040,WH-03,107,30,71,0.2
2025-08-18,SKU-1041,WH-03,391,80,162,0.2
2025-08-18,SKU-1042,WH-03,200,50,110,0.2
2025-08-18,SKU-1043,WH-03,21,30,55,0.2
2025-08-18,SKU-1044,WH-03,219,50,99,0.2
2025-08-18,SKU-1045,WH-03,420,120,250,0.2
2025-08-18,SKU-1046,WH-03,180,50,95,0.2
2025-08-18,SKU-1047,WH-03,275,120,241,0.2
2025-08-18,SKU-1048,WH-03,96,30,55,0.2
2025-08-18,SKU-1049,WH-03,149,50,91,0.2
2025-08-18,SKU-1050,WH-03,294,80,150,0.2
2025-08-18,SKU-1051,WH-03,460,120,243,0.2
2025-08-18,SKU-1052,WH-03,118,30,66,0.2
2025-08-18,SKU-1053,WH-03,332,120,259,0.2
2025-08-18,SKU-1054,WH-03,75,30,54,0.2
2025-08-18,SKU-1055,WH-03,279,80,166,0.2
2025-08-18,SKU-1056,WH-03,78,30,57,0.2
2025-08-18,SKU-1057,WH-03,269,50,112,0.2
2025-08-18,SKU-1058,WH-03,86,30,69,0.2
2025-08-18,SKU-1059,WH-03,228,50,108,0.2
2025-08-18,SKU-1000,WH-04,82,30,70,0.2
2025-08-18,SKU-1001,WH-04,112,50,99,0.2
2025-08-18,SKU-1002,WH-04,0,80,188,0.2
2025-08-18,SKU-1003,WH-04,10,30,61,0.2
2025-08-18,SKU-1004,WH-04,295,80,189,0.2
2025-08-18,SKU-1005,WH-04,452,120,233,0.2
2025-08-18,SKU-1006,WH-04,635,120,285,0.2
2025-08-18,SKU-1007,WH-04,186,50,108,0.2
2025-08-18,SKU-1008,WH-04,134,30,54,0.2
2025-08-18,SKU-1009,WH-04,140,50,98,0.2
2025-08-18,SKU-1010,WH-04,0,80,169,0.2
2025-08-18,SKU-1011,WH-04,33,50,91,0.2
2025-08-18,SKU-1012,WH-04,226,80,174,0.2
2025-08-18,SKU-1013,WH-04,62,30,56,0.2
2025-08-18,SKU-1014,WH-04,133,50,97,0.2
2025-08-18,SKU-1015,WH-04,119,30,62,0.2
2025-08-18,SKU-1016,WH-04,62,30,62,0.2
2025-08-18,SKU-1017,WH-04,318,120,267,0.2
2025-08-18,SKU-1018,WH-04,57,120,277,0.2
2025-08-18,SKU-1019,WH-04,121,30,64,0.2
2025-08-18,SKU-1020,WH-04,433,120,244,0.2
2025-08-18,SKU-1021,WH-04,23,30,57,0.2
2025-08-18,SKU-1022,WH-04,342,120,271,0.2
2025-08-18,SKU-1023,WH-04,501,120,221,0.2
2025-08-18,SKU-1024,WH-04,198,80,185,0.2
2025-08-18,SKU-1025,WH-04,318,120,230,0.2
2025-08-18,SKU-1026,WH-04,0,80,189,0.2
2025-08-18,SKU-1027,WH-04,277,50,112,0.2
2025-08-18,SKU-1028,WH-04,291,80,145,0.2
2025-08-18,SKU-1029,WH-04,158,50,90,0.2
2025-08-18,SKU-1030,WH-04,474,120,219,0.2
2025-08-18,SKU-1031,WH-04,261,50,106,0.2
2025-08-18,SKU-1032,WH-04,220,80,182,0.2
2025-08-18,SKU-1033,WH-04,449,120,257,0.2
2025-08-18,SKU-1034,WH-04,229,80,160,0.2
2025-08-18,SKU-1035,WH-04,141,30,71,0.2
2025-08-18,SKU-1036,WH-04,195,50,90,0.2
2025-08-18,SKU-1037,WH-04,135,50,114,0.2
2025-08-18,SKU-1038,WH-04,82,30,63,0.2
2025-08-18,SKU-1039,WH-04,13,30,56,0.2
2025-08-18,SKU-1040,WH-04,12,30,54,0.2
2025-08-18,SKU-1041,WH-04,230,120,226,0.2
2025-08-18,SKU-1042,WH-04,514,120,260,0.2
2025-08-18,SKU-1043,WH-04,158,50,99,0.2
2025-08-18,SKU-1044,WH-04,133,30,58,0.2
2025-08-18,SKU-1045,WH-04,449,120,256,0.2
2025-08-18,SKU-1046,WH-04,0,80,167,0.2
2025-08-18,SKU-1047,WH-04,385,120,253,0.2
2025-08-18,SKU-1048,WH-04,127,50,94,0.2
2025-08-18,SKU-1049,WH-04,345,80,188,0.2
2025-08-18,SKU-1050,WH-04,298,120,263,0.2
2025-08-18,SKU-1051,WH-04,128,50,110,0.2
2025-08-18,SKU-1052,WH-04,73,30,66,0.2
2025-08-18,SKU-1053,WH-04,21,50,117,0.2
2025-08-18,SKU-1054,WH-04,80,30,62,0.2
2025-08-18,SKU-1055,WH-04,535,120,270,0.2
2025-08-18,SKU-1056,WH-04,493,120,265,0.2
2025-08-18,SKU-1057,WH-04,183,50,96,0.2
2025-08-18,SKU-1058,WH-04,0,120,278,0.2
2025-08-18,SKU-1059,WH-04,334,120,233,0.2
2025-08-25,SKU-1000,WH-01,159,30,69,0.2
2025-08-25,SKU-1001,WH-01,262,50,108,0.2
2025-08-25,SKU-1002,WH-01,260,80,169,0.2
2025-08-25,SKU-1003,WH-01,296,80,172,0.2
2025-08-25,SKU-1004,WH-01,351,80,184,0.2
2025-08-25,SKU-1005,WH-01,201,50,95,0.2
2025-08-25,SKU-1006,WH-01,444,120,273,0.2
2025-08-25,SKU-1007,WH-01,32,120,251,0.2
2025-08-25,SKU-1008,WH-01,224,50,110,0.2
2025-08-25,SKU-1009,WH-01,156,30,66,0.2
2025-08-25,SKU-1010,WH-01,393,120,275,0.2
2025-08-25,SKU-1011,WH-01,515,120,259,0.2
2025-08-25,SKU-1012,WH-01,0,120,276,0.2
2025-08-25,SKU-1013,WH-01,383,120,235,0.2
2025-08-25,SKU-1014,WH-01,72,30,69,0.2
2025-08-25,SKU-1015,WH-01,435,120,271,0.2
2025-08-25,SKU-1016,WH-01,138,30,61,0.2
2025-08-25,SKU-1017,WH-01,299,120,219,0.2
2025-08-25,SKU-1018,WH-01,546,120,219,0.2
2025-08-25,SKU-1019,WH-01,182,80,180,0.2
2025-08-25,SKU-1020,WH-01,199,50,105,0.2
2025-08-25,SKU-1021,WH-01,568,120,263,0.2
2025-08-25,SKU-1022,WH-01,567,120,248,0.2
2025-08-25,SKU-1023,WH-01,279,50,117,0.2
2025-08-25,SKU-1024,WH-01,297,80,176,0.2
2025-08-25,SKU-1025,WH-01,261,50,118,0.2
2025-08-25,SKU-1026,WH-01,134,30,70,0.2
2025-08-25,SKU-1027,WH-01,186,80,182,0.2
2025-08-25,SKU-1028,WH-01,216,80,149,0.2
2025-08-25,SKU-1029,WH-01,25,50,95,0.2
2025-08-25,SKU-1030,WH-01,583,120,266,0.2
2025-08-25,SKU-1031,WH-01,571,120,236,0.2
2025-08-25,SKU-1032,WH-01,412,80,170,0.2
2025-08-25,SKU-1033,WH-01,350,80,154,0.2
2025-08-25,SKU-1034,WH-01,508,120,252,0.2
2025-08-25,SKU-1035,WH-01,107,50,107,0.2
2025-08-25,SKU-1036,WH-01,161,30,69,0.2
2025-08-25,SKU-1037,WH-01,71,30,64,0.2
2025-08-25,SKU-1038,WH-01,0,50,101,0.2
2025-08-25,SKU-1039,WH-01,177,50,98,0.2
2025-08-25,SKU-1040,WH-01,162,50,103,0.2
2025-08-25,SKU-1041,WH-01,226,50,101,0.2
2025-08-25,SKU-1042,WH-01,14,50,93,0.2
2025-08-25,SKU-1043,WH-01,258,120,220,0.2
2025-08-25,SKU-1044,WH-01,105,30,58,0.2
2025-08-25,SKU-1045,WH-01,436,80,182,0.2
2025-08-25,SKU-1046,WH-01,12,50,97,0.2
2025-08-25,SKU-1047,WH-01,160,30,71,0.2
2025-08-25,SKU-1048,WH-01,222,50,119,0.2
2025-08-25,SKU-1049,WH-01,0,30,59,0.2
2025-08-25,SKU-1050,WH-01,100,30,62,0.2
2025-08-25,SKU-1051,WH-01,232,80,157,0.2
2025-08-25,SKU-1052,WH-01,121,50,105,0.2
2025-08-25,SKU-1053,WH-01,6,30,59,0.2
2025-08-25,SKU-1054,WH-01,0,50,99,0.2
2025-08-25,SKU-1055,WH-01,21,120,271,0.2
2025-08-25,SKU-1056,WH-01,304,120,246,0.2
2025-08-25,SKU-1057,WH-01,369,80,164,0.2
2025-08-25,SKU-1058,WH-01,229,50,116,0.2
2025-08-25,SKU-1059,WH-01,297,120,222,0.2
2025-08-25,SKU-1000,WH-02,0,120,241,0.2
2025-08-25,SKU-1001,WH-02,428,120,246,0.2
2025-08-25,SKU-1002,WH-02,407,120,242,0.2
2025-08-25,SKU-1003,WH-02,237,50,107,0.2
2025-08-25,SKU-1004,WH-02,202,50,91,0.2
2025-08-25,SKU-1005,WH-02,14,80,154,0.2
2025-08-25,SKU-1006,WH-02,432,120,261,0.2
2025-08-25,SKU-1007,WH-02,550,120,265,0.2
2025-08-25,SKU-1008,WH-02,0,120,232,0.2
2025-08-25,SKU-1009,WH-02,146,30,65,0.2
2025-08-25,SKU-1010,WH-02,135,30,65,0.2
2025-08-25,SKU-1011,WH-02,293,80,176,0.2
2025-08-25,SKU-1012,WH-02,0,50,110,0.2
2025-08-25,SKU-1013,WH-02,362,80,181,0.2
2025-08-25,SKU-1014,WH-02,298,80,154,0.2
2025-08-25,SKU-1015,WH-02,202,50,98,0.2
2025-08-25,SKU-1016,WH-02,220,50,112,0.2
2025-08-25,SKU-1017,WH-02,130,50,102,0.2
2025-08-25,SKU-1018,WH-02,267,80,176,0.2
2025-08-25,SKU-1019,WH-02,331,80,182,0.2
2025-08-25,SKU-1020,WH-02,368,80,159,0.2
2025-08-25,SKU-1021,WH-02,227,50,112,0.2
2025-08-25,SKU-1022,WH-02,407,80,165,0.2
2025-08-25,SKU-1023,WH-02,167,80,165,0.2
2025-08-25,SKU-1024,WH-02,239,50,96,0.2
2025-08-25,SKU-1025,WH-02,157,30,66,0.2
2025-08-25,SKU-1026,WH-02,113,50,101,0.2
2025-08-25,SKU-1027,WH-02,277,80,167,0.2
2025-08-25,SKU-1028,WH-02,321,80,149,0.2
2025-08-25,SKU-1029,WH-02,0,80,178,0.2
2025-08-25,SKU-1030,WH-02,331,80,164,0.2
2025-08-25,SKU-1031,WH-02,308,120,253,0.2
2025-08-25,SKU-1032,WH-02,36,50,100,0.2
2025-08-25,SKU-1033,WH-02,137,30,62,0.2
2025-08-25,SKU-1034,WH-02,127,30,56,0.2
2025-08-25,SKU-1035,WH-02,254,50,119,0.2
2025-08-25,SKU-1036,WH-02,305,120,270,0.2
2025-08-25,SKU-1037,WH-02,307,80,161,0.2
2025-08-25,SKU-1038,WH-02,373,80,191,0.2
2025-08-25,SKU-1039,WH-02,220,80,180,0.2
2025-08-25,SKU-1040,WH-02,22,30,71,0.2
2025-08-25,SKU-1041,WH-02,163,80,150,0.2
2025-08-25,SKU-1042,WH-02,120,30,71,0.2
2025-08-25,SKU-1043,WH-02,193,50,112,0.2
2025-08-25,SKU-1044,WH-02,180,50,110,0.2
2025-08-25,SKU-1045,WH-02,314,120,257,0.2
2025-08-25,SKU-1046,WH-02,18,80,156,0.2
2025-08-25,SKU-1047,WH-02,312,80,187,0.2
2025-08-25,SKU-1048,WH-02,10,120,251,0.2
2025-08-25,SKU-1049,WH-02,95,30,71,0.2
2025-08-25,SKU-1050,WH-02,8,80,167,0.2
2025-08-25,SKU-1051,WH-02,114,30,62,0.2
2025-08-25,SKU-1052,WH-02,18,80,146,0.2
2025-08-25,SKU-1053,WH-02,141,30,67,0.2
2025-08-25,SKU-1054,WH-02,325,120,231,0.2
2025-08-25,SKU-1055,WH-02,297,80,158,0.2
2025-08-25,SKU-1056,WH-02,98,30,64,0.2
2025-08-25,SKU-1057,WH-02,74,30,62,0.2
2025-08-25,SKU-1058,WH-02,204,80,180,0.2
2025-08-25,SKU-1059,WH-02,407,80,180,0.2
2025-08-25,SKU-1000,WH-03,0,50,111,0.2
2025-08-25,SKU-1001,WH-03,220,50,110,0.2
2025-08-25,SKU-1002,WH-03,303,80,184,0.2
2025-08-25,SKU-1003,WH-03,133,50,115,0.2
2025-08-25,SKU-1004,WH-03,121,30,61,0.2
2025-08-25,SKU-1005,WH-03,290,80,177,0.2
2025-08-25,SKU-1006,WH-03,422,80,175,0.2
2025-08-25,SKU-1007,WH-03,339,120,233,0.2
2025-08-25,SKU-1008,WH-03,192,50,97,0.2
2025-08-25,SKU-1009,WH-03,435,80,184,0.2
2025-08-25,SKU-1010,WH-03,362,80,145,0.2
2025-08-25,SKU-1011,WH-03,446,80,186,0.2
2025-08-25,SKU-1012,WH-03,37,80,146,0.2
2025-08-25,SKU-1013,WH-03,381,80,158,0.2
2025-08-25,SKU-1014,WH-03,138,50,113,0.2
2025-08-25,SKU-1015,WH-03,0,30,66,0.2
2025-08-25,SKU-1016,WH-03,117,30,65,0.2
2025-08-25,SKU-1017,WH-03,301,120,233,0.2
2025-08-25,SKU-1018,WH-03,152,50,118,0.2
2025-08-25,SKU-1019,WH-03,293,120,250,0.2
2025-08-25,SKU-1020,WH-03,346,80,182,0.2
2025-08-25,SKU-1021,WH-03,40,50,98,0.2
2025-08-25,SKU-1022,WH-03,175,50,118,0.2
2025-08-25,SKU-1023,WH-03,131,50,109,0.2
2025-08-25,SKU-1024,WH-03,104,50,92,0.2
2025-08-25,SKU-1025,WH-03,252,120,242,0.2
2025-08-25,SKU-1026,WH-03,0,50,115,0.2
2025-08-25,SKU-1027,WH-03,0,50,106,0.2
2025-08-25,SKU-1028,WH-03,274,80,166,0.2
2025-08-25,SKU-1029,WH-03,107,30,64,0.2
2025-08-25,SKU-1030,WH-03,128,30,57,0.2
2025-08-25,SKU-1031,WH-03,67,80,144,0.2
2025-08-25,SKU-1032,WH-03,0,80,152,0.2
2025-08-25,SKU-1033,WH-03,209,80,146,0.2
2025-08-25,SKU-1034,WH-03,10,30,59,0.2
2025-08-25,SKU-1035,WH-03,483,120,251,0.2
2025-08-25,SKU-1036,WH-03,115,120,278,0.2
2025-08-25,SKU-1037,WH-03,269,80,145,0.2
2025-08-25,SKU-1038,WH-03,182,50,111,0.2
2025-08-25,SKU-1039,WH-03,74,30,56,0.2
2025-08-25,SKU-1040,WH-03,154,30,65,0.2
2025-08-25,SKU-1041,WH-03,251,80,150,0.2
2025-08-25,SKU-1042,WH-03,89,30,69,0.2
2025-08-25,SKU-1043,WH-03,178,80,164,0.2
2025-08-25,SKU-1044,WH-03,399,120,248,0.2
2025-08-25,SKU-1045,WH-03,28,30,62,0.2
2025-08-25,SKU-1046,WH-03,203,80,157,0.2
2025-08-25,SKU-1047,WH-03,36,50,90,0.2
2025-08-25,SKU-1048,WH-03,66,80,184,0.2
2025-08-25,SKU-1049,WH-03,155,30,69,0.2
2025-08-25,SKU-1050,WH-03,90,120,261,0.2
2025-08-25,SKU-1051,WH-03,209,50,97,0.2
2025-08-25,SKU-1052,WH-03,312,80,166,0.2
2025-08-25,SKU-1053,WH-03,20,30,56,0.2
2025-08-25,SKU-1054,WH-03,85,120,241,0.2
2025-08-25,SKU-1055,WH-03,496,120,221,0.2
2025-08-25,SKU-1056,WH-03,251,50,111,0.2
2025-08-25,SKU-1057,WH-03,295,80,169,0.2
2025-08-25,SKU-1058,WH-03,26,30,64,0.2
2025-08-25,SKU-1059,WH-03,59,30,58,0.2
2025-08-25,SKU-1000,WH-04,78,30,64,0.2
2025-08-25,SKU-1001,WH-04,148,30,71,0.2
2025-08-25,SKU-1002,WH-04,115,30,61,0.2
2025-08-25,SKU-1003,WH-04,368,120,232,0.2
2025-08-25,SKU-1004,WH-04,135,50,118,0.2
2025-08-25,SKU-1005,WH-04,130,50,102,0.2
2025-08-25,SKU-1006,WH-04,96,30,57,0.2
2025-08-25,SKU-1007,WH-04,94,30,56,0.2
2025-08-25,SKU-1008,WH-04,398,80,166,0.2
2025-08-25,SKU-1009,WH-04,443,120,235,0.2
2025-08-25,SKU-1010,WH-04,78,30,57,0.2
2025-08-25,SKU-1011,WH-04,390,80,168,0.2
2025-08-25,SKU-1012,WH-04,288,80,177,0.2
2025-08-25,SKU-1013,WH-04,91,30,67,0.2
2025-08-25,SKU-1014,WH-04,589,120,257,0.2
2025-08-25,SKU-1015,WH-04,451,120,257,0.2
2025-08-25,SKU-1016,WH-04,35,50,111,0.2
2025-08-25,SKU-1017,WH-04,135,50,102,0.2
2025-08-25,SKU-1018,WH-04,300,80,144,0.2
2025-08-25,SKU-1019,WH-04,39,80,174,0.2
2025-08-25,SKU-1020,WH-04,432,120,217,0.2
2025-08-25,SKU-1021,WH-04,160,80,146,0.2
2025-08-25,SKU-1022,WH-04,133,50,103,0.2
2025-08-25,SKU-1023,WH-04,195,50,105,0.2
2025-08-25,SKU-1024,WH-04,96,120,233,0.2
2025-08-25,SKU-1025,WH-04,16,30,62,0.2
2025-08-25,SKU-1026,WH-04,70,30,55,0.2
2025-08-25,SKU-1027,WH-04,109,30,70,0.2
2025-08-25,SKU-1028,WH-04,143,30,69,0.2
2025-08-25,SKU-1029,WH-04,676,120,285,0.2
2025-08-25,SKU-1030,WH-04,240,50,103,0.2
2025-08-25,SKU-1031,WH-04,125,50,111,0.2
2025-08-25,SKU-1032,WH-04,241,80,172,0.2
2025-08-25,SKU-1033,WH-04,557,120,258,0.2
2025-08-25,SKU-1034,WH-04,148,30,65,0.2
2025-08-25,SKU-1035,WH-04,176,80,156,0.2
2025-08-25,SKU-1036,WH-04,179,50,91,0.2
2025-08-25,SKU-1037,WH-04,1,120,282,0.2
2025-08-25,SKU-1038,WH-04,398,120,268,0.2
2025-08-25,SKU-1039,WH-04,403,120,250,0.2
2025-08-25,SKU-1040,WH-04,217,80,145,0.2
2025-08-25,SKU-1041,WH-04,191,80,165,0.2
2025-08-25,SKU-1042,WH-04,502,120,252,0.2
2025-08-25,SKU-1043,WH-04,573,120,240,0.2
2025-08-25,SKU-1044,WH-04,565,120,232,0.2
2025-08-25,SKU-1045,WH-04,148,30,70,0.2
2025-08-25,SKU-1046,WH-04,172,50,101,0.2
2025-08-25,SKU-1047,WH-04,91,30,60,0.2
2025-08-25,SKU-1048,WH-04,59,80,189,0.2
2025-08-25,SKU-1049,WH-04,589,120,250,0.2
2025-08-25,SKU-1050,WH-04,379,120,270,0.2
2025-08-25,SKU-1051,WH-04,505,120,263,0.2
2025-08-25,SKU-1052,WH-04,0,120,274,0.2
2025-08-25,SKU-1053,WH-04,102,30,59,0.2
2025-08-25,SKU-1054,WH-04,5,30,54,0.2
2025-08-25,SKU-1055,WH-04,151,50,105,0.2
2025-08-25,SKU-1056,WH-04,23,50,93,0.2
2025-08-25,SKU-1057,WH-04,282,80,161,0.2
2025-08-25,SKU-1058,WH-04,127,30,63,0.2
2025-08-25,SKU-1059,WH-04,0,50,115,0.2
2025-09-01,SKU-1000,WH-01,175,50,99,0.2
2025-09-01,SKU-1001,WH-01,251,120,239,0.2
2025-09-01,SKU-1002,WH-01,139,50,117,0.2
2025-09-01,SKU-1003,WH-01,153,50,112,0.2
2025-09-01,SKU-1004,WH-01,169,50,91,0.2
2025-09-01,SKU-1005,WH-01,175,80,148,0.2
2025-09-01,SKU-1006,WH-01,192,80,159,0.2
2025-09-01,SKU-1007,WH-01,99,30,59,0.2
2025-09-01,SKU-1008,WH-01,146,30,68,0.2
2025-09-01,SKU-1009,WH-01,251,80,149,0.2
2025-09-01,SKU-1010,WH-01,421,120,238,0.2
2025-09-01,SKU-1011,WH-01,296,80,144,0.2
2025-09-01,SKU-1012,WH-01,201,80,152,0.2
2025-09-01,SKU-1013,WH-01,255,80,166,0.2
2025-09-01,SKU-1014,WH-01,164,50,106,0.2
2025-09-01,SKU-1015,WH-01,232,120,218,0.2
2025-09-01,SKU-1016,WH-01,0,50,104,0.2
2025-09-01,SKU-1017,WH-01,379,80,161,0.2
2025-09-01,SKU-1018,WH-01,226,50,116,0.2
2025-09-01,SKU-1019,WH-01,112,30,57,0.2
2025-09-01,SKU-1020,WH-01,109,30,67,0.2
2025-09-01,SKU-1021,WH-01,472,120,261,0.2
2025-09-01,SKU-1022,WH-01,143,50,90,0.2
2025-09-01,SKU-1023,WH-01,27,50,110,0.2
2025-09-01,SKU-1024,WH-01,190,50,93,0.2
2025-09-01,SKU-1025,WH-01,16,30,55,0.2
2025-09-01,SKU-1026,WH-01,0,80,185,0.2
2025-09-01,SKU-1027,WH-01,224,80,158,0.2
2025-09-01,SKU-1028,WH-01,0,120,236,0.2
2025-09-01,SKU-1029,WH-01,79,30,56,0.2
2025-09-01,SKU-1030,WH-01,205,50,105,0.2
2025-09-01,SKU-1031,WH-01,245,80,149,0.2
2025-09-01,SKU-1032,WH-01,242,50,111,0.2
2025-09-01,SKU-1033,WH-01,381,120,216,0.2
2025-09-01,SKU-1034,WH-01,42,50,106,0.2
2025-09-01,SKU-1035,WH-01,122,30,71,0.2
2025-09-01,SKU-1036,WH-01,272,80,152,0.2
2025-09-01,SKU-1037,WH-01,0,80,171,0.2
2025-09-01,SKU-1038,WH-01,180,50,94,0.2
2025-09-01,SKU-1039,WH-01,84,30,67,0.2
2025-09-01,SKU-1040,WH-01,74,30,61,0.2
2025-09-01,SKU-1041,WH-01,0,80,148,0.2
2025-09-01,SKU-1042,WH-01,0,50,113,0.2
2025-09-01,SKU-1043,WH-01,396,80,175,0.2
2025-09-01,SKU-1044,WH-01,71,30,60,0.2
2025-09-01,SKU-1045,WH-01,0,120,282,0.2
2025-09-01,SKU-1046,WH-01,123,30,68,0.2
2025-09-01,SKU-1047,WH-01,157,80,144,0.2
2025-09-01,SKU-1048,WH-01,110,50,100,0.2
2025-09-01,SKU-1049,WH-01,119,30,63,0.2
2025-09-01,SKU-1050,WH-01,263,50,117,0.2
2025-09-01,SKU-1051,WH-01,11,80,186,0.2
2025-09-01,SKU-1052,WH-01,272,80,185,0.2
2025-09-01,SKU-1053,WH-01,302,120,225,0.2
2025-09-01,SKU-1054,WH-01,355,80,164,0.2
2025-09-01,SKU-1055,WH-01,452,80,182,0.2
2025-09-01,SKU-1056,WH-01,321,80,144,0.2
2025-09-01,SKU-1057,WH-01,160,30,69,0.2
2025-09-01,SKU-1058,WH-01,157,50,99,0.2
2025-09-01,SKU-1059,WH-01,349,120,228,0.2
2025-09-01,SKU-1000,WH-02,0,80,147,0.2
2025-09-01,SKU-1001,WH-02,121,50,97,0.2
2025-09-01,SKU-1002,WH-02,205,50,92,0.2
2025-09-01,SKU-1003,WH-02,112,30,60,0.2
2025-09-01,SKU-1004,WH-02,34,80,145,0.2
2025-09-01,SKU-1005,WH-02,172,50,109,0.2
2025-09-01,SKU-1006,WH-02,210,50,111,0.2
2025-09-01,SKU-1007,WH-02,166,50,94,0.2
2025-09-01,SKU-1008,WH-02,7,30,65,0.2
2025-09-01,SKU-1009,WH-02,295,120,279,0.2
2025-09-01,SKU-1010,WH-02,156,30,69,0.2
2025-09-01,SKU-1011,WH-02,142,30,70,0.2
2025-09-01,SKU-1012,WH-02,10,30,59,0.2
2025-09-01,SKU-1013,WH-02,0,50,109,0.2
2025-09-01,SKU-1014,WH-02,236,80,176,0.2
2025-09-01,SKU-1015,WH-02,250,50,105,0.2
2025-09-01,SKU-1016,WH-02,564,120,242,0.2
2025-09-01,SKU-1017,WH-02,248,120,233,0.2
2025-09-01,SKU-1018,WH-02,515,120,277,0.2
2025-09-01,SKU-1019,WH-02,338,120,262,0.2
2025-09-01,SKU-1020,WH-02,388,120,241,0.2
2025-09-01,SKU-1021,WH-02,68,30,66,0.2
2025-09-01,SKU-1022,WH-02,59,80,178,0.2
2025-09-01,SKU-1023,WH-02,365,80,156,0.2
2025-09-01,SKU-1024,WH-02,27,50,117,0.2
2025-09-01,SKU-1025,WH-02,67,30,55,0.2
2025-09-01,SKU-1026,WH-02,125,30,67,0.2
2025-09-01,SKU-1027,WH-02,254,50,102,0.2
2025-09-01,SKU-1028,WH-02,322,120,223,0.2
2025-09-01,SKU-1029,WH-02,9,50,103,0.2
2025-09-01,SKU-1030,WH-02,178,50,96,0.2
2025-09-01,SKU-1031,WH-02,296,80,144,0.2
2025-09-01,SKU-1032,WH-02,547,120,282,0.2
2025-09-01,SKU-1033,WH-02,115,30,58,0.2
2025-09-01,SKU-1034,WH-02,206,50,111,0.2
2025-09-01,SKU-1035,WH-02,270,50,110,0.2
2025-09-01,SKU-1036,WH-02,271,80,171,0.2
2025-09-01,SKU-1037,WH-02,229,80,188,0.2
2025-09-01,SKU-1038,WH-02,130,50,102,0.2
2025-09-01,SKU-1039,WH-02,354,80,161,0.2
2025-09-01,SKU-1040,WH-02,97,30,57,0.2
2025-09-01,SKU-1041,WH-02,32,50,96,0.2
2025-09-01,SKU-1042,WH-02,187,50,97,0.2
2025-09-01,SKU-1043,WH-02,241,80,180,0.2
2025-09-01,SKU-1044,WH-02,407,80,165,0.2
2025-09-01,SKU-1045,WH-02,224,50,93,0.2
2025-09-01,SKU-1046,WH-02,91,30,59,0.2
2025-09-01,SKU-1047,WH-02,584,120,244,0.2
2025-09-01,SKU-1048,WH-02,138,50,95,0.2
2025-09-01,SKU-1049,WH-02,132,30,70,0.2
2025-09-01,SKU-1050,WH-02,51,120,254,0.2
2025-09-01,SKU-1051,WH-02,131,30,61,0.2
2025-09-01,SKU-1052,WH-02,148,50,117,0.2
2025-09-01,SKU-1053,WH-02,148,50,92,0.2
2025-09-01,SKU-1054,WH-02,276,80,157,0.2
2025-09-01,SKU-1055,WH-02,81,30,59,0.2
2025-09-01,SKU-1056,WH-02,272,120,240,0.2
2025-09-01,SKU-1057,WH-02,153,50,98,0.2
2025-09-01,SKU-1058,WH-02,5,80,159,0.2
2025-09-01,SKU-1059,WH-02,132,30,70,0.2
2025-09-01,SKU-1000,WH-03,0,30,54,0.2
2025-09-01,SKU-1001,WH-03,166,50,95,0.2
2025-09-01,SKU-1002,WH-03,376,120,226,0.2
2025-09-01,SKU-1003,WH-03,65,30,60,0.2
2025-09-01,SKU-1004,WH-03,123,50,97,0.2
2025-09-01,SKU-1005,WH-03,77,30,65,0.2
2025-09-01,SKU-1006,WH-03,373,80,153,0.2
2025-09-01,SKU-1007,WH-03,137,50,100,0.2
2025-09-01,SKU-1008,WH-03,277,120,249,0.2
2025-09-01,SKU-1009,WH-03,291,80,189,0.2
2025-09-01,SKU-1010,WH-03,68,80,180,0.2
2025-09-01,SKU-1011,WH-03,21,30,69,0.2
2025-09-01,SKU-1012,WH-03,168,50,102,0.2
2025-09-01,SKU-1013,WH-03,519,120,233,0.2
2025-09-01,SKU-1014,WH-03,60,30,59,0.2
2025-09-01,SKU-1015,WH-03,185,50,107,0.2
2025-09-01,SKU-1016,WH-03,71,30,61,0.2
2025-09-01,SKU-1017,WH-03,160,80,146,0.2
2025-09-01,SKU-1018,WH-03,107,50,100,0.2
2025-09-01,SKU-1019,WH-03,140,30,67,0.2
2025-09-01,SKU-1020,WH-03,57,30,54,0.2
2025-09-01,SKU-1021,WH-03,142,30,64,0.2
2025-09-01,SKU-1022,WH-03,545,120,271,0.2
2025-09-01,SKU-1023,WH-03,130,30,59,0.2
2025-09-01,SKU-1024,WH-03,302,120,285,0.2
2025-09-01,SKU-1025,WH-03,639,120,271,0.2
2025-09-01,SKU-1026,WH-03,0,30,62,0.2
2025-09-01,SKU-1027,WH-03,70,120,263,0.2
2025-09-01,SKU-1028,WH-03,190,80,179,0.2
2025-09-01,SKU-1029,WH-03,307,80,167,0.2
2025-09-01,SKU-1030,WH-03,315,80,145,0.2
2025-09-01,SKU-1031,WH-03,90,30,64,0.2
2025-09-01,SKU-1032,WH-03,311,120,258,0.2
2025-09-01,SKU-1033,WH-03,114,30,68,0.2
2025-09-01,SKU-1034,WH-03,211,50,101,0.2
2025-09-01,SKU-1035,WH-03,97,30,63,0.2
2025-09-01,SKU-1036,WH-03,523,120,234,0.2
2025-09-01,SKU-1037,WH-03,0,80,173,0.2
2025-09-01,SKU-1038,WH-03,144,30,61,0.2
2025-09-01,SKU-1039,WH-03,285,120,253,0.2
2025-09-01,SKU-1040,WH-03,175,50,101,0.2
2025-09-01,SKU-1041,WH-03,329,120,219,0.2
2025-09-01,SKU-1042,WH-03,135,50,119,0.2
2025-09-01,SKU-1043,WH-03,75,30,63,0.2
2025-09-01,SKU-1044,WH-03,10,80,166,0.2
2025-09-01,SKU-1045,WH-03,0,30,54,0.2
2025-09-01,SKU-1046,WH-03,244,80,160,0.2
2025-09-01,SKU-1047,WH-03,136,30,57,0.2
2025-09-01,SKU-1048,WH-03,352,120,224,0.2
2025-09-01,SKU-1049,WH-03,123,30,61,0.2
2025-09-01,SKU-1050,WH-03,226,80,179,0.2
2025-09-01,SKU-1051,WH-03,478,120,241,0.2
2025-09-01,SKU-1052,WH-03,81,30,67,0.2
2025-09-01,SKU-1053,WH-03,128,30,58,0.2
2025-09-01,SKU-1054,WH-03,398,80,168,0.2
2025-09-01,SKU-1055,WH-03,160,50,98,0.2
2025-09-01,SKU-1056,WH-03,192,80,191,0.2
2025-09-01,SKU-1057,WH-03,87,30,55,0.2
2025-09-01,SKU-1058,WH-03,0,120,285,0.2
2025-09-01,SKU-1059,WH-03,210,80,150,0.2
2025-09-01,SKU-1000,WH-04,50,80,182,0.2
2025-09-01,SKU-1001,WH-04,85,30,69,0.2
2025-09-01,SKU-1002,WH-04,464,120,237,0.2
2025-09-01,SKU-1003,WH-04,225,80,172,0.2
2025-09-01,SKU-1004,WH-04,94,30,59,0.2
2025-09-01,SKU-1005,WH-04,488,120,267,0.2
2025-09-01,SKU-1006,WH-04,104,50,100,0.2
2025-09-01,SKU-1007,WH-04,2,80,184,0.2
2025-09-01,SKU-1008,WH-04,200,50,115,0.2
2025-09-01,SKU-1009,WH-04,274,80,183,0.2
2025-09-01,SKU-1010,WH-04,131,30,68,0.2
2025-09-01,SKU-1011,WH-04,63,80,159,0.2
2025-09-01,SKU-1012,WH-04,255,120,230,0.2
2025-09-01,SKU-1013,WH-04,200,50,103,0.2
2025-09-01,SKU-1014,WH-04,270,120,223,0.2
2025-09-01,SKU-1015,WH-04,203,80,175,0.2
2025-09-01,SKU-1016,WH-04,416,80,168,0.2
2025-09-01,SKU-1017,WH-04,545,120,275,0.2
2025-09-01,SKU-1018,WH-04,588,120,252,0.2
2025-09-01,SKU-1019,WH-04,353,120,257,0.2
2025-09-01,SKU-1020,WH-04,78,120,280,0.2
2025-09-01,SKU-1021,WH-04,262,50,119,0.2
2025-09-01,SKU-1022,WH-04,579,120,278,0.2
2025-09-01,SKU-1023,WH-04,554,120,237,0.2
2025-09-01,SKU-1024,WH-04,192,50,113,0.2
2025-09-01,SKU-1025,WH-04,114,50,109,0.2
2025-09-01,SKU-1026,WH-04,479,120,283,0.2
2025-09-01,SKU-1027,WH-04,0,50,112,0.2
2025-09-01,SKU-1028,WH-04,191,80,161,0.2
2025-09-01,SKU-1029,WH-04,196,80,151,0.2
2025-09-01,SKU-1030,WH-04,56,80,148,0.2
2025-09-01,SKU-1031,WH-04,33,120,227,0.2
2025-09-01,SKU-1032,WH-04,33,50,111,0.2
2025-09-01,SKU-1033,WH-04,28,50,118,0.2
2025-09-01,SKU-1034,WH-04,527,120,231,0.2
2025-09-01,SKU-1035,WH-04,18,30,57,0.2
2025-09-01,SKU-1036,WH-04,335,80,158,0.2
2025-09-01,SKU-1037,WH-04,145,30,69,0.2
2025-09-01,SKU-1038,WH-04,68,30,56,0.2
2025-09-01,SKU-1039,WH-04,316,80,158,0.2
2025-09-01,SKU-1040,WH-04,224,50,95,0.2
2025-09-01,SKU-1041,WH-04,154,50,91,0.2
2025-09-01,SKU-1042,WH-04,160,50,93,0.2
2025-09-01,SKU-1043,WH-04,416,120,238,0.2
2025-09-01,SKU-1044,WH-04,281,80,151,0.2
2025-09-01,SKU-1045,WH-04,0,30,57,0.2
2025-09-01,SKU-1046,WH-04,451,120,263,0.2
2025-09-01,SKU-1047,WH-04,573,120,234,0.2
2025-09-01,SKU-1048,WH-04,113,30,62,0.2
2025-09-01,SKU-1049,WH-04,138,50,99,0.2
2025-09-01,SKU-1050,WH-04,114,30,67,0.2
2025-09-01,SKU-1051,WH-04,8,120,251,0.2
2025-09-01,SKU-1052,WH-04,176,50,90,0.2
2025-09-01,SKU-1053,WH-04,126,30,71,0.2
2025-09-01,SKU-1054,WH-04,107,50,90,0.2
2025-09-01,SKU-1055,WH-04,6,30,68,0.2
2025-09-01,SKU-1056,WH-04,448,120,271,0.2
2025-09-01,SKU-1057,WH-04,537,120,252,0.2
2025-09-01,SKU-1058,WH-04,569,120,257,0.2
2025-09-01,SKU-1059,WH-04,554,120,229,0.2
2025-09-08,SKU-1000,WH-01,105,30,67,0.2
2025-09-08,SKU-1001,WH-01,0,50,104,0.2
2025-09-08,SKU-1002,WH-01,170,50,114,0.2
2025-09-08,SKU-1003,WH-01,100,50,95,0.2
2025-09-08,SKU-1004,WH-01,478,120,271,0.2
2025-09-08,SKU-1005,WH-01,45,50,90,0.2
2025-09-08,SKU-1006,WH-01,346,120,261,0.2
2025-09-08,SKU-1007,WH-01,95,30,58,0.2
2025-09-08,SKU-1008,WH-01,186,50,104,0.2
2025-09-08,SKU-1009,WH-01,0,120,275,0.2
2025-09-08,SKU-1010,WH-01,90,120,263,0.2
2025-09-08,SKU-1011,WH-01,416,120,259,0.2
2025-09-08,SKU-1012,WH-01,183,50,96,0.2
2025-09-08,SKU-1013,WH-01,379,80,190,0.2
2025-09-08,SKU-1014,WH-01,165,50,93,0.2
2025-09-08,SKU-1015,WH-01,388,120,241,0.2
2025-09-08,SKU-1016,WH-01,119,50,96,0.2
2025-09-08,SKU-1017,WH-01,433,120,276,0.2
2025-09-08,SKU-1018,WH-01,212,50,102,0.2
2025-09-08,SKU-1019,WH-01,598,120,240,0.2
2025-09-08,SKU-1020,WH-01,0,80,175,0.2
2025-09-08,SKU-1021,WH-01,197,50,101,0.2
2025-09-08,SKU-1022,WH-01,112,30,61,0.2
2025-09-08,SKU-1023,WH-01,148,50,91,0.2
2025-09-08,SKU-1024,WH-01,107,50,96,0.2
2025-09-08,SKU-1025,WH-01,0,50,96,0.2
2025-09-08,SKU-1026,WH-01,466,120,233,0.2
2025-09-08,SKU-1027,WH-01,389,120,269,0.2
2025-09-08,SKU-1028,WH-01,0,50,109,0.2
2025-09-08,SKU-1029,WH-01,521,120,244,0.2
2025-09-08,SKU-1030,WH-01,195,80,176,0.2
2025-09-08,SKU-1031,WH-01,26,50,108,0.2
2025-09-08,SKU-1032,WH-01,324,120,229,0.2
2025-09-08,SKU-1033,WH-01,241,80,162,0.2
2025-09-08,SKU-1034,WH-01,242,80,161,0.2
2025-09-08,SKU-1035,WH-01,61,80,189,0.2
2025-09-08,SKU-1036,WH-01,106,30,57,0.2
2025-09-08,SKU-1037,WH-01,121,50,118,0.2
2025-09-08,SKU-1038,WH-01,231,50,108,0.2
2025-09-08,SKU-1039,WH-01,282,120,271,0.2
2025-09-08,SKU-1040,WH-01,152,50,108,0.2
2025-09-08,SKU-1041,WH-01,116,30,56,0.2
2025-09-08,SKU-1042,WH-01,47,120,274,0.2
2025-09-08,SKU-1043,WH-01,453,120,230,0.2
2025-09-08,SKU-1044,WH-01,77,30,56,0.2
2025-09-08,SKU-1045,WH-01,116,30,61,0.2
2025-09-08,SKU-1046,WH-01,150,80,149,0.2
2025-09-08,SKU-1047,WH-01,293,120,254,0.2
2025-09-08,SKU-1048,WH-01,60,30,58,0.2
2025-09-08,SKU-1049,WH-01,163,50,115,0.2
2025-09-08,SKU-1050,WH-01,71,30,54,0.2
2025-09-08,SKU-1051,WH-01,62,30,60,0.2
2025-09-08,SKU-1052,WH-01,398,120,284,0.2
2025-09-08,SKU-1053,WH-01,4,30,60,0.2
2025-09-08,SKU-1054,WH-01,287,80,187,0.2
2025-09-08,SKU-1055,WH-01,543,120,282,0.2
2025-09-08,SKU-1056,WH-01,6,30,71,0.2
2025-09-08,SKU-1057,WH-01,179,50,119,0.2
2025-09-08,SKU-1058,WH-01,263,80,187,0.2
2025-09-08,SKU-1059,WH-01,283,80,175,0.2
2025-09-08,SKU-1000,WH-02,302,80,156,0.2
2025-09-08,SKU-1001,WH-02,437,80,191,0.2
2025-09-08,SKU-1002,WH-02,172,30,70,0.2
2025-09-08,SKU-1003,WH-02,102,30,58,0.2
2025-09-08,SKU-1004,WH-02,120,30,60,0.2
2025-09-08,SKU-1005,WH-02,0,120,224,0.2
2025-09-08,SKU-1006,WH-02,207,80,164,0.2
2025-09-08,SKU-1007,WH-02,6,30,55,0.2
2025-09-08,SKU-1008,WH-02,341,80,148,0.2
2025-09-08,SKU-1009,WH-02,218,50,96,0.2
2025-09-08,SKU-1010,WH-02,223,80,173,0.2
2025-09-08,SKU-1011,WH-02,182,80,149,0.2
2025-09-08,SKU-1012,WH-02,83,30,62,0.2
2025-09-08,SKU-1013,WH-02,0,30,66,0.2
2025-09-08,SKU-1014,WH-02,109,30,58,0.2
2025-09-08,SKU-1015,WH-02,582,120,239,0.2
2025-09-08,SKU-1016,WH-02,335,80,153,0.2
2025-09-08,SKU-1017,WH-02,225,80,173,0.2
2025-09-08,SKU-1018,WH-02,295,80,146,0.2
2025-09-08,SKU-1019,WH-02,266,50,109,0.2
2025-09-08,SKU-1020,WH-02,0,30,62,0.2
2025-09-08,SKU-1021,WH-02,357,120,272,0.2
2025-09-08,SKU-1022,WH-02,431,80,188,0.2
2025-09-08,SKU-1023,WH-02,427,80,184,0.2
2025-09-08,SKU-1024,WH-02,62,30,57,0.2
2025-09-08,SKU-1025,WH-02,81,30,63,0.2
2025-09-08,SKU-1026,WH-02,127,30,61,0.2
2025-09-08,SKU-1027,WH-02,349,120,251,0.2
2025-09-08,SKU-1028,WH-02,22,50,98,0.2
2025-09-08,SKU-1029,WH-02,339,120,277,0.2
2025-09-08,SKU-1030,WH-02,20,50,101,0.2
2025-09-08,SKU-1031,WH-02,323,80,188,0.2
2025-09-08,SKU-1032,WH-02,237,80,159,0.2
2025-09-08,SKU-1033,WH-02,250,120,232,0.2
2025-09-08,SKU-1034,WH-02,128,30,55,0.2
2025-09-08,SKU-1035,WH-02,220,50,96,0.2
2025-09-08,SKU-1036,WH-02,397,120,217,0.2
2025-09-08,SKU-1037,WH-02,154,30,67,0.2
2025-09-08,SKU-1038,WH-02,222,80,161,0.2
2025-09-08,SKU-1039,WH-02,346,80,183,0.2
2025-09-08,SKU-1040,WH-02,77,30,63,0.2
2025-09-08,SKU-1041,WH-02,438,80,185,0.2
2025-09-08,SKU-1042,WH-02,132,50,105,0.2
2025-09-08,SKU-1043,WH-02,130,30,69,0.2
2025-09-08,SKU-1044,WH-02,187,80,178,0.2
2025-09-08,SKU-1045,WH-02,150,30,66,0.2
2025-09-08,SKU-1046,WH-02,85,30,62,0.2
2025-09-08,SKU-1047,WH-02,194,50,102,0.2
2025-09-08,SKU-1048,WH-02,545,120,273,0.2
2025-09-08,SKU-1049,WH-02,204,80,164,0.2
2025-09-08,SKU-1050,WH-02,31,50,114,0.2
2025-09-08,SKU-1051,WH-02,38,80,155,0.2
2025-09-08,SKU-1052,WH-02,4,80,178,0.2
2025-09-08,SKU-1053,WH-02,160,80,152,0.2
2025-09-08,SKU-1054,WH-02,0,50,105,0.2
2025-09-08,SKU-1055,WH-02,181,80,178,0.2
2025-09-08,SKU-1056,WH-02,358,80,154,0.2
2025-09-08,SKU-1057,WH-02,249,50,101,0.2
2025-09-08,SKU-1058,WH-02,629,120,263,0.2
2025-09-08,SKU-1059,WH-02,359,120,239,0.2
2025-09-08,SKU-1000,WH-03,116,50,113,0.2
2025-09-08,SKU-1001,WH-03,246,50,112,0.2
2025-09-08,SKU-1002,WH-03,198,50,104,0.2
2025-09-08,SKU-1003,WH-03,94,30,59,0.2
2025-09-08,SKU-1004,WH-03,252,80,144,0.2
2025-09-08,SKU-1005,WH-03,169,50,100,0.2
2025-09-08,SKU-1006,WH-03,201,80,149,0.2
2025-09-08,SKU-1007,WH-03,51,80,160,0.2
2025-09-08,SKU-1008,WH-03,159,50,93,0.2
2025-09-08,SKU-1009,WH-03,145,30,63,0.2
2025-09-08,SKU-1010,WH-03,142,30,63,0.2
2025-09-08,SKU-1011,WH-03,73,80,166,0.2
2025-09-08,SKU-1012,WH-03,182,50,90,0.2
2025-09-08,SKU-1013,WH-03,216,50,105,0.2
2025-09-08,SKU-1014,WH-03,432,80,184,0.2
2025-09-08,SKU-1015,WH-03,79,30,54,0.2
2025-09-08,SKU-1016,WH-03,134,50,95,0.2
2025-09-08,SKU-1017,WH-03,0,30,61,0.2
2025-09-08,SKU-1018,WH-03,198,50,100,0.2
2025-09-08,SKU-1019,WH-03,660,120,282,0.2
2025-09-08,SKU-1020,WH-03,4,50,114,0.2
2025-09-08,SKU-1021,WH-03,303,80,178,0.2
2025-09-08,SKU-1022,WH-03,422,120,233,0.2
2025-09-08,SKU-1023,WH-03,31,120,271,0.2
2025-09-08,SKU-1024,WH-03,461,120,261,0.2
2025-09-08,SKU-1025,WH-03,281,120,267,0.2
2025-09-08,SKU-1026,WH-03,71,120,217,0.2
2025-09-08,SKU-1027,WH-03,479,120,232,0.2
2025-09-08,SKU-1028,WH-03,346,80,153,0.2
2025-09-08,SKU-1029,WH-03,250,80,155,0.2
2025-09-08,SKU-1030,WH-03,240,80,189,0.2
2025-09-08,SKU-1031,WH-03,106,50,101,0.2
2025-09-08,SKU-1032,WH-03,143,30,63,0.2
2025-09-08,SKU-1033,WH-03,351,80,165,0.2
2025-09-08,SKU-1034,WH-03,71,30,59,0.2
2025-09-08,SKU-1035,WH-03,129,30,68,0.2
2025-09-08,SKU-1036,WH-03,0,120,256,0.2
2025-09-08,SKU-1037,WH-03,381,80,167,0.2
2025-09-08,SKU-1038,WH-03,104,120,258,0.2
2025-09-08,SKU-1039,WH-03,5,50,118,0.2
2025-09-08,SKU-1040,WH-03,87,30,66,0.2
2025-09-08,SKU-1041,WH-03,234,50,105,0.2
2025-09-08,SKU-1042,WH-03,237,50,108,0.2
2025-09-08,SKU-1043,WH-03,174,80,151,0.2
2025-09-08,SKU-1044,WH-03,204,80,174,0.2
2025-09-08,SKU-1045,WH-03,337,80,145,0.2
2025-09-08,SKU-1046,WH-03,0,80,176,0.2
2025-09-08,SKU-1047,WH-03,225,50,114,0.2
2025-09-08,SKU-1048,WH-03,26,50,93,0.2
2025-09-08,SKU-1049,WH-03,189,80,147,0.2
2025-09-08,SKU-1050,WH-03,114,30,68,0.2
2025-09-08,SKU-1051,WH-03,587,120,238,0.2
2025-09-08,SKU-1052,WH-03,199,50,114,0.2
2025-09-08,SKU-1053,WH-03,207,80,151,0.2
2025-09-08,SKU-1054,WH-03,236,80,160,0.2
2025-09-08,SKU-1055,WH-03,73,30,67,0.2
2025-09-08,SKU-1056,WH-03,185,50,103,0.2
2025-09-08,SKU-1057,WH-03,103,30,68,0.2
2025-09-08,SKU-1058,WH-03,392,120,254,0.2
2025-09-08,SKU-1059,WH-03,365,80,170,0.2
2025-09-08,SKU-1000,WH-04,400,80,168,0.2
2025-09-08,SKU-1001,WH-04,61,30,54,0.2
2025-09-08,SKU-1002,WH-04,71,120,269,0.2
2025-09-08,SKU-1003,WH-04,133,30,61,0.2
2025-09-08,SKU-1004,WH-04,230,80,170,0.2
2025-09-08,SKU-1005,WH-04,0,120,250,0.2
2025-09-08,SKU-1006,WH-04,60,30,56,0.2
2025-09-08,SKU-1007,WH-04,262,80,181,0.2
2025-09-08,SKU-1008,WH-04,18,30,59,0.2
2025-09-08,SKU-1009,WH-04,500,120,286,0.2
2025-09-08,SKU-1010,WH-04,200,80,187,0.2
2025-09-08,SKU-1011,WH-04,167,50,111,0.2
2025-09-08,SKU-1012,WH-04,129,30,57,0.2
2025-09-08,SKU-1013,WH-04,583,120,243,0.2
2025-09-08,SKU-1014,WH-04,255,80,147,0.2
2025-09-08,SKU-1015,WH-04,419,120,217,0.2
2025-09-08,SKU-1016,WH-04,203,50,92,0.2
2025-09-08,SKU-1017,WH-04,130,30,66,0.2
2025-09-08,SKU-1018,WH-04,208,80,189,0.2
2025-09-08,SKU-1019,WH-04,129,50,106,0.2
2025-09-08,SKU-1020,WH-04,51,120,220,0.2
2025-09-08,SKU-1021,WH-04,159,50,118,0.2
2025-09-08,SKU-1022,WH-04,177,80,147,0.2
2025-09-08,SKU-1023,WH-04,339,120,254,0.2
2025-09-08,SKU-1024,WH-04,346,80,152,0.2
2025-09-08,SKU-1025,WH-04,92,30,62,0.2
2025-09-08,SKU-1026,WH-04,86,30,67,0.2
2025-09-08,SKU-1027,WH-04,124,50,95,0.2
2025-09-08,SKU-1028,WH-04,135,30,69,0.2
2025-09-08,SKU-1029,WH-04,444,80,184,0.2
2025-09-08,SKU-1030,WH-04,48,120,243,0.2
2025-09-08,SKU-1031,WH-04,89,30,54,0.2
2025-09-08,SKU-1032,WH-04,78,30,66,0.2
2025-09-08,SKU-1033,WH-04,340,80,149,0.2
2025-09-08,SKU-1034,WH-04,606,120,284,0.2
2025-09-08,SKU-1035,WH-04,236,50,115,0.2
2025-09-08,SKU-1036,WH-04,95,120,242,0.2
2025-09-08,SKU-1037,WH-04,12,50,118,0.2
2025-09-08,SKU-1038,WH-04,169,50,108,0.2
2025-09-08,SKU-1039,WH-04,327,120,282,0.2
2025-09-08,SKU-1040,WH-04,195,80,161,0.2
2025-09-08,SKU-1041,WH-04,45,50,102,0.2
2025-09-08,SKU-1042,WH-04,84,30,59,0.2
2025-09-08,SKU-1043,WH-04,208,80,152,0.2
2025-09-08,SKU-1044,WH-04,358,80,176,0.2
2025-09-08,SKU-1045,WH-04,239,50,113,0.2
2025-09-08,SKU-1046,WH-04,137,50,96,0.2
2025-09-08,SKU-1047,WH-04,194,80,178,0.2
2025-09-08,SKU-1048,WH-04,16,50,106,0.2
2025-09-08,SKU-1049,WH-04,200,50,91,0.2
2025-09-08,SKU-1050,WH-04,289,80,156,0.2
2025-09-08,SKU-1051,WH-04,85,30,65,0.2
2025-09-08,SKU-1052,WH-04,287,50,117,0.2
2025-09-08,SKU-1053,WH-04,69,30,69,0.2
2025-09-08,SKU-1054,WH-04,311,80,147,0.2
2025-09-08,SKU-1055,WH-04,349,80,156,0.2
2025-09-08,SKU-1056,WH-04,101,30,63,0.2
2025-09-08,SKU-1057,WH-04,144,50,95,0.2
2025-09-08,SKU-1058,WH-04,21,120,246,0.2
2025-09-08,SKU-1059,WH-04,136,30,68,0.2
2025-09-15,SKU-1000,WH-01,124,50,108,0.2
2025-09-15,SKU-1001,WH-01,565,120,285,0.2
2025-09-15,SKU-1002,WH-01,285,80,159,0.2
2025-09-15,SKU-1003,WH-01,173,50,105,0.2
2025-09-15,SKU-1004,WH-01,264,50,108,0.2
2025-09-15,SKU-1005,WH-01,154,30,63,0.2
2025-09-15,SKU-1006,WH-01,78,80,147,0.2
2025-09-15,SKU-1007,WH-01,132,30,61,0.2
2025-09-15,SKU-1008,WH-01,113,50,96,0.2
2025-09-15,SKU-1009,WH-01,344,80,150,0.2
2025-09-15,SKU-1010,WH-01,230,50,101,0.2
2025-09-15,SKU-1011,WH-01,1,30,57,0.2
2025-09-15,SKU-1012,WH-01,180,50,115,0.2
2025-09-15,SKU-1013,WH-01,361,80,159,0.2
2025-09-15,SKU-1014,WH-01,103,30,55,0.2
2025-09-15,SKU-1015,WH-01,406,120,223,0.2
2025-09-15,SKU-1016,WH-01,27,50,99,0.2
2025-09-15,SKU-1017,WH-01,231,50,97,0.2
2025-09-15,SKU-1018,WH-01,62,80,146,0.2
2025-09-15,SKU-1019,WH-01,30,80,184,0.2
2025-09-15,SKU-1020,WH-01,115,30,60,0.2
2025-09-15,SKU-1021,WH-01,306,80,146,0.2
2025-09-15,SKU-1022,WH-01,151,50,106,0.2
2025-09-15,SKU-1023,WH-01,361,80,147,0.2
2025-09-15,SKU-1024,WH-01,235,50,101,0.2
2025-09-15,SKU-1025,WH-01,544,120,234,0.2
2025-09-15,SKU-1026,WH-01,227,80,174,0.2
2025-09-15,SKU-1027,WH-01,126,30,62,0.2
2025-09-15,SKU-1028,WH-01,169,50,95,0.2
2025-09-15,SKU-1029,WH-01,339,80,190,0.2
2025-09-15,SKU-1030,WH-01,150,30,71,0.2
2025-09-15,SKU-1031,WH-01,219,80,153,0.2
2025-09-15,SKU-1032,WH-01,280,80,145,0.2
2025-09-15,SKU-1033,WH-01,126,50,96,0.2
2025-09-15,SKU-1034,WH-01,247,50,103,0.2
2025-09-15,SKU-1035,WH-01,609,120,281,0.2
2025-09-15,SKU-1036,WH-01,8,30,64,0.2
2025-09-15,SKU-1037,WH-01,75,30,60,0.2
2025-09-15,SKU-1038,WH-01,175,80,175,0.2
2025-09-15,SKU-1039,WH-01,230,50,111,0.2
2025-09-15,SKU-1040,WH-01,38,80,153,0.2
2025-09-15,SKU-1041,WH-01,1,50,100,0.2
2025-09-15,SKU-1042,WH-01,0,30,57,0.2
2025-09-15,SKU-1043,WH-01,70,30,63,0.2
2025-09-15,SKU-1044,WH-01,0,30,56,0.2
2025-09-15,SKU-1045,WH-01,99,30,63,0.2
2025-09-15,SKU-1046,WH-01,225,50,102,0.2
2025-09-15,SKU-1047,WH-01,424,120,223,0.2
2025-09-15,SKU-1048,WH-01,242,50,104,0.2
2025-09-15,SKU-1049,WH-01,29,50,98,0.2
2025-09-15,SKU-1050,WH-01,437,120,280,0.2
2025-09-15,SKU-1051,WH-01,165,50,106,0.2
2025-09-15,SKU-1052,WH-01,290,50,117,0.2
2025-09-15,SKU-1053,WH-01,123,30,61,0.2
2025-09-15,SKU-1054,WH-01,309,120,278,0.2
2025-09-15,SKU-1055,WH-01,137,30,61,0.2
2025-09-15,SKU-1056,WH-01,139,30,65,0.2
2025-09-15,SKU-1057,WH-01,85,120,230,0.2
2025-09-15,SKU-1058,WH-01,340,120,279,0.2
2025-09-15,SKU-1059,WH-01,441,80,191,0.2
2025-09-15,SKU-1000,WH-02,136,30,64,0.2
2025-09-15,SKU-1001,WH-02,161,50,117,0.2
2025-09-15,SKU-1002,WH-02,194,50,110,0.2
2025-09-15,SKU-1003,WH-02,451,120,257,0.2
2025-09-15,SKU-1004,WH-02,425,120,244,0.2
2025-09-15,SKU-1005,WH-02,60,30,59,0.2
2025-09-15,SKU-1006,WH-02,131,50,90,0.2
2025-09-15,SKU-1007,WH-02,44,80,188,0.2
2025-09-15,SKU-1008,WH-02,99,30,69,0.2
2025-09-15,SKU-1009,WH-02,334,80,152,0.2
2025-09-15,SKU-1010,WH-02,280,80,164,0.2
2025-09-15,SKU-1011,WH-02,42,120,241,0.2
2025-09-15,SKU-1012,WH-02,112,30,61,0.2
2025-09-15,SKU-1013,WH-02,224,80,187,0.2
2025-09-15,SKU-1014,WH-02,97,30,60,0.2
2025-09-15,SKU-1015,WH-02,103,30,58,0.2
2025-09-15,SKU-1016,WH-02,0,80,173,0.2
2025-09-15,SKU-1017,WH-02,44,50,107,0.2
2025-09-15,SKU-1018,WH-02,320,120,218,0.2
2025-09-15,SKU-1019,WH-02,67,80,163,0.2
2025-09-15,SKU-1020,WH-02,212,50,116,0.2
2025-09-15,SKU-1021,WH-02,198,80,144,0.2
2025-09-15,SKU-1022,WH-02,675,120,278,0.2
2025-09-15,SKU-1023,WH-02,148,30,66,0.2
2025-09-15,SKU-1024,WH-02,41,50,91,0.2
2025-09-15,SKU-1025,WH-02,431,80,173,0.2
2025-09-15,SKU-1026,WH-02,607,120,251,0.2
2025-09-15,SKU-1027,WH-02,155,50,98,0.2
2025-09-15,SKU-1028,WH-02,172,30,70,0.2
2025-09-15,SKU-1029,WH-02,70,30,57,0.2
2025-09-15,SKU-1030,WH-02,221,50,103,0.2
2025-09-15,SKU-1031,WH-02,271,120,225,0.2
2025-09-15,SKU-1032,WH-02,434,80,179,0.2
2025-09-15,SKU-1033,WH-02,230,50,105,0.2
2025-09-15,SKU-1034,WH-02,244,80,155,0.2
2025-09-15,SKU-1035,WH-02,109,30,68,0.2
2025-09-15,SKU-1036,WH-02,225,50,106,0.2
2025-09-15,SKU-1037,WH-02,144,50,109,0.2
2025-09-15,SKU-1038,WH-02,209,50,105,0.2
2025-09-15,SKU-1039,WH-02,274,80,181,0.2
2025-09-15,SKU-1040,WH-02,470,120,251,0.2
2025-09-15,SKU-1041,WH-02,335,120,221,0.2
2025-09-15,SKU-1042,WH-02,223,50,102,0.2
2025-09-15,SKU-1043,WH-02,384,80,158,0.2
2025-09-15,SKU-1044,WH-02,364,120,222,0.2
2025-09-15,SKU-1045,WH-02,599,120,251,0.2
2025-09-15,SKU-1046,WH-02,436,120,226,0.2
2025-09-15,SKU-1047,WH-02,15,120,232,0.2
2025-09-15,SKU-1048,WH-02,417,120,280,0.2
2025-09-15,SKU-1049,WH-02,523,120,236,0.2
2025-09-15,SKU-1050,WH-02,130,30,62,0.2
2025-09-15,SKU-1051,WH-02,524,120,266,0.2
2025-09-15,SKU-1052,WH-02,238,50,104,0.2
2025-09-15,SKU-1053,WH-02,89,30,63,0.2
2025-09-15,SKU-1054,WH-02,82,30,64,0.2
2025-09-15,SKU-1055,WH-02,270,50,114,0.2
2025-09-15,SKU-1056,WH-02,240,50,117,0.2
2025-09-15,SKU-1057,WH-02,277,50,118,0.2
2025-09-15,SKU-1058,WH-02,170,50,91,0.2
2025-09-15,SKU-1059,WH-02,396,80,169,0.2
2025-09-15,SKU-1000,WH-03,581,120,249,0.2
2025-09-15,SKU-1001,WH-03,0,30,62,0.2
2025-09-15,SKU-1002,WH-03,517,120,240,0.2
2025-09-15,SKU-1003,WH-03,59,30,54,0.2
2025-09-15,SKU-1004,WH-03,198,50,100,0.2
2025-09-15,SKU-1005,WH-03,200,80,151,0.2
2025-09-15,SKU-1006,WH-03,262,80,173,0.2
2025-09-15,SKU-1007,WH-03,322,120,222,0.2
2025-09-15,SKU-1008,WH-03,233,80,175,0.2
2025-09-15,SKU-1009,WH-03,112,50,106,0.2
2025-09-15,SKU-1010,WH-03,96,30,56,0.2
2025-09-15,SKU-1011,WH-03,4,30,57,0.2
2025-09-15,SKU-1012,WH-03,600,120,269,0.2
2025-09-15,SKU-1013,WH-03,80,30,67,0.2
2025-09-15,SKU-1014,WH-03,132,50,109,0.2
2025-09-15,SKU-1015,WH-03,133,30,58,0.2
2025-09-15,SKU-1016,WH-03,195,50,113,0.2
2025-09-15,SKU-1017,WH-03,242,50,97,0.2
2025-09-15,SKU-1018,WH-03,333,120,262,0.2
2025-09-15,SKU-1019,WH-03,81,30,63,0.2
2025-09-15,SKU-1020,WH-03,15,30,57,0.2
2025-09-15,SKU-1021,WH-03,33,80,149,0.2
2025-09-15,SKU-1022,WH-03,214,80,177,0.2
2025-09-15,SKU-1023,WH-03,153,30,65,0.2
2025-09-15,SKU-1024,WH-03,221,80,173,0.2
2025-09-15,SKU-1025,WH-03,1,120,226,0.2
2025-09-15,SKU-1026,WH-03,94,50,94,0.2
2025-09-15,SKU-1027,WH-03,170,50,109,0.2
2025-09-15,SKU-1028,WH-03,97,30,64,0.2
2025-09-15,SKU-1029,WH-03,620,120,271,0.2
2025-09-15,SKU-1030,WH-03,275,50,111,0.2
2025-09-15,SKU-1031,WH-03,3,30,64,0.2
2025-09-15,SKU-1032,WH-03,106,30,63,0.2
2025-09-15,SKU-1033,WH-03,264,120,238,0.2
2025-09-15,SKU-1034,WH-03,383,80,158,0.2
2025-09-15,SKU-1035,WH-03,0,80,155,0.2
2025-09-15,SKU-1036,WH-03,145,30,68,0.2
2025-09-15,SKU-1037,WH-03,306,120,287,0.2
2025-09-15,SKU-1038,WH-03,120,30,64,0.2
2025-09-15,SKU-1039,WH-03,139,50,113,0.2
2025-09-15,SKU-1040,WH-03,195,80,170,0.2
2025-09-15,SKU-1041,WH-03,72,30,57,0.2
2025-09-15,SKU-1042,WH-03,10,50,96,0.2
2025-09-15,SKU-1043,WH-03,14,30,58,0.2
2025-09-15,SKU-1044,WH-03,244,50,102,0.2
2025-09-15,SKU-1045,WH-03,120,30,59,0.2
2025-09-15,SKU-1046,WH-03,16,30,64,0.2
2025-09-15,SKU-1047,WH-03,262,120,216,0.2
2025-09-15,SKU-1048,WH-03,0,80,186,0.2
2025-09-15,SKU-1049,WH-03,142,30,60,0.2
2025-09-15,SKU-1050,WH-03,135,30,55,0.2
2025-09-15,SKU-1051,WH-03,241,50,106,0.2
2025-09-15,SKU-1052,WH-03,374,120,220,0.2
2025-09-15,SKU-1053,WH-03,160,30,68,0.2
2025-09-15,SKU-1054,WH-03,99,30,54,0.2
2025-09-15,SKU-1055,WH-03,200,50,110,0.2
2025-09-15,SKU-1056,WH-03,90,30,56,0.2
2025-09-15,SKU-1057,WH-03,81,30,58,0.2
2025-09-15,SKU-1058,WH-03,143,30,66,0.2
2025-09-15,SKU-1059,WH-03,175,50,92,0.2
2025-09-15,SKU-1000,WH-04,106,50,103,0.2
2025-09-15,SKU-1001,WH-04,247,50,110,0.2
2025-09-15,SKU-1002,WH-04,301,120,272,0.2
2025-09-15,SKU-1003,WH-04,108,120,256,0.2
2025-09-15,SKU-1004,WH-04,121,50,109,0.2
2025-09-15,SKU-1005,WH-04,319,80,149,0.2
2025-09-15,SKU-1006,WH-04,197,80,186,0.2
2025-09-15,SKU-1007,WH-04,471,120,224,0.2
2025-09-15,SKU-1008,WH-04,240,50,100,0.2
2025-09-15,SKU-1009,WH-04,347,80,163,0.2
2025-09-15,SKU-1010,WH-04,129,30,64,0.2
2025-09-15,SKU-1011,WH-04,113,30,71,0.2
2025-09-15,SKU-1012,WH-04,248,80,185,0.2
2025-09-15,SKU-1013,WH-04,319,80,163,0.2
2025-09-15,SKU-1014,WH-04,232,80,170,0.2
2025-09-15,SKU-1015,WH-04,373,120,268,0.2
2025-09-15,SKU-1016,WH-04,487,120,218,0.2
2025-09-15,SKU-1017,WH-04,77,30,57,0.2
2025-09-15,SKU-1018,WH-04,27,80,148,0.2
2025-09-15,SKU-1019,WH-04,376,120,285,0.2
2025-09-15,SKU-1020,WH-04,2,30,61,0.2
2025-09-15,SKU-1021,WH-04,220,80,145,0.2
2025-09-15,SKU-1022,WH-04,199,80,165,0.2
2025-09-15,SKU-1023,WH-04,99,30,59,0.2
2025-09-15,SKU-1024,WH-04,479,120,274,0.2
2025-09-15,SKU-1025,WH-04,107,50,101,0.2
2025-09-15,SKU-1026,WH-04,226,50,105,0.2
2025-09-15,SKU-1027,WH-04,108,30,63,0.2
2025-09-15,SKU-1028,WH-04,144,50,108,0.2
2025-09-15,SKU-1029,WH-04,136,50,106,0.2
2025-09-15,SKU-1030,WH-04,162,50,104,0.2
2025-09-15,SKU-1031,WH-04,597,120,259,0.2
2025-09-15,SKU-1032,WH-04,339,80,153,0.2
2025-09-15,SKU-1033,WH-04,288,80,187,0.2
2025-09-15,SKU-1034,WH-04,0,80,160,0.2
2025-09-15,SKU-1035,WH-04,204,80,145,0.2
2025-09-15,SKU-1036,WH-04,80,30,68,0.2
2025-09-15,SKU-1037,WH-04,83,120,277,0.2
2025-09-15,SKU-1038,WH-04,21,120,235,0.2
2025-09-15,SKU-1039,WH-04,244,120,228,0.2
2025-09-15,SKU-1040,WH-04,222,80,148,0.2
2025-09-15,SKU-1041,WH-04,591,120,259,0.2
2025-09-15,SKU-1042,WH-04,0,30,71,0.2
2025-09-15,SKU-1043,WH-04,116,30,55,0.2
2025-09-15,SKU-1044,WH-04,288,120,237,0.2
2025-09-15,SKU-1045,WH-04,151,30,62,0.2
2025-09-15,SKU-1046,WH-04,341,80,169,0.2
2025-09-15,SKU-1047,WH-04,145,30,64,0.2
2025-09-15,SKU-1048,WH-04,275,50,116,0.2
2025-09-15,SKU-1049,WH-04,229,50,106,0.2
2025-09-15,SKU-1050,WH-04,142,50,112,0.2
2025-09-15,SKU-1051,WH-04,377,120,251,0.2
2025-09-15,SKU-1052,WH-04,104,30,64,0.2
2025-09-15,SKU-1053,WH-04,247,80,176,0.2
2025-09-15,SKU-1054,WH-04,25,120,245,0.2
2025-09-15,SKU-1055,WH-04,269,80,151,0.2
2025-09-15,SKU-1056,WH-04,0,30,62,0.2
2025-09-15,SKU-1057,WH-04,349,80,144,0.2
2025-09-15,SKU-1058,WH-04,360,120,232,0.2
2025-09-15,SKU-1059,WH-04,492,120,266,0.2
2025-09-22,SKU-1000,WH-01,294,80,185,0.2
2025-09-22,SKU-1001,WH-01,86,30,67,0.2
2025-09-22,SKU-1002,WH-01,352,80,169,0.2
2025-09-22,SKU-1003,WH-01,174,50,112,0.2
2025-09-22,SKU-1004,WH-01,490,120,257,0.2
2025-09-22,SKU-1005,WH-01,302,120,269,0.2
2025-09-22,SKU-1006,WH-01,21,50,91,0.2
2025-09-22,SKU-1007,WH-01,234,80,187,0.2
2025-09-22,SKU-1008,WH-01,119,50,101,0.2
2025-09-22,SKU-1009,WH-01,154,80,147,0.2
2025-09-22,SKU-1010,WH-01,0,50,109,0.2
2025-09-22,SKU-1011,WH-01,98,30,56,0.2
2025-09-22,SKU-1012,WH-01,117,30,65,0.2
2025-09-22,SKU-1013,WH-01,329,120,268,0.2
2025-09-22,SKU-1014,WH-01,108,30,60,0.2
2025-09-22,SKU-1015,WH-01,227,50,113,0.2
2025-09-22,SKU-1016,WH-01,117,30,54,0.2
2025-09-22,SKU-1017,WH-01,4,50,108,0.2
2025-09-22,SKU-1018,WH-01,77,80,190,0.2
2025-09-22,SKU-1019,WH-01,295,120,225,0.2
2025-09-22,SKU-1020,WH-01,146,30,60,0.2
2025-09-22,SKU-1021,WH-01,0,50,92,0.2
2025-09-22,SKU-1022,WH-01,659,120,284,0.2
2025-09-22,SKU-1023,WH-01,582,120,282,0.2
2025-09-22,SKU-1024,WH-01,61,30,55,0.2
2025-09-22,SKU-1025,WH-01,448,80,187,0.2
2025-09-22,SKU-1026,WH-01,64,80,186,0.2
2025-09-22,SKU-1027,WH-01,173,50,112,0.2
2025-09-22,SKU-1028,WH-01,148,50,113,0.2
2025-09-22,SKU-1029,WH-01,145,50,101,0.2
2025-09-22,SKU-1030,WH-01,87,30,62,0.2
2025-09-22,SKU-1031,WH-01,285,80,152,0.2
2025-09-22,SKU-1032,WH-01,242,50,114,0.2
2025-09-22,SKU-1033,WH-01,349,80,182,0.2
2025-09-22,SKU-1034,WH-01,31,80,150,0.2
2025-09-22,SKU-1035,WH-01,417,120,247,0.2
2025-09-22,SKU-1036,WH-01,347,120,218,0.2
2025-09-22,SKU-1037,WH-01,393,80,160,0.2
2025-09-22,SKU-1038,WH-01,162,80,160,0.2
2025-09-22,SKU-1039,WH-01,429,80,190,0.2
2025-09-22,SKU-1040,WH-01,494,120,268,0.2
2025-09-22,SKU-1041,WH-01,7,50,101,0.2
2025-09-22,SKU-1042,WH-01,362,80,178,0.2
2025-09-22,SKU-1043,WH-01,232,80,176,0.2
2025-09-22,SKU-1044,WH-01,99,30,63,0.2
2025-09-22,SKU-1045,WH-01,26,30,61,0.2
2025-09-22,SKU-1046,WH-01,232,50,119,0.2
2025-09-22,SKU-1047,WH-01,111,30,59,0.2
2025-09-22,SKU-1048,WH-01,159,30,68,0.2
2025-09-22,SKU-1049,WH-01,119,30,55,0.2
2025-09-22,SKU-1050,WH-01,9,120,234,0.2
2025-09-22,SKU-1051,WH-01,248,80,149,0.2
2025-09-22,SKU-1052,WH-01,169,50,113,0.2
2025-09-22,SKU-1053,WH-01,467,120,255,0.2
2025-09-22,SKU-1054,WH-01,337,80,176,0.2
2025-09-22,SKU-1055,WH-01,420,80,185,0.2
2025-09-22,SKU-1056,WH-01,118,30,60,0.2
2025-09-22,SKU-1057,WH-01,154,30,70,0.2
2025-09-22,SKU-1058,WH-01,26,80,152,0.2
2025-09-22,SKU-1059,WH-01,398,80,179,0.2
2025-09-22,SKU-1000,WH-02,247,120,232,0.2
2025-09-22,SKU-1001,WH-02,336,80,163,0.2
2025-09-22,SKU-1002,WH-02,345,80,185,0.2
2025-09-22,SKU-1003,WH-02,484,120,232,0.2
2025-09-22,SKU-1004,WH-02,347,80,146,0.2
2025-09-22,SKU-1005,WH-02,0,30,61,0.2
2025-09-22,SKU-1006,WH-02,329,120,245,0.2
2025-09-22,SKU-1007,WH-02,632,120,259,0.2
2025-09-22,SKU-1008,WH-02,0,120,274,0.2
2025-09-22,SKU-1009,WH-02,345,80,167,0.2
2025-09-22,SKU-1010,WH-02,135,30,69,0.2
2025-09-22,SKU-1011,WH-02,0,120,279,0.2
2025-09-22,SKU-1012,WH-02,113,30,69,0.2
2025-09-22,SKU-1013,WH-02,0,80,148,0.2
2025-09-22,SKU-1014,WH-02,355,120,266,0.2
2025-09-22,SKU-1015,WH-02,6,30,63,0.2
2025-09-22,SKU-1016,WH-02,147,50,114,0.2
2025-09-22,SKU-1017,WH-02,252,50,104,0.2
2025-09-22,SKU-1018,WH-02,343,120,264,0.2
2025-09-22,SKU-1019,WH-02,145,50,96,0.2
2025-09-22,SKU-1020,WH-02,16,50,105,0.2
2025-09-22,SKU-1021,WH-02,150,50,107,0.2
2025-09-22,SKU-1022,WH-02,422,120,258,0.2
2025-09-22,SKU-1023,WH-02,114,30,60,0.2
2025-09-22,SKU-1024,WH-02,38,80,186,0.2
2025-09-22,SKU-1025,WH-02,133,50,91,0.2
2025-09-22,SKU-1026,WH-02,5,80,164,0.2
2025-09-22,SKU-1027,WH-02,384,120,238,0.2
2025-09-22,SKU-1028,WH-02,499,120,250,0.2
2025-09-22,SKU-1029,WH-02,17,50,92,0.2
2025-09-22,SKU-1030,WH-02,307,80,169,0.2
2025-09-22,SKU-1031,WH-02,40,50,95,0.2
2025-09-22,SKU-1032,WH-02,629,120,277,0.2
2025-09-22,SKU-1033,WH-02,205,50,99,0.2
2025-09-22,SKU-1034,WH-02,98,30,68,0.2
2025-09-22,SKU-1035,WH-02,308,80,179,0.2
2025-09-22,SKU-1036,WH-02,173,80,165,0.2
2025-09-22,SKU-1037,WH-02,203,50,91,0.2
2025-09-22,SKU-1038,WH-02,148,30,61,0.2
2025-09-22,SKU-1039,WH-02,271,120,239,0.2
2025-09-22,SKU-1040,WH-02,88,30,66,0.2
2025-09-22,SKU-1041,WH-02,178,50,90,0.2
2025-09-22,SKU-1042,WH-02,173,80,147,0.2
2025-09-22,SKU-1043,WH-02,110,30,54,0.2
2025-09-22,SKU-1044,WH-02,395,120,264,0.2
2025-09-22,SKU-1045,WH-02,107,120,231,0.2
2025-09-22,SKU-1046,WH-02,547,120,228,0.2
2025-09-22,SKU-1047,WH-02,304,80,144,0.2
2025-09-22,SKU-1048,WH-02,350,80,170,0.2
2025-09-22,SKU-1049,WH-02,276,80,172,0.2
2025-09-22,SKU-1050,WH-02,138,30,69,0.2
2025-09-22,SKU-1051,WH-02,166,50,110,0.2
2025-09-22,SKU-1052,WH-02,5,120,260,0.2
2025-09-22,SKU-1053,WH-02,458,120,269,0.2
2025-09-22,SKU-1054,WH-02,686,120,285,0.2
2025-09-22,SKU-1055,WH-02,79,80,177,0.2
2025-09-22,SKU-1056,WH-02,47,50,114,0.2
2025-09-22,SKU-1057,WH-02,93,30,63,0.2
2025-09-22,SKU-1058,WH-02,394,120,224,0.2
2025-09-22,SKU-1059,WH-02,185,50,98,0.2
2025-09-22,SKU-1000,WH-03,198,50,93,0.2
2025-09-22,SKU-1001,WH-03,134,50,116,0.2
2025-09-22,SKU-1002,WH-03,123,30,55,0.2
2025-09-22,SKU-1003,WH-03,149,50,104,0.2
2025-09-22,SKU-1004,WH-03,488,120,249,0.2
2025-09-22,SKU-1005,WH-03,146,30,66,0.2
2025-09-22,SKU-1006,WH-03,121,30,55,0.2
2025-09-22,SKU-1007,WH-03,4,30,55,0.2
2025-09-22,SKU-1008,WH-03,64,30,56,0.2
2025-09-22,SKU-1009,WH-03,101,30,58,0.2
2025-09-22,SKU-1010,WH-03,356,80,167,0.2
2025-09-22,SKU-1011,WH-03,286,50,116,0.2
2025-09-22,SKU-1012,WH-03,105,30,56,0.2
2025-09-22,SKU-1013,WH-03,43,80,157,0.2
2025-09-22,SKU-1014,WH-03,464,120,224,0.2
2025-09-22,SKU-1015,WH-03,286,120,225,0.2
2025-09-22,SKU-1016,WH-03,202,80,182,0.2
2025-09-22,SKU-1017,WH-03,8,30,70,0.2
2025-09-22,SKU-1018,WH-03,0,50,100,0.2
2025-09-22,SKU-1019,WH-03,85,30,63,0.2
2025-09-22,SKU-1020,WH-03,132,30,64,0.2
2025-09-22,SKU-1021,WH-03,0,120,286,0.2
2025-09-22,SKU-1022,WH-03,118,120,244,0.2
2025-09-22,SKU-1023,WH-03,401,80,163,0.2
2025-09-22,SKU-1024,WH-03,368,120,266,0.2
2025-09-22,SKU-1025,WH-03,154,30,62,0.2
2025-09-22,SKU-1026,WH-03,143,50,108,0.2
2025-09-22,SKU-1027,WH-03,0,30,57,0.2
2025-09-22,SKU-1028,WH-03,89,30,54,0.2
2025-09-22,SKU-1029,WH-03,197,80,156,0.2
2025-09-22,SKU-1030,WH-03,260,80,152,0.2
2025-09-22,SKU-1031,WH-03,105,30,59,0.2
2025-09-22,SKU-1032,WH-03,468,120,251,0.2
2025-09-22,SKU-1033,WH-03,142,30,67,0.2
2025-09-22,SKU-1034,WH-03,156,30,70,0.2
2025-09-22,SKU-1035,WH-03,407,120,247,0.2
2025-09-22,SKU-1036,WH-03,500,120,246,0.2
2025-09-22,SKU-1037,WH-03,299,80,158,0.2
2025-09-22,SKU-1038,WH-03,0,30,58,0.2
2025-09-22,SKU-1039,WH-03,417,120,223,0.2
2025-09-22,SKU-1040,WH-03,670,120,279,0.2
2025-09-22,SKU-1041,WH-03,14,30,65,0.2
2025-09-22,SKU-1042,WH-03,108,50,102,0.2
2025-09-22,SKU-1043,WH-03,362,120,270,0.2
2025-09-22,SKU-1044,WH-03,270,50,110,0.2
2025-09-22,SKU-1045,WH-03,72,30,61,0.2
2025-09-22,SKU-1046,WH-03,159,80,147,0.2
2025-09-22,SKU-1047,WH-03,155,30,65,0.2
2025-09-22,SKU-1048,WH-03,143,30,63,0.2
2025-09-22,SKU-1049,WH-03,553,120,273,0.2
2025-09-22,SKU-1050,WH-03,186,50,119,0.2
2025-09-22,SKU-1051,WH-03,349,80,190,0.2
2025-09-22,SKU-1052,WH-03,21,50,110,0.2
2025-09-22,SKU-1053,WH-03,108,30,71,0.2
2025-09-22,SKU-1054,WH-03,83,30,63,0.2
2025-09-22,SKU-1055,WH-03,265,50,114,0.2
2025-09-22,SKU-1056,WH-03,128,50,90,0.2
2025-09-22,SKU-1057,WH-03,0,80,151,0.2
2025-09-22,SKU-1058,WH-03,146,30,65,0.2
2025-09-22,SKU-1059,WH-03,625,120,284,0.2
2025-09-22,SKU-1000,WH-04,229,50,115,0.2
2025-09-22,SKU-1001,WH-04,71,30,58,0.2
2025-09-22,SKU-1002,WH-04,119,50,98,0.2
2025-09-22,SKU-1003,WH-04,113,50,108,0.2
2025-09-22,SKU-1004,WH-04,405,80,165,0.2
2025-09-22,SKU-1005,WH-04,10,30,54,0.2
2025-09-22,SKU-1006,WH-04,302,80,144,0.2
2025-09-22,SKU-1007,WH-04,126,50,119,0.2
2025-09-22,SKU-1008,WH-04,438,80,184,0.2
2025-09-22,SKU-1009,WH-04,143,30,62,0.2
2025-09-22,SKU-1010,WH-04,202,80,166,0.2
2025-09-22,SKU-1011,WH-04,226,50,99,0.2
2025-09-22,SKU-1012,WH-04,201,80,190,0.2
2025-09-22,SKU-1013,WH-04,275,80,182,0.2
2025-09-22,SKU-1014,WH-04,149,50,104,0.2
2025-09-22,SKU-1015,WH-04,10,30,64,0.2
2025-09-22,SKU-1016,WH-04,133,30,66,0.2
2025-09-22,SKU-1017,WH-04,69,30,67,0.2
2025-09-22,SKU-1018,WH-04,240,50,113,0.2
2025-09-22,SKU-1019,WH-04,176,30,71,0.2
2025-09-22,SKU-1020,WH-04,78,30,54,0.2
2025-09-22,SKU-1021,WH-04,77,80,158,0.2
2025-09-22,SKU-1022,WH-04,457,120,229,0.2
2025-09-22,SKU-1023,WH-04,661,120,278,0.2
2025-09-22,SKU-1024,WH-04,380,80,190,0.2
2025-09-22,SKU-1025,WH-04,79,30,62,0.2
2025-09-22,SKU-1026,WH-04,29,50,91,0.2
2025-09-22,SKU-1027,WH-04,29,30,54,0.2
2025-09-22,SKU-1028,WH-04,0,80,184,0.2
2025-09-22,SKU-1029,WH-04,256,50,118,0.2
2025-09-22,SKU-1030,WH-04,551,120,280,0.2
2025-09-22,SKU-1031,WH-04,217,50,112,0.2
2025-09-22,SKU-1032,WH-04,363,120,279,0.2
2025-09-22,SKU-1033,WH-04,216,50,119,0.2
2025-09-22,SKU-1034,WH-04,104,30,58,0.2
2025-09-22,SKU-1035,WH-04,359,80,168,0.2
2025-09-22,SKU-1036,WH-04,133,30,66,0.2
2025-09-22,SKU-1037,WH-04,277,120,253,0.2
2025-09-22,SKU-1038,WH-04,73,30,60,0.2
2025-09-22,SKU-1039,WH-04,1,50,93,0.2
2025-09-22,SKU-1040,WH-04,249,80,181,0.2
2025-09-22,SKU-1041,WH-04,353,80,166,0.2
2025-09-22,SKU-1042,WH-04,172,80,167,0.2
2025-09-22,SKU-1043,WH-04,299,80,156,0.2
2025-09-22,SKU-1044,WH-04,384,80,171,0.2
2025-09-22,SKU-1045,WH-04,0,80,149,0.2
2025-09-22,SKU-1046,WH-04,159,50,101,0.2
2025-09-22,SKU-1047,WH-04,402,80,173,0.2
2025-09-22,SKU-1048,WH-04,409,80,174,0.2
2025-09-22,SKU-1049,WH-04,106,120,281,0.2
2025-09-22,SKU-1050,WH-04,132,30,71,0.2
2025-09-22,SKU-1051,WH-04,306,80,158,0.2
2025-09-22,SKU-1052,WH-04,286,80,179,0.2
2025-09-22,SKU-1053,WH-04,322,80,170,0.2
2025-09-22,SKU-1054,WH-04,156,30,65,0.2
2025-09-22,SKU-1055,WH-04,198,50,107,0.2
2025-09-22,SKU-1056,WH-04,68,30,59,0.2
2025-09-22,SKU-1057,WH-04,0,30,57,0.2
2025-09-22,SKU-1058,WH-04,313,120,286,0.2
2025-09-22,SKU-1059,WH-04,35,120,266,0.2
2025-09-29,SKU-1000,WH-01,660,120,283,0.2
2025-09-29,SKU-1001,WH-01,0,30,54,0.2
2025-09-29,SKU-1002,WH-01,215,50,94,0.2
2025-09-29,SKU-1003,WH-01,87,30,66,0.2
2025-09-29,SKU-1004,WH-01,113,30,69,0.2
2025-09-29,SKU-1005,WH-01,188,80,181,0.2
2025-09-29,SKU-1006,WH-01,167,50,109,0.2
2025-09-29,SKU-1007,WH-01,163,30,69,0.2
2025-09-29,SKU-1008,WH-01,10,80,189,0.2
2025-09-29,SKU-1009,WH-01,300,80,164,0.2
2025-09-29,SKU-1010,WH-01,440,120,223,0.2
2025-09-29,SKU-1011,WH-01,26,80,168,0.2
2025-09-29,SKU-1012,WH-01,77,30,59,0.2
2025-09-29,SKU-1013,WH-01,212,80,174,0.2
2025-09-29,SKU-1014,WH-01,446,80,186,0.2
2025-09-29,SKU-1015,WH-01,401,120,244,0.2
2025-09-29,SKU-1016,WH-01,129,30,60,0.2
2025-09-29,SKU-1017,WH-01,506,120,284,0.2
2025-09-29,SKU-1018,WH-01,1,50,95,0.2
2025-09-29,SKU-1019,WH-01,175,80,161,0.2
2025-09-29,SKU-1020,WH-01,91,30,63,0.2
2025-09-29,SKU-1021,WH-01,0,120,245,0.2
2025-09-29,SKU-1022,WH-01,126,50,101,0.2
2025-09-29,SKU-1023,WH-01,570,120,287,0.2
2025-09-29,SKU-1024,WH-01,201,50,107,0.2
2025-09-29,SKU-1025,WH-01,112,50,106,0.2
2025-09-29,SKU-1026,WH-01,534,120,244,0.2
2025-09-29,SKU-1027,WH-01,0,30,59,0.2
2025-09-29,SKU-1028,WH-01,0,30,64,0.2
2025-09-29,SKU-1029,WH-01,358,120,231,0.2
2025-09-29,SKU-1030,WH-01,0,80,164,0.2
2025-09-29,SKU-1031,WH-01,65,30,59,0.2
2025-09-29,SKU-1032,WH-01,574,120,277,0.2
2025-09-29,SKU-1033,WH-01,99,30,65,0.2
2025-09-29,SKU-1034,WH-01,312,80,185,0.2
2025-09-29,SKU-1035,WH-01,353,80,159,0.2
2025-09-29,SKU-1036,WH-01,334,120,234,0.2
2025-09-29,SKU-1037,WH-01,202,50,106,0.2
2025-09-29,SKU-1038,WH-01,107,30,59,0.2
2025-09-29,SKU-1039,WH-01,98,30,66,0.2
2025-09-29,SKU-1040,WH-01,133,30,69,0.2
2025-09-29,SKU-1041,WH-01,164,30,68,0.2
2025-09-29,SKU-1042,WH-01,114,50,96,0.2
2025-09-29,SKU-1043,WH-01,144,30,67,0.2
2025-09-29,SKU-1044,WH-01,0,50,116,0.2
2025-09-29,SKU-1045,WH-01,93,30,55,0.2
2025-09-29,SKU-1046,WH-01,319,80,162,0.2
2025-09-29,SKU-1047,WH-01,56,120,263,0.2
2025-09-29,SKU-1048,WH-01,100,30,60,0.2
2025-09-29,SKU-1049,WH-01,199,50,97,0.2
2025-09-29,SKU-1050,WH-01,102,30,68,0.2
2025-09-29,SKU-1051,WH-01,123,50,117,0.2
2025-09-29,SKU-1052,WH-01,84,30,62,0.2
2025-09-29,SKU-1053,WH-01,209,50,90,0.2
2025-09-29,SKU-1054,WH-01,75,30,62,0.2
2025-09-29,SKU-1055,WH-01,61,120,260,0.2
2025-09-29,SKU-1056,WH-01,120,50,103,0.2
2025-09-29,SKU-1057,WH-01,365,120,250,0.2
2025-09-29,SKU-1058,WH-01,429,120,264,0.2
2025-09-29,SKU-1059,WH-01,75,30,67,0.2
2025-09-29,SKU-1000,WH-02,199,80,148,0.2
2025-09-29,SKU-1001,WH-02,0,50,111,0.2
2025-09-29,SKU-1002,WH-02,232,50,95,0.2
2025-09-29,SKU-1003,WH-02,144,50,97,0.2
2025-09-29,SKU-1004,WH-02,112,30,69,0.2
2025-09-29,SKU-1005,WH-02,55,120,287,0.2
2025-09-29,SKU-1006,WH-02,311,80,165,0.2
2025-09-29,SKU-1007,WH-02,11,30,54,0.2
2025-09-29,SKU-1008,WH-02,450,120,251,0.2
2025-09-29,SKU-1009,WH-02,114,50,102,0.2
2025-09-29,SKU-1010,WH-02,225,80,172,0.2
2025-09-29,SKU-1011,WH-02,407,120,257,0.2
2025-09-29,SKU-1012,WH-02,332,80,183,0.2
2025-09-29,SKU-1013,WH-02,229,80,165,0.2
2025-09-29,SKU-1014,WH-02,551,120,274,0.2
2025-09-29,SKU-1015,WH-02,25,30,58,0.2
2025-09-29,SKU-1016,WH-02,358,120,237,0.2
2025-09-29,SKU-1017,WH-02,0,30,68,0.2
2025-09-29,SKU-1018,WH-02,512,120,236,0.2
2025-09-29,SKU-1019,WH-02,260,80,156,0.2
2025-09-29,SKU-1020,WH-02,271,120,235,0.2
2025-09-29,SKU-1021,WH-02,167,30,68,0.2
2025-09-29,SKU-1022,WH-02,212,50,119,0.2
2025-09-29,SKU-1023,WH-02,207,50,115,0.2
2025-09-29,SKU-1024,WH-02,174,50,94,0.2
2025-09-29,SKU-1025,WH-02,0,120,271,0.2
2025-09-29,SKU-1026,WH-02,491,120,242,0.2
2025-09-29,SKU-1027,WH-02,96,30,64,0.2
2025-09-29,SKU-1028,WH-02,271,80,176,0.2
2025-09-29,SKU-1029,WH-02,350,120,220,0.2
2025-09-29,SKU-1030,WH-02,100,30,70,0.2
2025-09-29,SKU-1031,WH-02,228,50,118,0.2
2025-09-29,SKU-1032,WH-02,308,120,272,0.2
2025-09-29,SKU-1033,WH-02,177,50,119,0.2
2025-09-29,SKU-1034,WH-02,465,120,224,0.2
2025-09-29,SKU-1035,WH-02,123,50,103,0.2
2025-09-29,SKU-1036,WH-02,77,30,68,0.2
2025-09-29,SKU-1037,WH-02,6,30,57,0.2
2025-09-29,SKU-1038,WH-02,224,50,97,0.2
2025-09-29,SKU-1039,WH-02,15,120,223,0.2
2025-09-29,SKU-1040,WH-02,76,120,255,0.2
2025-09-29,SKU-1041,WH-02,0,50,115,0.2
2025-09-29,SKU-1042,WH-02,101,120,278,0.2
2025-09-29,SKU-1043,WH-02,607,120,278,0.2
2025-09-29,SKU-1044,WH-02,224,120,224,0.2
2025-09-29,SKU-1045,WH-02,305,80,157,0.2
2025-09-29,SKU-1046,WH-02,276,80,182,0.2
2025-09-29,SKU-1047,WH-02,175,50,109,0.2
2025-09-29,SKU-1048,WH-02,244,50,104,0.2
2025-09-29,SKU-1049,WH-02,453,120,284,0.2
2025-09-29,SKU-1050,WH-02,123,30,57,0.2
2025-09-29,SKU-1051,WH-02,0,50,102,0.2
2025-09-29,SKU-1052,WH-02,55,80,152,0.2
2025-09-29,SKU-1053,WH-02,78,80,157,0.2
2025-09-29,SKU-1054,WH-02,271,120,217,0.2
2025-09-29,SKU-1055,WH-02,392,80,176,0.2
2025-09-29,SKU-1056,WH-02,271,80,169,0.2
2025-09-29,SKU-1057,WH-02,238,80,178,0.2
2025-09-29,SKU-1058,WH-02,202,50,104,0.2
2025-09-29,SKU-1059,WH-02,191,50,119,0.2
2025-09-29,SKU-1000,WH-03,275,80,164,0.2
2025-09-29,SKU-1001,WH-03,231,50,99,0.2
2025-09-29,SKU-1002,WH-03,208,50,92,0.2
2025-09-29,SKU-1003,WH-03,414,120,226,0.2
2025-09-29,SKU-1004,WH-03,676,120,278,0.2
2025-09-29,SKU-1005,WH-03,68,30,68,0.2
2025-09-29,SKU-1006,WH-03,6,30,56,0.2
2025-09-29,SKU-1007,WH-03,335,80,159,0.2
2025-09-29,SKU-1008,WH-03,126,30,67,0.2
2025-09-29,SKU-1009,WH-03,91,30,70,0.2
2025-09-29,SKU-1010,WH-03,536,120,265,0.2
2025-09-29,SKU-1011,WH-03,205,50,93,0.2
2025-09-29,SKU-1012,WH-03,74,30,60,0.2
2025-09-29,SKU-1013,WH-03,221,50,113,0.2
2025-09-29,SKU-1014,WH-03,0,120,218,0.2
2025-09-29,SKU-1015,WH-03,246,50,113,0.2
2025-09-29,SKU-1016,WH-03,562,120,228,0.2
2025-09-29,SKU-1017,WH-03,22,30,60,0.2
2025-09-29,SKU-1018,WH-03,2,50,111,0.2
2025-09-29,SKU-1019,WH-03,531,120,272,0.2
2025-09-29,SKU-1020,WH-03,102,30,60,0.2
2025-09-29,SKU-1021,WH-03,312,80,167,0.2
2025-09-29,SKU-1022,WH-03,133,50,114,0.2
2025-09-29,SKU-1023,WH-03,632,120,272,0.2
2025-09-29,SKU-1024,WH-03,454,120,244,0.2
2025-09-29,SKU-1025,WH-03,195,50,114,0.2
2025-09-29,SKU-1026,WH-03,130,50,119,0.2
2025-09-29,SKU-1027,WH-03,232,50,119,0.2
2025-09-29,SKU-1028,WH-03,250,50,103,0.2
2025-09-29,SKU-1029,WH-03,316,120,244,0.2
2025-09-29,SKU-1030,WH-03,329,120,238,0.2
2025-09-29,SKU-1031,WH-03,272,80,165,0.2
2025-09-29,SKU-1032,WH-03,133,30,58,0.2
2025-09-29,SKU-1033,WH-03,3,30,61,0.2
2025-09-29,SKU-1034,WH-03,18,30,66,0.2
2025-09-29,SKU-1035,WH-03,362,120,281,0.2
2025-09-29,SKU-1036,WH-03,69,80,179,0.2
2025-09-29,SKU-1037,WH-03,134,30,60,0.2
2025-09-29,SKU-1038,WH-03,0,30,59,0.2
2025-09-29,SKU-1039,WH-03,137,30,60,0.2
2025-09-29,SKU-1040,WH-03,0,80,154,0.2
2025-09-29,SKU-1041,WH-03,427,80,175,0.2
2025-09-29,SKU-1042,WH-03,349,120,280,0.2
2025-09-29,SKU-1043,WH-03,268,80,187,0.2
2025-09-29,SKU-1044,WH-03,31,50,105,0.2
2025-09-29,SKU-1045,WH-03,395,120,262,0.2
2025-09-29,SKU-1046,WH-03,0,30,58,0.2
2025-09-29,SKU-1047,WH-03,264,80,155,0.2
2025-09-29,SKU-1048,WH-03,60,120,260,0.2
2025-09-29,SKU-1049,WH-03,0,80,188,0.2
2025-09-29,SKU-1050,WH-03,669,120,283,0.2
2025-09-29,SKU-1051,WH-03,163,30,67,0.2
2025-09-29,SKU-1052,WH-03,91,30,64,0.2
2025-09-29,SKU-1053,WH-03,209,80,167,0.2
2025-09-29,SKU-1054,WH-03,176,50,102,0.2
2025-09-29,SKU-1055,WH-03,0,30,63,0.2
2025-09-29,SKU-1056,WH-03,307,120,242,0.2
2025-09-29,SKU-1057,WH-03,206,80,167,0.2
2025-09-29,SKU-1058,WH-03,209,50,101,0.2
2025-09-29,SKU-1059,WH-03,433,120,228,0.2
2025-09-29,SKU-1000,WH-04,442,120,225,0.2
2025-09-29,SKU-1001,WH-04,358,120,269,0.2
2025-09-29,SKU-1002,WH-04,125,50,115,0.2
2025-09-29,SKU-1003,WH-04,133,30,70,0.2
2025-09-29,SKU-1004,WH-04,408,120,267,0.2
2025-09-29,SKU-1005,WH-04,407,120,241,0.2
2025-09-29,SKU-1006,WH-04,0,120,269,0.2
2025-09-29,SKU-1007,WH-04,96,30,63,0.2
2025-09-29,SKU-1008,WH-04,291,120,218,0.2
2025-09-29,SKU-1009,WH-04,171,50,117,0.2
2025-09-29,SKU-1010,WH-04,173,50,96,0.2
2025-09-29,SKU-1011,WH-04,166,50,91,0.2
2025-09-29,SKU-1012,WH-04,426,80,180,0.2
2025-09-29,SKU-1013,WH-04,132,30,58,0.2
2025-09-29,SKU-1014,WH-04,210,50,110,0.2
2025-09-29,SKU-1015,WH-04,410,80,186,0.2
2025-09-29,SKU-1016,WH-04,74,30,67,0.2
2025-09-29,SKU-1017,WH-04,502,120,265,0.2
2025-09-29,SKU-1018,WH-04,453,120,240,0.2
2025-09-29,SKU-1019,WH-04,398,120,265,0.2
2025-09-29,SKU-1020,WH-04,112,30,67,0.2
2025-09-29,SKU-1021,WH-04,167,50,97,0.2
2025-09-29,SKU-1022,WH-04,26,50,93,0.2
2025-09-29,SKU-1023,WH-04,158,80,144,0.2
2025-09-29,SKU-1024,WH-04,109,30,69,0.2
2025-09-29,SKU-1025,WH-04,140,30,67,0.2
2025-09-29,SKU-1026,WH-04,393,120,231,0.2
2025-09-29,SKU-1027,WH-04,108,50,105,0.2
2025-09-29,SKU-1028,WH-04,402,120,243,0.2
2025-09-29,SKU-1029,WH-04,569,120,230,0.2
2025-09-29,SKU-1030,WH-04,102,30,58,0.2
2025-09-29,SKU-1031,WH-04,95,30,66,0.2
2025-09-29,SKU-1032,WH-04,349,120,282,0.2
2025-09-29,SKU-1033,WH-04,374,80,187,0.2
2025-09-29,SKU-1034,WH-04,60,80,191,0.2
2025-09-29,SKU-1035,WH-04,0,30,59,0.2
2025-09-29,SKU-1036,WH-04,308,80,150,0.2
2025-09-29,SKU-1037,WH-04,71,30,63,0.2
2025-09-29,SKU-1038,WH-04,131,30,62,0.2
2025-09-29,SKU-1039,WH-04,269,80,174,0.2
2025-09-29,SKU-1040,WH-04,474,120,233,0.2
2025-09-29,SKU-1041,WH-04,245,50,115,0.2
2025-09-29,SKU-1042,WH-04,456,120,265,0.2
2025-09-29,SKU-1043,WH-04,325,80,179,0.2
2025-09-29,SKU-1044,WH-04,114,30,54,0.2
2025-09-29,SKU-1045,WH-04,233,80,186,0.2
2025-09-29,SKU-1046,WH-04,118,30,67,0.2
2025-09-29,SKU-1047,WH-04,165,50,101,0.2
2025-09-29,SKU-1048,WH-04,72,30,61,0.2
2025-09-29,SKU-1049,WH-04,97,30,71,0.2
2025-09-29,SKU-1050,WH-04,184,80,160,0.2
2025-09-29,SKU-1051,WH-04,156,30,68,0.2
2025-09-29,SKU-1052,WH-04,250,50,112,0.2
2025-09-29,SKU-1053,WH-04,231,120,228,0.2
2025-09-29,SKU-1054,WH-04,647,120,260,0.2
2025-09-29,SKU-1055,WH-04,27,50,92,0.2
2025-09-29,SKU-1056,WH-04,450,120,235,0.2
2025-09-29,SKU-1057,WH-04,75,30,70,0.2
2025-09-29,SKU-1058,WH-04,233,80,171,0.2
2025-09-29,SKU-1059,WH-04,140,30,67,0.2
2025-10-06,SKU-1000,WH-01,0,30,66,0.2
2025-10-06,SKU-1001,WH-01,117,50,96,0.2
2025-10-06,SKU-1002,WH-01,266,80,153,0.2
2025-10-06,SKU-1003,WH-01,0,80,147,0.2
2025-10-06,SKU-1004,WH-01,524,120,241,0.2
2025-10-06,SKU-1005,WH-01,187,80,172,0.2
2025-10-06,SKU-1006,WH-01,171,30,70,0.2
2025-10-06,SKU-1007,WH-01,98,30,68,0.2
2025-10-06,SKU-1008,WH-01,305,120,238,0.2
2025-10-06,SKU-1009,WH-01,502,120,266,0.2
2025-10-06,SKU-1010,WH-01,202,80,153,0.2
2025-10-06,SKU-1011,WH-01,650,120,264,0.2
2025-10-06,SKU-1012,WH-01,80,30,71,0.2
2025-10-06,SKU-1013,WH-01,254,50,115,0.2
2025-10-06,SKU-1014,WH-01,563,120,226,0.2
2025-10-06,SKU-1015,WH-01,481,120,273,0.2
2025-10-06,SKU-1016,WH-01,285,120,255,0.2
2025-10-06,SKU-1017,WH-01,331,80,155,0.2
2025-10-06,SKU-1018,WH-01,294,80,163,0.2
2025-10-06,SKU-1019,WH-01,5,50,113,0.2
2025-10-06,SKU-1020,WH-01,346,120,244,0.2
2025-10-06,SKU-1021,WH-01,660,120,272,0.2
2025-10-06,SKU-1022,WH-01,114,30,67,0.2
2025-10-06,SKU-1023,WH-01,405,120,267,0.2
2025-10-06,SKU-1024,WH-01,148,50,96,0.2
2025-10-06,SKU-1025,WH-01,431,80,179,0.2
2025-10-06,SKU-1026,WH-01,513,120,243,0.2
2025-10-06,SKU-1027,WH-01,191,50,117,0.2
2025-10-06,SKU-1028,WH-01,501,120,279,0.2
2025-10-06,SKU-1029,WH-01,212,80,178,0.2
2025-10-06,SKU-1030,WH-01,154,80,151,0.2
2025-10-06,SKU-1031,WH-01,289,80,174,0.2
2025-10-06,SKU-1032,WH-01,163,50,118,0.2
2025-10-06,SKU-1033,WH-01,404,80,190,0.2
2025-10-06,SKU-1034,WH-01,118,30,54,0.2
2025-10-06,SKU-1035,WH-01,199,80,152,0.2
2025-10-06,SKU-1036,WH-01,532,120,283,0.2
2025-10-06,SKU-1037,WH-01,575,120,234,0.2
2025-10-06,SKU-1038,WH-01,205,50,101,0.2
2025-10-06,SKU-1039,WH-01,169,50,96,0.2
2025-10-06,SKU-1040,WH-01,11,30,70,0.2
2025-10-06,SKU-1041,WH-01,404,120,237,0.2
2025-10-06,SKU-1042,WH-01,131,30,69,0.2
2025-10-06,SKU-1043,WH-01,26,30,64,0.2
2025-10-06,SKU-1044,WH-01,93,120,230,0.2
2025-10-06,SKU-1045,WH-01,91,30,70,0.2
2025-10-06,SKU-1046,WH-01,65,30,56,0.2
2025-10-06,SKU-1047,WH-01,223,80,151,0.2
2025-10-06,SKU-1048,WH-01,181,50,111,0.2
2025-10-06,SKU-1049,WH-01,259,120,239,0.2
2025-10-06,SKU-1050,WH-01,0,30,55,0.2
2025-10-06,SKU-1051,WH-01,164,50,96,0.2
2025-10-06,SKU-1052,WH-01,154,50,111,0.2
2025-10-06,SKU-1053,WH-01,264,50,117,0.2
2025-10-06,SKU-1054,WH-01,446,120,253,0.2
2025-10-06,SKU-1055,WH-01,614,120,276,0.2
2025-10-06,SKU-1056,WH-01,534,120,245,0.2
2025-10-06,SKU-1057,WH-01,93,30,71,0.2
2025-10-06,SKU-1058,WH-01,157,30,64,0.2
2025-10-06,SKU-1059,WH-01,0,80,148,0.2
2025-10-06,SKU-1000,WH-02,130,30,55,0.2
2025-10-06,SKU-1001,WH-02,399,120,222,0.2
2025-10-06,SKU-1002,WH-02,399,80,179,0.2
2025-10-06,SKU-1003,WH-02,328,80,184,0.2
2025-10-06,SKU-1004,WH-02,194,80,188,0.2
2025-10-06,SKU-1005,WH-02,244,80,187,0.2
2025-10-06,SKU-1006,WH-02,14,80,177,0.2
2025-10-06,SKU-1007,WH-02,8,120,234,0.2
2025-10-06,SKU-1008,WH-02,101,50,95,0.2
2025-10-06,SKU-1009,WH-02,113,30,64,0.2
2025-10-06,SKU-1010,WH-02,182,50,105,0.2
2025-10-06,SKU-1011,WH-02,59,80,167,0.2
2025-10-06,SKU-1012,WH-02,116,30,65,0.2
2025-10-06,SKU-1013,WH-02,0,120,265,0.2
2025-10-06,SKU-1014,WH-02,110,50,102,0.2
2025-10-06,SKU-1015,WH-02,0,30,58,0.2
2025-10-06,SKU-1016,WH-02,126,50,112,0.2
2025-10-06,SKU-1017,WH-02,241,80,188,0.2
2025-10-06,SKU-1018,WH-02,433,120,259,0.2
2025-10-06,SKU-1019,WH-02,213,50,116,0.2
2025-10-06,SKU-1020,WH-02,195,80,152,0.2
2025-10-06,SKU-1021,WH-02,109,50,104,0.2
2025-10-06,SKU-1022,WH-02,137,50,97,0.2
2025-10-06,SKU-1023,WH-02,252,50,108,0.2
2025-10-06,SKU-1024,WH-02,140,30,61,0.2
2025-10-06,SKU-1025,WH-02,98,30,60,0.2
2025-10-06,SKU-1026,WH-02,157,30,70,0.2
2025-10-06,SKU-1027,WH-02,366,80,164,0.2
2025-10-06,SKU-1028,WH-02,431,120,226,0.2
2025-10-06,SKU-1029,WH-02,16,30,60,0.2
2025-10-06,SKU-1030,WH-02,70,30,62,0.2
2025-10-06,SKU-1031,WH-02,604,120,262,0.2
2025-10-06,SKU-1032,WH-02,372,80,189,0.2
2025-10-06,SKU-1033,WH-02,310,80,159,0.2
2025-10-06,SKU-1034,WH-02,153,30,64,0.2
2025-10-06,SKU-1035,WH-02,297,80,147,0.2
2025-10-06,SKU-1036,WH-02,167,50,93,0.2
2025-10-06,SKU-1037,WH-02,89,30,69,0.2
2025-10-06,SKU-1038,WH-02,527,120,270,0.2
2025-10-06,SKU-1039,WH-02,137,50,93,0.2
2025-10-06,SKU-1040,WH-02,366,120,260,0.2
2025-10-06,SKU-1041,WH-02,123,30,66,0.2
2025-10-06,SKU-1042,WH-02,262,80,161,0.2
2025-10-06,SKU-1043,WH-02,266,50,118,0.2
2025-10-06,SKU-1044,WH-02,368,80,167,0.2
2025-10-06,SKU-1045,WH-02,167,30,70,0.2
2025-10-06,SKU-1046,WH-02,405,120,226,0.2
2025-10-06,SKU-1047,WH-02,0,30,55,0.2
2025-10-06,SKU-1048,WH-02,90,30,63,0.2
2025-10-06,SKU-1049,WH-02,347,80,166,0.2
2025-10-06,SKU-1050,WH-02,16,30,71,0.2
2025-10-06,SKU-1051,WH-02,113,50,100,0.2
2025-10-06,SKU-1052,WH-02,531,120,260,0.2
2025-10-06,SKU-1053,WH-02,568,120,276,0.2
2025-10-06,SKU-1054,WH-02,184,80,167,0.2
2025-10-06,SKU-1055,WH-02,185,50,96,0.2
2025-10-06,SKU-1056,WH-02,329,80,173,0.2
2025-10-06,SKU-1057,WH-02,488,120,245,0.2
2025-10-06,SKU-1058,WH-02,156,50,117,0.2
2025-10-06,SKU-1059,WH-02,11,30,55,0.2
2025-10-06,SKU-1000,WH-03,295,120,223,0.2
2025-10-06,SKU-1001,WH-03,278,80,188,0.2
2025-10-06,SKU-1002,WH-03,118,50,107,0.2
2025-10-06,SKU-1003,WH-03,468,120,274,0.2
2025-10-06,SKU-1004,WH-03,119,50,91,0.2
2025-10-06,SKU-1005,WH-03,76,30,56,0.2
2025-10-06,SKU-1006,WH-03,19,80,190,0.2
2025-10-06,SKU-1007,WH-03,205,50,119,0.2
2025-10-06,SKU-1008,WH-03,114,30,63,0.2
2025-10-06,SKU-1009,WH-03,249,50,118,0.2
2025-10-06,SKU-1010,WH-03,487,120,255,0.2
2025-10-06,SKU-1011,WH-03,184,80,157,0.2
2025-10-06,SKU-1012,WH-03,0,30,66,0.2
2025-10-06,SKU-1013,WH-03,400,120,230,0.2
2025-10-06,SKU-1014,WH-03,28,120,219,0.2
2025-10-06,SKU-1015,WH-03,230,50,98,0.2
2025-10-06,SKU-1016,WH-03,232,80,149,0.2
2025-10-06,SKU-1017,WH-03,99,50,90,0.2
2025-10-06,SKU-1018,WH-03,63,30,61,0.2
2025-10-06,SKU-1019,WH-03,25,50,97,0.2
2025-10-06,SKU-1020,WH-03,123,30,67,0.2
2025-10-06,SKU-1021,WH-03,37,80,189,0.2
2025-10-06,SKU-1022,WH-03,222,50,102,0.2
2025-10-06,SKU-1023,WH-03,143,30,58,0.2
2025-10-06,SKU-1024,WH-03,116,30,57,0.2
2025-10-06,SKU-1025,WH-03,521,120,268,0.2
2025-10-06,SKU-1026,WH-03,338,80,152,0.2
2025-10-06,SKU-1027,WH-03,367,120,251,0.2
2025-10-06,SKU-1028,WH-03,70,30,59,0.2
2025-10-06,SKU-1029,WH-03,328,120,241,0.2
2025-10-06,SKU-1030,WH-03,478,120,253,0.2
2025-10-06,SKU-1031,WH-03,402,120,284,0.2
2025-10-06,SKU-1032,WH-03,389,80,188,0.2
2025-10-06,SKU-1033,WH-03,211,80,159,0.2
2025-10-06,SKU-1034,WH-03,102,30,57,0.2
2025-10-06,SKU-1035,WH-03,72,30,55,0.2
2025-10-06,SKU-1036,WH-03,172,50,104,0.2
2025-10-06,SKU-1037,WH-03,201,50,109,0.2
2025-10-06,SKU-1038,WH-03,228,80,151,0.2
2025-10-06,SKU-1039,WH-03,10,30,62,0.2
2025-10-06,SKU-1040,WH-03,82,30,66,0.2
2025-10-06,SKU-1041,WH-03,24,30,67,0.2
2025-10-06,SKU-1042,WH-03,161,30,69,0.2
2025-10-06,SKU-1043,WH-03,5,120,244,0.2
2025-10-06,SKU-1044,WH-03,70,30,56,0.2
2025-10-06,SKU-1045,WH-03,152,50,101,0.2
2025-10-06,SKU-1046,WH-03,0,30,61,0.2
2025-10-06,SKU-1047,WH-03,167,80,163,0.2
2025-10-06,SKU-1048,WH-03,68,120,266,0.2
2025-10-06,SKU-1049,WH-03,6,80,179,0.2
2025-10-06,SKU-1050,WH-03,42,50,103,0.2
2025-10-06,SKU-1051,WH-03,3,120,253,0.2
2025-10-06,SKU-1052,WH-03,200,80,186,0.2
2025-10-06,SKU-1053,WH-03,28,120,222,0.2
2025-10-06,SKU-1054,WH-03,465,120,255,0.2
2025-10-06,SKU-1055,WH-03,202,80,164,0.2
2025-10-06,SKU-1056,WH-03,42,50,117,0.2
2025-10-06,SKU-1057,WH-03,194,50,113,0.2
2025-10-06,SKU-1058,WH-03,83,30,59,0.2
2025-10-06,SKU-1059,WH-03,70,30,62,0.2
2025-10-06,SKU-1000,WH-04,31,50,100,0.2
2025-10-06,SKU-1001,WH-04,0,30,65,0.2
2025-10-06,SKU-1002,WH-04,87,30,58,0.2
2025-10-06,SKU-1003,WH-04,465,120,222,0.2
2025-10-06,SKU-1004,WH-04,304,80,162,0.2
2025-10-06,SKU-1005,WH-04,594,120,264,0.2
2025-10-06,SKU-1006,WH-04,15,50,117,0.2
2025-10-06,SKU-1007,WH-04,431,120,252,0.2
2025-10-06,SKU-1008,WH-04,269,80,158,0.2
2025-10-06,SKU-1009,WH-04,147,30,61,0.2
2025-10-06,SKU-1010,WH-04,222,80,164,0.2
2025-10-06,SKU-1011,WH-04,136,30,62,0.2
2025-10-06,SKU-1012,WH-04,375,120,268,0.2
2025-10-06,SKU-1013,WH-04,73,30,62,0.2
2025-10-06,SKU-1014,WH-04,184,50,99,0.2
2025-10-06,SKU-1015,WH-04,136,30,59,0.2
2025-10-06,SKU-1016,WH-04,173,80,162,0.2
2025-10-06,SKU-1017,WH-04,56,30,55,0.2
2025-10-06,SKU-1018,WH-04,333,80,186,0.2
2025-10-06,SKU-1019,WH-04,23,30,69,0.2
2025-10-06,SKU-1020,WH-04,133,50,95,0.2
2025-10-06,SKU-1021,WH-04,55,120,217,0.2
2025-10-06,SKU-1022,WH-04,104,30,71,0.2
2025-10-06,SKU-1023,WH-04,86,30,59,0.2
2025-10-06,SKU-1024,WH-04,400,120,255,0.2
2025-10-06,SKU-1025,WH-04,269,50,108,0.2
2025-10-06,SKU-1026,WH-04,82,30,56,0.2
2025-10-06,SKU-1027,WH-04,123,30,56,0.2
2025-10-06,SKU-1028,WH-04,379,120,220,0.2
2025-10-06,SKU-1029,WH-04,276,50,115,0.2
2025-10-06,SKU-1030,WH-04,102,120,225,0.2
2025-10-06,SKU-1031,WH-04,232,50,97,0.2
2025-10-06,SKU-1032,WH-04,204,80,160,0.2
2025-10-06,SKU-1033,WH-04,13,30,66,0.2
2025-10-06,SKU-1034,WH-04,127,50,112,0.2
2025-10-06,SKU-1035,WH-04,134,30,68,0.2
2025-10-06,SKU-1036,WH-04,274,80,147,0.2
2025-10-06,SKU-1037,WH-04,584,120,254,0.2
2025-10-06,SKU-1038,WH-04,399,80,175,0.2
2025-10-06,SKU-1039,WH-04,538,120,248,0.2
2025-10-06,SKU-1040,WH-04,249,50,118,0.2
2025-10-06,SKU-1041,WH-04,212,50,113,0.2
2025-10-06,SKU-1042,WH-04,393,120,287,0.2
2025-10-06,SKU-1043,WH-04,433,120,275,0.2
2025-10-06,SKU-1044,WH-04,127,30,62,0.2
2025-10-06,SKU-1045,WH-04,264,80,146,0.2
2025-10-06,SKU-1046,WH-04,27,30,64,0.2
2025-10-06,SKU-1047,WH-04,560,120,282,0.2
2025-10-06,SKU-1048,WH-04,188,50,116,0.2
2025-10-06,SKU-1049,WH-04,331,80,162,0.2
2025-10-06,SKU-1050,WH-04,222,50,99,0.2
2025-10-06,SKU-1051,WH-04,122,30,67,0.2
2025-10-06,SKU-1052,WH-04,258,80,174,0.2
2025-10-06,SKU-1053,WH-04,390,80,186,0.2
2025-10-06,SKU-1054,WH-04,172,80,168,0.2
2025-10-06,SKU-1055,WH-04,38,80,189,0.2
2025-10-06,SKU-1056,WH-04,343,80,148,0.2
2025-10-06,SKU-1057,WH-04,372,120,225,0.2
2025-10-06,SKU-1058,WH-04,106,120,275,0.2
2025-10-06,SKU-1059,WH-04,42,50,93,0.2
2025-10-13,SKU-1000,WH-01,122,30,65,0.2
2025-10-13,SKU-1001,WH-01,128,30,61,0.2
2025-10-13,SKU-1002,WH-01,14,80,177,0.2
2025-10-13,SKU-1003,WH-01,114,30,71,0.2
2025-10-13,SKU-1004,WH-01,116,30,64,0.2
2025-10-13,SKU-1005,WH-01,360,80,145,0.2
2025-10-13,SKU-1006,WH-01,140,50,90,0.2
2025-10-13,SKU-1007,WH-01,95,30,69,0.2
2025-10-13,SKU-1008,WH-01,75,30,61,0.2
2025-10-13,SKU-1009,WH-01,117,30,65,0.2
2025-10-13,SKU-1010,WH-01,67,30,67,0.2
2025-10-13,SKU-1011,WH-01,1,30,57,0.2
2025-10-13,SKU-1012,WH-01,76,120,254,0.2
2025-10-13,SKU-1013,WH-01,301,80,155,0.2
2025-10-13,SKU-1014,WH-01,116,50,105,0.2
2025-10-13,SKU-1015,WH-01,294,120,282,0.2
2025-10-13,SKU-1016,WH-01,83,30,63,0.2
2025-10-13,SKU-1017,WH-01,255,80,173,0.2
2025-10-13,SKU-1018,WH-01,258,50,111,0.2
2025-10-13,SKU-1019,WH-01,0,120,272,0.2
2025-10-13,SKU-1020,WH-01,323,80,184,0.2
2025-10-13,SKU-1021,WH-01,0,120,230,0.2
2025-10-13,SKU-1022,WH-01,252,50,115,0.2
2025-10-13,SKU-1023,WH-01,136,30,65,0.2
2025-10-13,SKU-1024,WH-01,149,30,65,0.2
2025-10-13,SKU-1025,WH-01,168,50,91,0.2
2025-10-13,SKU-1026,WH-01,113,30,55,0.2
2025-10-13,SKU-1027,WH-01,0,80,171,0.2
2025-10-13,SKU-1028,WH-01,89,30,65,0.2
2025-10-13,SKU-1029,WH-01,15,30,65,0.2
2025-10-13,SKU-1030,WH-01,277,50,113,0.2
2025-10-13,SKU-1031,WH-01,0,120,233,0.2
2025-10-13,SKU-1032,WH-01,108,30,59,0.2
2025-10-13,SKU-1033,WH-01,473,120,239,0.2
2025-10-13,SKU-1034,WH-01,426,80,175,0.2
2025-10-13,SKU-1035,WH-01,334,80,172,0.2
2025-10-13,SKU-1036,WH-01,0,120,260,0.2
2025-10-13,SKU-1037,WH-01,0,50,96,0.2
2025-10-13,SKU-1038,WH-01,83,120,221,0.2
2025-10-13,SKU-1039,WH-01,35,120,270,0.2
2025-10-13,SKU-1040,WH-01,351,120,246,0.2
2025-10-13,SKU-1041,WH-01,247,50,107,0.2
2025-10-13,SKU-1042,WH-01,141,50,99,0.2
2025-10-13,SKU-1043,WH-01,190,80,162,0.2
2025-10-13,SKU-1044,WH-01,235,120,226,0.2
2025-10-13,SKU-1045,WH-01,75,30,58,0.2
2025-10-13,SKU-1046,WH-01,485,120,251,0.2
2025-10-13,SKU-1047,WH-01,129,30,63,0.2
2025-10-13,SKU-1048,WH-01,113,30,62,0.2
2025-10-13,SKU-1049,WH-01,344,120,222,0.2
2025-10-13,SKU-1050,WH-01,108,50,102,0.2
2025-10-13,SKU-1051,WH-01,0,80,167,0.2
2025-10-13,SKU-1052,WH-01,1,120,272,0.2
2025-10-13,SKU-1053,WH-01,67,30,65,0.2
2025-10-13,SKU-1054,WH-01,11,30,68,0.2
2025-10-13,SKU-1055,WH-01,452,120,267,0.2
2025-10-13,SKU-1056,WH-01,331,80,175,0.2
2025-10-13,SKU-1057,WH-01,275,80,150,0.2
2025-10-13,SKU-1058,WH-01,0,80,159,0.2
2025-10-13,SKU-1059,WH-01,109,50,97,0.2
2025-10-13,SKU-1000,WH-02,312,120,261,0.2
2025-10-13,SKU-1001,WH-02,142,30,70,0.2
2025-10-13,SKU-1002,WH-02,200,50,98,0.2
2025-10-13,SKU-1003,WH-02,62,120,255,0.2
2025-10-13,SKU-1004,WH-02,553,120,230,0.2
2025-10-13,SKU-1005,WH-02,412,80,175,0.2
2025-10-13,SKU-1006,WH-02,196,50,101,0.2
2025-10-13,SKU-1007,WH-02,0,30,63,0.2
2025-10-13,SKU-1008,WH-02,132,30,58,0.2
2025-10-13,SKU-1009,WH-02,140,30,61,0.2
2025-10-13,SKU-1010,WH-02,242,120,242,0.2
2025-10-13,SKU-1011,WH-02,418,80,177,0.2
2025-10-13,SKU-1012,WH-02,61,30,58,0.2
2025-10-13,SKU-1013,WH-02,299,120,273,0.2
2025-10-13,SKU-1014,WH-02,0,50,119,0.2
2025-10-13,SKU-1015,WH-02,217,50,119,0.2
2025-10-13,SKU-1016,WH-02,341,120,244,0.2
2025-10-13,SKU-1017,WH-02,65,30,58,0.2
2025-10-13,SKU-1018,WH-02,93,30,70,0.2
2025-10-13,SKU-1019,WH-02,243,50,119,0.2
2025-10-13,SKU-1020,WH-02,179,50,115,0.2
2025-10-13,SKU-1021,WH-02,468,80,190,0.2
2025-10-13,SKU-1022,WH-02,162,50,98,0.2
2025-10-13,SKU-1023,WH-02,166,30,68,0.2
2025-10-13,SKU-1024,WH-02,325,120,252,0.2
2025-10-13,SKU-1025,WH-02,293,120,243,0.2
2025-10-13,SKU-1026,WH-02,131,30,54,0.2
2025-10-13,SKU-1027,WH-02,111,50,110,0.2
2025-10-13,SKU-1028,WH-02,293,80,186,0.2
2025-10-13,SKU-1029,WH-02,5,80,190,0.2
2025-10-13,SKU-1030,WH-02,61,30,57,0.2
2025-10-13,SKU-1031,WH-02,91,30,63,0.2
2025-10-13,SKU-1032,WH-02,98,120,281,0.2
2025-10-13,SKU-1033,WH-02,39,50,115,0.2
2025-10-13,SKU-1034,WH-02,292,120,284,0.2
2025-10-13,SKU-1035,WH-02,370,80,179,0.2
2025-10-13,SKU-1036,WH-02,0,50,97,0.2
2025-10-13,SKU-1037,WH-02,135,30,57,0.2
2025-10-13,SKU-1038,WH-02,449,80,187,0.2
2025-10-13,SKU-1039,WH-02,17,30,65,0.2
2025-10-13,SKU-1040,WH-02,329,80,165,0.2
2025-10-13,SKU-1041,WH-02,24,80,176,0.2
2025-10-13,SKU-1042,WH-02,104,30,57,0.2
2025-10-13,SKU-1043,WH-02,404,80,186,0.2
2025-10-13,SKU-1044,WH-02,167,50,98,0.2
2025-10-13,SKU-1045,WH-02,1,80,176,0.2
2025-10-13,SKU-1046,WH-02,20,80,165,0.2
2025-10-13,SKU-1047,WH-02,134,30,63,0.2
2025-10-13,SKU-1048,WH-02,9,30,63,0.2
2025-10-13,SKU-1049,WH-02,0,50,94,0.2
2025-10-13,SKU-1050,WH-02,61,80,180,0.2
2025-10-13,SKU-1051,WH-02,328,120,247,0.2
2025-10-13,SKU-1052,WH-02,358,80,180,0.2
2025-10-13,SKU-1053,WH-02,20,50,95,0.2
2025-10-13,SKU-1054,WH-02,280,120,279,0.2
2025-10-13,SKU-1055,WH-02,104,30,61,0.2
2025-10-13,SKU-1056,WH-02,405,120,224,0.2
2025-10-13,SKU-1057,WH-02,61,120,252,0.2
2025-10-13,SKU-1058,WH-02,141,30,58,0.2
2025-10-13,SKU-1059,WH-02,220,50,110,0.2
2025-10-13,SKU-1000,WH-03,200,80,153,0.2
2025-10-13,SKU-1001,WH-03,0,30,60,0.2
2025-10-13,SKU-1002,WH-03,622,120,264,0.2
2025-10-13,SKU-1003,WH-03,21,30,66,0.2
2025-10-13,SKU-1004,WH-03,437,120,269,0.2
2025-10-13,SKU-1005,WH-03,83,30,63,0.2
2025-10-13,SKU-1006,WH-03,645,120,286,0.2
2025-10-13,SKU-1007,WH-03,376,80,181,0.2
2025-10-13,SKU-1008,WH-03,119,30,67,0.2
2025-10-13,SKU-1009,WH-03,189,80,178,0.2
2025-10-13,SKU-1010,WH-03,175,50,92,0.2
2025-10-13,SKU-1011,WH-03,490,120,226,0.2
2025-10-13,SKU-1012,WH-03,153,30,71,0.2
2025-10-13,SKU-1013,WH-03,210,80,157,0.2
2025-10-13,SKU-1014,WH-03,133,50,94,0.2
2025-10-13,SKU-1015,WH-03,232,50,117,0.2
2025-10-13,SKU-1016,WH-03,191,80,155,0.2
2025-10-13,SKU-1017,WH-03,537,120,234,0.2
2025-10-13,SKU-1018,WH-03,115,30,70,0.2
2025-10-13,SKU-1019,WH-03,0,120,255,0.2
2025-10-13,SKU-1020,WH-03,158,50,108,0.2
2025-10-13,SKU-1021,WH-03,172,80,146,0.2
2025-10-13,SKU-1022,WH-03,289,120,274,0.2
2025-10-13,SKU-1023,WH-03,11,30,61,0.2
2025-10-13,SKU-1024,WH-03,8,30,65,0.2
2025-10-13,SKU-1025,WH-03,97,30,57,0.2
2025-10-13,SKU-1026,WH-03,482,120,277,0.2
2025-10-13,SKU-1027,WH-03,14,30,61,0.2
2025-10-13,SKU-1028,WH-03,0,120,217,0.2
2025-10-13,SKU-1029,WH-03,97,30,61,0.2
2025-10-13,SKU-1030,WH-03,33,50,100,0.2
2025-10-13,SKU-1031,WH-03,188,50,105,0.2
2025-10-13,SKU-1032,WH-03,407,120,258,0.2
2025-10-13,SKU-1033,WH-03,365,120,243,0.2
2025-10-13,SKU-1034,WH-03,248,80,145,0.2
2025-10-13,SKU-1035,WH-03,175,50,95,0.2
2025-10-13,SKU-1036,WH-03,266,120,253,0.2
2025-10-13,SKU-1037,WH-03,372,120,250,0.2
2025-10-13,SKU-1038,WH-03,99,30,57,0.2
2025-10-13,SKU-1039,WH-03,586,120,285,0.2
2025-10-13,SKU-1040,WH-03,13,30,64,0.2
2025-10-13,SKU-1041,WH-03,59,30,58,0.2
2025-10-13,SKU-1042,WH-03,624,120,280,0.2
2025-10-13,SKU-1043,WH-03,179,50,94,0.2
2025-10-13,SKU-1044,WH-03,253,120,216,0.2
2025-10-13,SKU-1045,WH-03,369,80,183,0.2
2025-10-13,SKU-1046,WH-03,491,120,284,0.2
2025-10-13,SKU-1047,WH-03,174,80,168,0.2
2025-10-13,SKU-1048,WH-03,210,50,99,0.2
2025-10-13,SKU-1049,WH-03,497,120,229,0.2
2025-10-13,SKU-1050,WH-03,0,80,180,0.2
2025-10-13,SKU-1051,WH-03,127,30,61,0.2
2025-10-13,SKU-1052,WH-03,87,30,55,0.2
2025-10-13,SKU-1053,WH-03,189,50,90,0.2
2025-10-13,SKU-1054,WH-03,205,80,161,0.2
2025-10-13,SKU-1055,WH-03,0,80,174,0.2
2025-10-13,SKU-1056,WH-03,95,50,95,0.2
2025-10-13,SKU-1057,WH-03,308,80,149,0.2
2025-10-13,SKU-1058,WH-03,76,30,65,0.2
2025-10-13,SKU-1059,WH-03,56,30,55,0.2
2025-10-13,SKU-1000,WH-04,11,120,279,0.2
2025-10-13,SKU-1001,WH-04,373,80,156,0.2
2025-10-13,SKU-1002,WH-04,305,80,154,0.2
2025-10-13,SKU-1003,WH-04,104,50,103,0.2
2025-10-13,SKU-1004,WH-04,45,80,187,0.2
2025-10-13,SKU-1005,WH-04,97,30,56,0.2
2025-10-13,SKU-1006,WH-04,359,80,188,0.2
2025-10-13,SKU-1007,WH-04,65,30,57,0.2
2025-10-13,SKU-1008,WH-04,367,80,167,0.2
2025-10-13,SKU-1009,WH-04,361,80,145,0.2
2025-10-13,SKU-1010,WH-04,506,120,237,0.2
2025-10-13,SKU-1011,WH-04,372,120,283,0.2
2025-10-13,SKU-1012,WH-04,147,50,107,0.2
2025-10-13,SKU-1013,WH-04,22,30,69,0.2
2025-10-13,SKU-1014,WH-04,0,80,177,0.2
2025-10-13,SKU-1015,WH-04,166,80,162,0.2
2025-10-13,SKU-1016,WH-04,361,80,190,0.2
2025-10-13,SKU-1017,WH-04,75,30,67,0.2
2025-10-13,SKU-1018,WH-04,140,30,60,0.2
2025-10-13,SKU-1019,WH-04,379,120,223,0.2
2025-10-13,SKU-1020,WH-04,402,80,178,0.2
2025-10-13,SKU-1021,WH-04,96,30,58,0.2
2025-10-13,SKU-1022,WH-04,96,30,68,0.2
2025-10-13,SKU-1023,WH-04,253,120,247,0.2
2025-10-13,SKU-1024,WH-04,233,50,94,0.2
2025-10-13,SKU-1025,WH-04,216,50,104,0.2
2025-10-13,SKU-1026,WH-04,145,30,61,0.2
2025-10-13,SKU-1027,WH-04,214,50,115,0.2
2025-10-13,SKU-1028,WH-04,24,30,56,0.2
2025-10-13,SKU-1029,WH-04,111,50,107,0.2
2025-10-13,SKU-1030,WH-04,283,120,248,0.2
2025-10-13,SKU-1031,WH-04,139,30,67,0.2
2025-10-13,SKU-1032,WH-04,266,50,117,0.2
2025-10-13,SKU-1033,WH-04,108,30,59,0.2
2025-10-13,SKU-1034,WH-04,0,50,93,0.2
2025-10-13,SKU-1035,WH-04,253,50,111,0.2
2025-10-13,SKU-1036,WH-04,317,120,259,0.2
2025-10-13,SKU-1037,WH-04,253,80,181,0.2
2025-10-13,SKU-1038,WH-04,228,80,153,0.2
2025-10-13,SKU-1039,WH-04,530,120,217,0.2
2025-10-13,SKU-1040,WH-04,484,120,260,0.2
2025-10-13,SKU-1041,WH-04,216,80,175,0.2
2025-10-13,SKU-1042,WH-04,29,120,254,0.2
2025-10-13,SKU-1043,WH-04,572,120,260,0.2
2025-10-13,SKU-1044,WH-04,130,50,117,0.2
2025-10-13,SKU-1045,WH-04,79,30,63,0.2
2025-10-13,SKU-1046,WH-04,151,30,66,0.2
2025-10-13,SKU-1047,WH-04,523,120,276,0.2
2025-10-13,SKU-1048,WH-04,170,30,69,0.2
2025-10-13,SKU-1049,WH-04,137,30,64,0.2
2025-10-13,SKU-1050,WH-04,147,30,71,0.2
2025-10-13,SKU-1051,WH-04,5,80,158,0.2
2025-10-13,SKU-1052,WH-04,84,30,55,0.2
2025-10-13,SKU-1053,WH-04,368,80,177,0.2
2025-10-13,SKU-1054,WH-04,689,120,283,0.2
2025-10-13,SKU-1055,WH-04,168,50,118,0.2
2025-10-13,SKU-1056,WH-04,192,50,114,0.2
2025-10-13,SKU-1057,WH-04,318,120,251,0.2
2025-10-13,SKU-1058,WH-04,232,50,96,0.2
2025-10-13,SKU-1059,WH-04,217,80,163,0.2
2025-10-20,SKU-1000,WH-01,102,50,100,0.2
2025-10-20,SKU-1001,WH-01,80,30,62,0.2
2025-10-20,SKU-1002,WH-01,179,50,117,0.2
2025-10-20,SKU-1003,WH-01,141,50,92,0.2
2025-10-20,SKU-1004,WH-01,220,50,99,0.2
2025-10-20,SKU-1005,WH-01,146,30,67,0.2
2025-10-20,SKU-1006,WH-01,155,50,111,0.2
2025-10-20,SKU-1007,WH-01,536,120,244,0.2
2025-10-20,SKU-1008,WH-01,335,80,157,0.2
2025-10-20,SKU-1009,WH-01,232,50,113,0.2
2025-10-20,SKU-1010,WH-01,140,50,99,0.2
2025-10-20,SKU-1011,WH-01,0,30,63,0.2
2025-10-20,SKU-1012,WH-01,308,120,269,0.2
2025-10-20,SKU-1013,WH-01,543,120,252,0.2
2025-10-20,SKU-1014,WH-01,513,120,251,0.2
2025-10-20,SKU-1015,WH-01,203,50,90,0.2
2025-10-20,SKU-1016,WH-01,366,80,149,0.2
2025-10-20,SKU-1017,WH-01,230,50,113,0.2
2025-10-20,SKU-1018,WH-01,213,80,156,0.2
2025-10-20,SKU-1019,WH-01,78,30,62,0.2
2025-10-20,SKU-1020,WH-01,18,120,271,0.2
2025-10-20,SKU-1021,WH-01,147,30,61,0.2
2025-10-20,SKU-1022,WH-01,23,30,60,0.2
2025-10-20,SKU-1023,WH-01,538,120,234,0.2
2025-10-20,SKU-1024,WH-01,467,120,270,0.2
2025-10-20,SKU-1025,WH-01,661,120,267,0.2
2025-10-20,SKU-1026,WH-01,292,80,158,0.2
2025-10-20,SKU-1027,WH-01,276,120,227,0.2
2025-10-20,SKU-1028,WH-01,182,50,93,0.2
2025-10-20,SKU-1029,WH-01,304,120,284,0.2
2025-10-20,SKU-1030,WH-01,134,30,67,0.2
2025-10-20,SKU-1031,WH-01,102,30,62,0.2
2025-10-20,SKU-1032,WH-01,15,30,67,0.2
2025-10-20,SKU-1033,WH-01,21,80,148,0.2
2025-10-20,SKU-1034,WH-01,325,80,168,0.2
2025-10-20,SKU-1035,WH-01,313,120,283,0.2
2025-10-20,SKU-1036,WH-01,70,30,61,0.2
2025-10-20,SKU-1037,WH-01,216,80,155,0.2
2025-10-20,SKU-1038,WH-01,362,120,281,0.2
2025-10-20,SKU-1039,WH-01,7,30,68,0.2
2025-10-20,SKU-1040,WH-01,0,80,147,0.2
2025-10-20,SKU-1041,WH-01,74,30,67,0.2
2025-10-20,SKU-1042,WH-01,5,80,188,0.2
2025-10-20,SKU-1043,WH-01,333,80,171,0.2
2025-10-20,SKU-1044,WH-01,473,120,286,0.2
2025-10-20,SKU-1045,WH-01,325,120,239,0.2
2025-10-20,SKU-1046,WH-01,134,30,64,0.2
2025-10-20,SKU-1047,WH-01,201,50,109,0.2
2025-10-20,SKU-1048,WH-01,365,120,243,0.2
2025-10-20,SKU-1049,WH-01,104,30,56,0.2
2025-10-20,SKU-1050,WH-01,69,120,256,0.2
2025-10-20,SKU-1051,WH-01,175,50,118,0.2
2025-10-20,SKU-1052,WH-01,277,80,156,0.2
2025-10-20,SKU-1053,WH-01,131,30,57,0.2
2025-10-20,SKU-1054,WH-01,246,50,116,0.2
2025-10-20,SKU-1055,WH-01,43,50,109,0.2
2025-10-20,SKU-1056,WH-01,333,80,170,0.2
2025-10-20,SKU-1057,WH-01,562,120,241,0.2
2025-10-20,SKU-1058,WH-01,199,50,107,0.2
2025-10-20,SKU-1059,WH-01,88,30,65,0.2
2025-10-20,SKU-1000,WH-02,398,80,165,0.2
2025-10-20,SKU-1001,WH-02,594,120,241,0.2
2025-10-20,SKU-1002,WH-02,262,50,116,0.2
2025-10-20,SKU-1003,WH-02,209,50,110,0.2
2025-10-20,SKU-1004,WH-02,123,30,64,0.2
2025-10-20,SKU-1005,WH-02,316,120,286,0.2
2025-10-20,SKU-1006,WH-02,24,50,92,0.2
2025-10-20,SKU-1007,WH-02,82,30,58,0.2
2025-10-20,SKU-1008,WH-02,334,80,183,0.2
2025-10-20,SKU-1009,WH-02,152,50,114,0.2
2025-10-20,SKU-1010,WH-02,253,50,105,0.2
2025-10-20,SKU-1011,WH-02,0,30,54,0.2
2025-10-20,SKU-1012,WH-02,117,50,113,0.2
2025-10-20,SKU-1013,WH-02,83,30,55,0.2
2025-10-20,SKU-1014,WH-02,195,50,106,0.2
2025-10-20,SKU-1015,WH-02,46,80,164,0.2
2025-10-20,SKU-1016,WH-02,294,80,190,0.2
2025-10-20,SKU-1017,WH-02,124,30,58,0.2
2025-10-20,SKU-1018,WH-02,179,50,111,0.2
2025-10-20,SKU-1019,WH-02,152,50,115,0.2
2025-10-20,SKU-1020,WH-02,266,120,260,0.2
2025-10-20,SKU-1021,WH-02,233,50,100,0.2
2025-10-20,SKU-1022,WH-02,430,120,234,0.2
2025-10-20,SKU-1023,WH-02,213,80,146,0.2
2025-10-20,SKU-1024,WH-02,1,120,243,0.2
2025-10-20,SKU-1025,WH-02,144,50,100,0.2
2025-10-20,SKU-1026,WH-02,479,120,242,0.2
2025-10-20,SKU-1027,WH-02,67,30,64,0.2
2025-10-20,SKU-1028,WH-02,510,120,287,0.2
2025-10-20,SKU-1029,WH-02,78,30,70,0.2
2025-10-20,SKU-1030,WH-02,288,80,157,0.2
2025-10-20,SKU-1031,WH-02,204,50,115,0.2
2025-10-20,SKU-1032,WH-02,554,120,264,0.2
2025-10-20,SKU-1033,WH-02,77,80,170,0.2
2025-10-20,SKU-1034,WH-02,63,30,58,0.2
2025-10-20,SKU-1035,WH-02,497,120,270,0.2
2025-10-20,SKU-1036,WH-02,120,50,106,0.2
2025-10-20,SKU-1037,WH-02,281,80,183,0.2
2025-10-20,SKU-1038,WH-02,209,50,95,0.2
2025-10-20,SKU-1039,WH-02,70,30,55,0.2
2025-10-20,SKU-1040,WH-02,125,30,57,0.2
2025-10-20,SKU-1041,WH-02,350,80,172,0.2
2025-10-20,SKU-1042,WH-02,315,80,148,0.2
2025-10-20,SKU-1043,WH-02,359,80,146,0.2
2025-10-20,SKU-1044,WH-02,521,120,247,0.2
2025-10-20,SKU-1045,WH-02,152,50,91,0.2
2025-10-20,SKU-1046,WH-02,0,80,180,0.2
2025-10-20,SKU-1047,WH-02,49,50,97,0.2
2025-10-20,SKU-1048,WH-02,395,120,258,0.2
2025-10-20,SKU-1049,WH-02,337,120,252,0.2
2025-10-20,SKU-1050,WH-02,234,50,103,0.2
2025-10-20,SKU-1051,WH-02,0,50,110,0.2
2025-10-20,SKU-1052,WH-02,135,50,105,0.2
2025-10-20,SKU-1053,WH-02,116,50,114,0.2
2025-10-20,SKU-1054,WH-02,78,120,217,0.2
2025-10-20,SKU-1055,WH-02,56,80,178,0.2
2025-10-20,SKU-1056,WH-02,86,30,69,0.2
2025-10-20,SKU-1057,WH-02,139,50,91,0.2
2025-10-20,SKU-1058,WH-02,408,80,171,0.2
2025-10-20,SKU-1059,WH-02,95,30,66,0.2
2025-10-20,SKU-1000,WH-03,218,80,159,0.2
2025-10-20,SKU-1001,WH-03,579,120,264,0.2
2025-10-20,SKU-1002,WH-03,334,80,152,0.2
2025-10-20,SKU-1003,WH-03,240,50,106,0.2
2025-10-20,SKU-1004,WH-03,351,80,183,0.2
2025-10-20,SKU-1005,WH-03,332,80,181,0.2
2025-10-20,SKU-1006,WH-03,102,30,60,0.2
2025-10-20,SKU-1007,WH-03,405,80,176,0.2
2025-10-20,SKU-1008,WH-03,115,50,114,0.2
2025-10-20,SKU-1009,WH-03,140,30,64,0.2
2025-10-20,SKU-1010,WH-03,330,80,157,0.2
2025-10-20,SKU-1011,WH-03,183,50,101,0.2
2025-10-20,SKU-1012,WH-03,0,120,246,0.2
2025-10-20,SKU-1013,WH-03,517,120,217,0.2
2025-10-20,SKU-1014,WH-03,200,50,113,0.2
2025-10-20,SKU-1015,WH-03,271,50,116,0.2
2025-10-20,SKU-1016,WH-03,105,30,61,0.2
2025-10-20,SKU-1017,WH-03,97,30,59,0.2
2025-10-20,SKU-1018,WH-03,183,50,102,0.2
2025-10-20,SKU-1019,WH-03,82,120,217,0.2
2025-10-20,SKU-1020,WH-03,531,120,266,0.2
2025-10-20,SKU-1021,WH-03,541,120,269,0.2
2025-10-20,SKU-1022,WH-03,163,50,92,0.2
2025-10-20,SKU-1023,WH-03,204,50,94,0.2
2025-10-20,SKU-1024,WH-03,470,120,269,0.2
2025-10-20,SKU-1025,WH-03,29,50,108,0.2
2025-10-20,SKU-1026,WH-03,217,50,99,0.2
2025-10-20,SKU-1027,WH-03,306,80,178,0.2
2025-10-20,SKU-1028,WH-03,377,120,236,0.2
2025-10-20,SKU-1029,WH-03,176,50,118,0.2
2025-10-20,SKU-1030,WH-03,539,120,254,0.2
2025-10-20,SKU-1031,WH-03,128,30,57,0.2
2025-10-20,SKU-1032,WH-03,378,80,154,0.2
2025-10-20,SKU-1033,WH-03,242,50,100,0.2
2025-10-20,SKU-1034,WH-03,306,80,148,0.2
2025-10-20,SKU-1035,WH-03,176,50,90,0.2
2025-10-20,SKU-1036,WH-03,117,30,65,0.2
2025-10-20,SKU-1037,WH-03,425,80,179,0.2
2025-10-20,SKU-1038,WH-03,183,80,173,0.2
2025-10-20,SKU-1039,WH-03,132,30,65,0.2
2025-10-20,SKU-1040,WH-03,225,80,151,0.2
2025-10-20,SKU-1041,WH-03,87,30,56,0.2
2025-10-20,SKU-1042,WH-03,404,120,262,0.2
2025-10-20,SKU-1043,WH-03,190,50,94,0.2
2025-10-20,SKU-1044,WH-03,7,80,151,0.2
2025-10-20,SKU-1045,WH-03,398,80,191,0.2
2025-10-20,SKU-1046,WH-03,169,30,68,0.2
2025-10-20,SKU-1047,WH-03,174,30,70,0.2
2025-10-20,SKU-1048,WH-03,330,120,226,0.2
2025-10-20,SKU-1049,WH-03,170,50,96,0.2
2025-10-20,SKU-1050,WH-03,253,120,221,0.2
2025-10-20,SKU-1051,WH-03,164,50,91,0.2
2025-10-20,SKU-1052,WH-03,327,120,277,0.2
2025-10-20,SKU-1053,WH-03,300,80,164,0.2
2025-10-20,SKU-1054,WH-03,116,30,56,0.2
2025-10-20,SKU-1055,WH-03,126,30,65,0.2
2025-10-20,SKU-1056,WH-03,0,80,167,0.2
2025-10-20,SKU-1057,WH-03,316,80,184,0.2
2025-10-20,SKU-1058,WH-03,361,80,167,0.2
2025-10-20,SKU-1059,WH-03,371,120,239,0.2
2025-10-20,SKU-1000,WH-04,331,120,281,0.2
2025-10-20,SKU-1001,WH-04,337,80,171,0.2
2025-10-20,SKU-1002,WH-04,130,50,98,0.2
2025-10-20,SKU-1003,WH-04,33,50,111,0.2
2025-10-20,SKU-1004,WH-04,146,50,90,0.2
2025-10-20,SKU-1005,WH-04,279,50,112,0.2
2025-10-20,SKU-1006,WH-04,146,50,96,0.2
2025-10-20,SKU-1007,WH-04,196,50,115,0.2
2025-10-20,SKU-1008,WH-04,467,80,188,0.2
2025-10-20,SKU-1009,WH-04,328,80,167,0.2
2025-10-20,SKU-1010,WH-04,124,30,57,0.2
2025-10-20,SKU-1011,WH-04,29,30,56,0.2
2025-10-20,SKU-1012,WH-04,400,120,250,0.2
2025-10-20,SKU-1013,WH-04,0,50,106,0.2
2025-10-20,SKU-1014,WH-04,87,30,64,0.2
2025-10-20,SKU-1015,WH-04,142,30,60,0.2
2025-10-20,SKU-1016,WH-04,599,120,267,0.2
2025-10-20,SKU-1017,WH-04,213,50,90,0.2
2025-10-20,SKU-1018,WH-04,5,120,287,0.2
2025-10-20,SKU-1019,WH-04,289,80,150,0.2
2025-10-20,SKU-1020,WH-04,379,80,185,0.2
2025-10-20,SKU-1021,WH-04,154,30,63,0.2
2025-10-20,SKU-1022,WH-04,9,50,95,0.2
2025-10-20,SKU-1023,WH-04,241,50,99,0.2
2025-10-20,SKU-1024,WH-04,197,50,104,0.2
2025-10-20,SKU-1025,WH-04,87,30,54,0.2
2025-10-20,SKU-1026,WH-04,253,120,221,0.2
2025-10-20,SKU-1027,WH-04,390,120,243,0.2
2025-10-20,SKU-1028,WH-04,82,30,66,0.2
2025-10-20,SKU-1029,WH-04,325,120,258,0.2
2025-10-20,SKU-1030,WH-04,17,120,276,0.2
2025-10-20,SKU-1031,WH-04,107,120,281,0.2
2025-10-20,SKU-1032,WH-04,286,80,155,0.2
2025-10-20,SKU-1033,WH-04,481,120,229,0.2
2025-10-20,SKU-1034,WH-04,101,30,59,0.2
2025-10-20,SKU-1035,WH-04,206,50,117,0.2
2025-10-20,SKU-1036,WH-04,195,80,182,0.2
2025-10-20,SKU-1037,WH-04,77,30,55,0.2
2025-10-20,SKU-1038,WH-04,0,80,181,0.2
2025-10-20,SKU-1039,WH-04,167,50,104,0.2
2025-10-20,SKU-1040,WH-04,0,30,70,0.2
2025-10-20,SKU-1041,WH-04,248,80,144,0.2
2025-10-20,SKU-1042,WH-04,21,30,70,0.2
2025-10-20,SKU-1043,WH-04,144,50,108,0.2
2025-10-20,SKU-1044,WH-04,167,50,98,0.2
2025-10-20,SKU-1045,WH-04,125,30,60,0.2
2025-10-20,SKU-1046,WH-04,109,50,103,0.2
2025-10-20,SKU-1047,WH-04,129,30,69,0.2
2025-10-20,SKU-1048,WH-04,117,30,57,0.2
2025-10-20,SKU-1049,WH-04,131,30,60,0.2
2025-10-20,SKU-1050,WH-04,262,80,149,0.2
2025-10-20,SKU-1051,WH-04,169,50,119,0.2
2025-10-20,SKU-1052,WH-04,401,120,265,0.2
2025-10-20,SKU-1053,WH-04,117,30,69,0.2
2025-10-20,SKU-1054,WH-04,353,120,240,0.2
2025-10-20,SKU-1055,WH-04,292,80,184,0.2
2025-10-20,SKU-1056,WH-04,95,30,62,0.2
2025-10-20,SKU-1057,WH-04,420,120,284,0.2
2025-10-20,SKU-1058,WH-04,288,80,156,0.2
2025-10-20,SKU-1059,WH-04,64,30,57,0.2
2025-10-27,SKU-1000,WH-01,572,120,235,0.2
2025-10-27,SKU-1001,WH-01,292,120,252,0.2
2025-10-27,SKU-1002,WH-01,386,80,182,0.2
2025-10-27,SKU-1003,WH-01,280,50,118,0.2
2025-10-27,SKU-1004,WH-01,41,50,108,0.2
2025-10-27,SKU-1005,WH-01,202,50,97,0.2
2025-10-27,SKU-1006,WH-01,529,120,279,0.2
2025-10-27,SKU-1007,WH-01,126,30,61,0.2
2025-10-27,SKU-1008,WH-01,145,30,62,0.2
2025-10-27,SKU-1009,WH-01,234,80,172,0.2
2025-10-27,SKU-1010,WH-01,75,30,60,0.2
2025-10-27,SKU-1011,WH-01,70,30,55,0.2
2025-10-27,SKU-1012,WH-01,60,80,154,0.2
2025-10-27,SKU-1013,WH-01,563,120,252,0.2
2025-10-27,SKU-1014,WH-01,673,120,270,0.2
2025-10-27,SKU-1015,WH-01,377,120,253,0.2
2025-10-27,SKU-1016,WH-01,477,120,234,0.2
2025-10-27,SKU-1017,WH-01,102,30,64,0.2
2025-10-27,SKU-1018,WH-01,274,50,112,0.2
2025-10-27,SKU-1019,WH-01,110,30,56,0.2
2025-10-27,SKU-1020,WH-01,116,30,70,0.2
2025-10-27,SKU-1021,WH-01,123,30,60,0.2
2025-10-27,SKU-1022,WH-01,5,50,110,0.2
2025-10-27,SKU-1023,WH-01,314,80,155,0.2
2025-10-27,SKU-1024,WH-01,202,80,184,0.2
2025-10-27,SKU-1025,WH-01,372,80,185,0.2
2025-10-27,SKU-1026,WH-01,250,80,145,0.2
2025-10-27,SKU-1027,WH-01,47,120,263,0.2
2025-10-27,SKU-1028,WH-01,143,30,58,0.2
2025-10-27,SKU-1029,WH-01,129,50,110,0.2
2025-10-27,SKU-1030,WH-01,331,120,277,0.2
2025-10-27,SKU-1031,WH-01,121,30,61,0.2
2025-10-27,SKU-1032,WH-01,12,80,176,0.2
2025-10-27,SKU-1033,WH-01,94,50,93,0.2
2025-10-27,SKU-1034,WH-01,242,50,108,0.2
2025-10-27,SKU-1035,WH-01,118,30,61,0.2
2025-10-27,SKU-1036,WH-01,187,50,95,0.2
2025-10-27,SKU-1037,WH-01,563,120,267,0.2
2025-10-27,SKU-1038,WH-01,14,50,108,0.2
2025-10-27,SKU-1039,WH-01,211,50,96,0.2
2025-10-27,SKU-1040,WH-01,310,80,151,0.2
2025-10-27,SKU-1041,WH-01,257,50,110,0.2
2025-10-27,SKU-1042,WH-01,235,50,105,0.2
2025-10-27,SKU-1043,WH-01,236,120,216,0.2
2025-10-27,SKU-1044,WH-01,398,120,256,0.2
2025-10-27,SKU-1045,WH-01,454,80,191,0.2
2025-10-27,SKU-1046,WH-01,233,50,117,0.2
2025-10-27,SKU-1047,WH-01,192,50,102,0.2
2025-10-27,SKU-1048,WH-01,0,50,111,0.2
2025-10-27,SKU-1049,WH-01,432,120,271,0.2
2025-10-27,SKU-1050,WH-01,176,50,92,0.2
2025-10-27,SKU-1051,WH-01,132,50,114,0.2
2025-10-27,SKU-1052,WH-01,140,30,63,0.2
2025-10-27,SKU-1053,WH-01,132,30,69,0.2
2025-10-27,SKU-1054,WH-01,240,120,231,0.2
2025-10-27,SKU-1055,WH-01,376,80,160,0.2
2025-10-27,SKU-1056,WH-01,327,120,245,0.2
2025-10-27,SKU-1057,WH-01,451,120,245,0.2
2025-10-27,SKU-1058,WH-01,352,120,223,0.2
2025-10-27,SKU-1059,WH-01,138,50,105,0.2
2025-10-27,SKU-1000,WH-02,130,30,59,0.2
2025-10-27,SKU-1001,WH-02,245,50,100,0.2
2025-10-27,SKU-1002,WH-02,164,50,91,0.2
2025-10-27,SKU-1003,WH-02,250,80,190,0.2
2025-10-27,SKU-1004,WH-02,138,30,57,0.2
2025-10-27,SKU-1005,WH-02,293,80,150,0.2
2025-10-27,SKU-1006,WH-02,547,120,242,0.2
2025-10-27,SKU-1007,WH-02,17,120,243,0.2
2025-10-27,SKU-1008,WH-02,386,80,184,0.2
2025-10-27,SKU-1009,WH-02,247,50,115,0.2
2025-10-27,SKU-1010,WH-02,0,120,253,0.2
2025-10-27,SKU-1011,WH-02,173,50,91,0.2
2025-10-27,SKU-1012,WH-02,28,120,216,0.2
2025-10-27,SKU-1013,WH-02,0,30,65,0.2
2025-10-27,SKU-1014,WH-02,96,30,68,0.2
2025-10-27,SKU-1015,WH-02,483,120,250,0.2
2025-10-27,SKU-1016,WH-02,87,30,67,0.2
2025-10-27,SKU-1017,WH-02,370,120,221,0.2
2025-10-27,SKU-1018,WH-02,50,120,233,0.2
2025-10-27,SKU-1019,WH-02,463,120,216,0.2
2025-10-27,SKU-1020,WH-02,164,50,119,0.2
2025-10-27,SKU-1021,WH-02,1,50,90,0.2
2025-10-27,SKU-1022,WH-02,160,50,116,0.2
2025-10-27,SKU-1023,WH-02,0,80,152,0.2
2025-10-27,SKU-1024,WH-02,0,50,94,0.2
2025-10-27,SKU-1025,WH-02,358,80,158,0.2
2025-10-27,SKU-1026,WH-02,24,30,71,0.2
2025-10-27,SKU-1027,WH-02,391,120,251,0.2
2025-10-27,SKU-1028,WH-02,219,80,185,0.2
2025-10-27,SKU-1029,WH-02,602,120,241,0.2
2025-10-27,SKU-1030,WH-02,0,120,256,0.2
2025-10-27,SKU-1031,WH-02,458,120,219,0.2
2025-10-27,SKU-1032,WH-02,175,50,104,0.2
2025-10-27,SKU-1033,WH-02,68,30,55,0.2
2025-10-27,SKU-1034,WH-02,232,80,145,0.2
2025-10-27,SKU-1035,WH-02,306,120,233,0.2
2025-10-27,SKU-1036,WH-02,80,30,57,0.2
2025-10-27,SKU-1037,WH-02,80,30,58,0.2
2025-10-27,SKU-1038,WH-02,179,80,179,0.2
2025-10-27,SKU-1039,WH-02,220,80,163,0.2
2025-10-27,SKU-1040,WH-02,0,50,90,0.2
2025-10-27,SKU-1041,WH-02,0,30,62,0.2
2025-10-27,SKU-1042,WH-02,630,120,278,0.2
2025-10-27,SKU-1043,WH-02,337,80,147,0.2
2025-10-27,SKU-1044,WH-02,64,30,64,0.2
2025-10-27,SKU-1045,WH-02,166,80,164,0.2
2025-10-27,SKU-1046,WH-02,291,120,280,0.2
2025-10-27,SKU-1047,WH-02,302,80,153,0.2
2025-10-27,SKU-1048,WH-02,25,50,94,0.2
2025-10-27,SKU-1049,WH-02,452,80,182,0.2
2025-10-27,SKU-1050,WH-02,31,80,177,0.2
2025-10-27,SKU-1051,WH-02,251,50,102,0.2
2025-10-27,SKU-1052,WH-02,0,50,91,0.2
2025-10-27,SKU-1053,WH-02,18,50,106,0.2
2025-10-27,SKU-1054,WH-02,477,120,284,0.2
2025-10-27,SKU-1055,WH-02,93,30,71,0.2
2025-10-27,SKU-1056,WH-02,265,50,111,0.2
2025-10-27,SKU-1057,WH-02,397,120,275,0.2
2025-10-27,SKU-1058,WH-02,113,30,67,0.2
2025-10-27,SKU-1059,WH-02,270,80,162,0.2
2025-10-27,SKU-1000,WH-03,416,80,170,0.2
2025-10-27,SKU-1001,WH-03,627,120,273,0.2
2025-10-27,SKU-1002,WH-03,610,120,284,0.2
2025-10-27,SKU-1003,WH-03,200,80,166,0.2
2025-10-27,SKU-1004,WH-03,160,50,117,0.2
2025-10-27,SKU-1005,WH-03,450,120,229,0.2
2025-10-27,SKU-1006,WH-03,504,120,237,0.2
2025-10-27,SKU-1007,WH-03,179,50,115,0.2
2025-10-27,SKU-1008,WH-03,16,30,68,0.2
2025-10-27,SKU-1009,WH-03,178,50,98,0.2
2025-10-27,SKU-1010,WH-03,211,50,102,0.2
2025-10-27,SKU-1011,WH-03,146,30,59,0.2
2025-10-27,SKU-1012,WH-03,394,80,184,0.2
2025-10-27,SKU-1013,WH-03,242,80,163,0.2
2025-10-27,SKU-1014,WH-03,64,30,64,0.2
2025-10-27,SKU-1015,WH-03,188,50,110,0.2
2025-10-27,SKU-1016,WH-03,120,30,58,0.2
2025-10-27,SKU-1017,WH-03,305,120,217,0.2
2025-10-27,SKU-1018,WH-03,111,30,57,0.2
2025-10-27,SKU-1019,WH-03,108,30,69,0.2
2025-10-27,SKU-1020,WH-03,142,50,98,0.2
2025-10-27,SKU-1021,WH-03,106,30,67,0.2
2025-10-27,SKU-1022,WH-03,0,30,63,0.2
2025-10-27,SKU-1023,WH-03,110,30,62,0.2
2025-10-27,SKU-1024,WH-03,112,50,109,0.2
2025-10-27,SKU-1025,WH-03,13,30,65,0.2
2025-10-27,SKU-1026,WH-03,328,120,222,0.2
2025-10-27,SKU-1027,WH-03,290,120,223,0.2
2025-10-27,SKU-1028,WH-03,149,30,69,0.2
2025-10-27,SKU-1029,WH-03,454,120,229,0.2
2025-10-27,SKU-1030,WH-03,0,50,103,0.2
2025-10-27,SKU-1031,WH-03,164,80,144,0.2
2025-10-27,SKU-1032,WH-03,0,80,184,0.2
2025-10-27,SKU-1033,WH-03,116,50,103,0.2
2025-10-27,SKU-1034,WH-03,491,120,228,0.2
2025-10-27,SKU-1035,WH-03,185,50,116,0.2
2025-10-27,SKU-1036,WH-03,201,80,182,0.2
2025-10-27,SKU-1037,WH-03,146,30,65,0.2
2025-10-27,SKU-1038,WH-03,318,80,163,0.2
2025-10-27,SKU-1039,WH-03,183,80,148,0.2
2025-10-27,SKU-1040,WH-03,133,30,57,0.2
2025-10-27,SKU-1041,WH-03,70,30,70,0.2
2025-10-27,SKU-1042,WH-03,120,30,56,0.2
2025-10-27,SKU-1043,WH-03,101,30,57,0.2
2025-10-27,SKU-1044,WH-03,260,50,119,0.2
2025-10-27,SKU-1045,WH-03,364,120,233,0.2
2025-10-27,SKU-1046,WH-03,217,50,115,0.2
2025-10-27,SKU-1047,WH-03,159,50,107,0.2
2025-10-27,SKU-1048,WH-03,228,80,187,0.2
2025-10-27,SKU-1049,WH-03,252,80,191,0.2
2025-10-27,SKU-1050,WH-03,90,30,71,0.2
2025-10-27,SKU-1051,WH-03,252,120,239,0.2
2025-10-27,SKU-1052,WH-03,104,50,94,0.2
2025-10-27,SKU-1053,WH-03,15,30,69,0.2
2025-10-27,SKU-1054,WH-03,242,50,118,0.2
2025-10-27,SKU-1055,WH-03,264,80,185,0.2
2025-10-27,SKU-1056,WH-03,294,80,157,0.2
2025-10-27,SKU-1057,WH-03,6,30,57,0.2
2025-10-27,SKU-1058,WH-03,159,30,65,0.2
2025-10-27,SKU-1059,WH-03,292,80,150,0.2
2025-10-27,SKU-1000,WH-04,152,50,100,0.2
2025-10-27,SKU-1001,WH-04,284,120,232,0.2
2025-10-27,SKU-1002,WH-04,149,50,92,0.2
2025-10-27,SKU-1003,WH-04,0,80,156,0.2
2025-10-27,SKU-1004,WH-04,78,30,68,0.2
2025-10-27,SKU-1005,WH-04,0,80,165,0.2
2025-10-27,SKU-1006,WH-04,21,30,58,0.2
2025-10-27,SKU-1007,WH-04,135,50,116,0.2
2025-10-27,SKU-1008,WH-04,228,80,157,0.2
2025-10-27,SKU-1009,WH-04,394,80,184,0.2
2025-10-27,SKU-1010,WH-04,382,80,186,0.2
2025-10-27,SKU-1011,WH-04,76,30,64,0.2
2025-10-27,SKU-1012,WH-04,312,80,190,0.2
2025-10-27,SKU-1013,WH-04,31,50,99,0.2
2025-10-27,SKU-1014,WH-04,108,30,55,0.2
2025-10-27,SKU-1015,WH-04,284,80,190,0.2
2025-10-27,SKU-1016,WH-04,125,50,101,0.2
2025-10-27,SKU-1017,WH-04,99,30,65,0.2
2025-10-27,SKU-1018,WH-04,265,80,166,0.2
2025-10-27,SKU-1019,WH-04,279,50,113,0.2
2025-10-27,SKU-1020,WH-04,300,80,151,0.2
2025-10-27,SKU-1021,WH-04,131,30,70,0.2
2025-10-27,SKU-1022,WH-04,176,80,176,0.2
2025-10-27,SKU-1023,WH-04,300,80,188,0.2
2025-10-27,SKU-1024,WH-04,128,50,91,0.2
2025-10-27,SKU-1025,WH-04,273,80,170,0.2
2025-10-27,SKU-1026,WH-04,162,50,103,0.2
2025-10-27,SKU-1027,WH-04,243,80,185,0.2
2025-10-27,SKU-1028,WH-04,73,30,58,0.2
2025-10-27,SKU-1029,WH-04,375,80,163,0.2
2025-10-27,SKU-1030,WH-04,442,120,222,0.2
2025-10-27,SKU-1031,WH-04,0,120,241,0.2
2025-10-27,SKU-1032,WH-04,255,50,114,0.2
2025-10-27,SKU-1033,WH-04,194,50,114,0.2
2025-10-27,SKU-1034,WH-04,193,50,91,0.2
2025-10-27,SKU-1035,WH-04,138,50,95,0.2
2025-10-27,SKU-1036,WH-04,70,30,70,0.2
2025-10-27,SKU-1037,WH-04,250,50,108,0.2
2025-10-27,SKU-1038,WH-04,246,120,234,0.2
2025-10-27,SKU-1039,WH-04,264,80,151,0.2
2025-10-27,SKU-1040,WH-04,208,80,159,0.2
2025-10-27,SKU-1041,WH-04,228,120,221,0.2
2025-10-27,SKU-1042,WH-04,506,120,254,0.2
2025-10-27,SKU-1043,WH-04,1,80,176,0.2
2025-10-27,SKU-1044,WH-04,7,30,65,0.2
2025-10-27,SKU-1045,WH-04,227,50,95,0.2
2025-10-27,SKU-1046,WH-04,86,120,262,0.2
2025-10-27,SKU-1047,WH-04,90,30,55,0.2
2025-10-27,SKU-1048,WH-04,119,30,65,0.2
2025-10-27,SKU-1049,WH-04,69,80,145,0.2
2025-10-27,SKU-1050,WH-04,418,80,186,0.2
2025-10-27,SKU-1051,WH-04,439,120,238,0.2
2025-10-27,SKU-1052,WH-04,257,50,109,0.2
2025-10-27,SKU-1053,WH-04,121,50,92,0.2
2025-10-27,SKU-1054,WH-04,215,50,113,0.2
2025-10-27,SKU-1055,WH-04,99,30,62,0.2
2025-10-27,SKU-1056,WH-04,173,50,90,0.2
2025-10-27,SKU-1057,WH-04,270,80,165,0.2
2025-10-27,SKU-1058,WH-04,89,30,58,0.2
2025-10-27,SKU-1059,WH-04,174,50,98,0.2
2025-11-03,SKU-1000,WH-01,221,80,145,0.2
2025-11-03,SKU-1001,WH-01,336,120,259,0.2
2025-11-03,SKU-1002,WH-01,187,80,166,0.2
2025-11-03,SKU-1003,WH-01,106,30,68,0.2
2025-11-03,SKU-1004,WH-01,241,80,152,0.2
2025-11-03,SKU-1005,WH-01,97,50,91,0.2
2025-11-03,SKU-1006,WH-01,127,30,68,0.2
2025-11-03,SKU-1007,WH-01,256,80,163,0.2
2025-11-03,SKU-1008,WH-01,475,120,218,0.2
2025-11-03,SKU-1009,WH-01,494,120,262,0.2
2025-11-03,SKU-1010,WH-01,64,30,54,0.2
2025-11-03,SKU-1011,WH-01,305,120,253,0.2
2025-11-03,SKU-1012,WH-01,205,80,188,0.2
2025-11-03,SKU-1013,WH-01,289,80,161,0.2
2025-11-03,SKU-1014,WH-01,20,30,67,0.2
2025-11-03,SKU-1015,WH-01,426,80,182,0.2
2025-11-03,SKU-1016,WH-01,533,120,276,0.2
2025-11-03,SKU-1017,WH-01,129,30,66,0.2
2025-11-03,SKU-1018,WH-01,259,120,257,0.2
2025-11-03,SKU-1019,WH-01,399,80,170,0.2
2025-11-03,SKU-1020,WH-01,0,120,217,0.2
2025-11-03,SKU-1021,WH-01,5,80,176,0.2
2025-11-03,SKU-1022,WH-01,106,30,63,0.2
2025-11-03,SKU-1023,WH-01,68,120,250,0.2
2025-11-03,SKU-1024,WH-01,134,50,90,0.2
2025-11-03,SKU-1025,WH-01,271,80,175,0.2
2025-11-03,SKU-1026,WH-01,101,50,91,0.2
2025-11-03,SKU-1027,WH-01,37,50,113,0.2
2025-11-03,SKU-1028,WH-01,492,120,286,0.2
2025-11-03,SKU-1029,WH-01,25,30,65,0.2
2025-11-03,SKU-1030,WH-01,119,50,105,0.2
2025-11-03,SKU-1031,WH-01,607,120,255,0.2
2025-11-03,SKU-1032,WH-01,242,50,105,0.2
2025-11-03,SKU-1033,WH-01,104,30,57,0.2
2025-11-03,SKU-1034,WH-01,270,80,174,0.2
2025-11-03,SKU-1035,WH-01,12,80,167,0.2
2025-11-03,SKU-1036,WH-01,157,30,63,0.2
2025-11-03,SKU-1037,WH-01,0,30,55,0.2
2025-11-03,SKU-1038,WH-01,340,80,183,0.2
2025-11-03,SKU-1039,WH-01,404,120,252,0.2
2025-11-03,SKU-1040,WH-01,403,120,268,0.2
2025-11-03,SKU-1041,WH-01,4,30,57,0.2
2025-11-03,SKU-1042,WH-01,617,120,271,0.2
2025-11-03,SKU-1043,WH-01,250,50,104,0.2
2025-11-03,SKU-1044,WH-01,70,80,186,0.2
2025-11-03,SKU-1045,WH-01,399,120,218,0.2
2025-11-03,SKU-1046,WH-01,89,30,62,0.2
2025-11-03,SKU-1047,WH-01,174,50,114,0.2
2025-11-03,SKU-1048,WH-01,12,50,103,0.2
2025-11-03,SKU-1049,WH-01,324,80,153,0.2
2025-11-03,SKU-1050,WH-01,450,120,265,0.2
2025-11-03,SKU-1051,WH-01,181,50,119,0.2
2025-11-03,SKU-1052,WH-01,617,120,249,0.2
2025-11-03,SKU-1053,WH-01,12,120,280,0.2
2025-11-03,SKU-1054,WH-01,235,50,115,0.2
2025-11-03,SKU-1055,WH-01,526,120,280,0.2
2025-11-03,SKU-1056,WH-01,276,80,150,0.2
2025-11-03,SKU-1057,WH-01,264,80,173,0.2
2025-11-03,SKU-1058,WH-01,193,50,115,0.2
2025-11-03,SKU-1059,WH-01,401,120,254,0.2
2025-11-03,SKU-1000,WH-02,70,80,188,0.2
2025-11-03,SKU-1001,WH-02,46,80,187,0.2
2025-11-03,SKU-1002,WH-02,214,50,103,0.2
2025-11-03,SKU-1003,WH-02,451,120,224,0.2
2025-11-03,SKU-1004,WH-02,0,120,223,0.2
2025-11-03,SKU-1005,WH-02,29,50,95,0.2
2025-11-03,SKU-1006,WH-02,464,120,252,0.2
2025-11-03,SKU-1007,WH-02,178,50,94,0.2
2025-11-03,SKU-1008,WH-02,119,30,69,0.2
2025-11-03,SKU-1009,WH-02,275,80,174,0.2
2025-11-03,SKU-1010,WH-02,119,120,256,0.2
2025-11-03,SKU-1011,WH-02,36,80,186,0.2
2025-11-03,SKU-1012,WH-02,0,80,183,0.2
2025-11-03,SKU-1013,WH-02,68,30,56,0.2
2025-11-03,SKU-1014,WH-02,6,30,63,0.2
2025-11-03,SKU-1015,WH-02,309,80,145,0.2
2025-11-03,SKU-1016,WH-02,125,30,63,0.2
2025-11-03,SKU-1017,WH-02,264,50,107,0.2
2025-11-03,SKU-1018,WH-02,6,30,64,0.2
2025-11-03,SKU-1019,WH-02,138,30,65,0.2
2025-11-03,SKU-1020,WH-02,130,30,58,0.2
2025-11-03,SKU-1021,WH-02,13,80,172,0.2
2025-11-03,SKU-1022,WH-02,0,80,166,0.2
2025-11-03,SKU-1023,WH-02,172,80,151,0.2
2025-11-03,SKU-1024,WH-02,301,120,283,0.2
2025-11-03,SKU-1025,WH-02,355,120,286,0.2
2025-11-03,SKU-1026,WH-02,137,30,63,0.2
2025-11-03,SKU-1027,WH-02,199,80,184,0.2
2025-11-03,SKU-1028,WH-02,99,30,63,0.2
2025-11-03,SKU-1029,WH-02,0,30,65,0.2
2025-11-03,SKU-1030,WH-02,85,30,57,0.2
2025-11-03,SKU-1031,WH-02,96,30,57,0.2
2025-11-03,SKU-1032,WH-02,644,120,274,0.2
2025-11-03,SKU-1033,WH-02,56,80,184,0.2
2025-11-03,SKU-1034,WH-02,135,50,108,0.2
2025-11-03,SKU-1035,WH-02,282,80,168,0.2
2025-11-03,SKU-1036,WH-02,458,120,274,0.2
2025-11-03,SKU-1037,WH-02,75,30,57,0.2
2025-11-03,SKU-1038,WH-02,232,80,189,0.2
2025-11-03,SKU-1039,WH-02,177,80,152,0.2
2025-11-03,SKU-1040,WH-02,352,80,157,0.2
2025-11-03,SKU-1041,WH-02,293,120,251,0.2
2025-11-03,SKU-1042,WH-02,138,30,69,0.2
2025-11-03,SKU-1043,WH-02,0,30,71,0.2
2025-11-03,SKU-1044,WH-02,161,30,69,0.2
2025-11-03,SKU-1045,WH-02,304,120,252,0.2
2025-11-03,SKU-1046,WH-02,57,30,54,0.2
2025-11-03,SKU-1047,WH-02,204,50,119,0.2
2025-11-03,SKU-1048,WH-02,446,120,249,0.2
2025-11-03,SKU-1049,WH-02,270,50,113,0.2
2025-11-03,SKU-1050,WH-02,127,50,112,0.2
2025-11-03,SKU-1051,WH-02,364,80,181,0.2
2025-11-03,SKU-1052,WH-02,282,120,253,0.2
2025-11-03,SKU-1053,WH-02,216,50,101,0.2
2025-11-03,SKU-1054,WH-02,146,30,60,0.2
2025-11-03,SKU-1055,WH-02,253,80,173,0.2
2025-11-03,SKU-1056,WH-02,171,50,118,0.2
2025-11-03,SKU-1057,WH-02,96,30,66,0.2
2025-11-03,SKU-1058,WH-02,263,80,185,0.2
2025-11-03,SKU-1059,WH-02,217,80,155,0.2
2025-11-03,SKU-1000,WH-03,252,80,174,0.2
2025-11-03,SKU-1001,WH-03,63,120,286,0.2
2025-11-03,SKU-1002,WH-03,123,30,69,0.2
2025-11-03,SKU-1003,WH-03,135,30,71,0.2
2025-11-03,SKU-1004,WH-03,44,50,103,0.2
2025-11-03,SKU-1005,WH-03,379,80,179,0.2
2025-11-03,SKU-1006,WH-03,182,80,167,0.2
2025-11-03,SKU-1007,WH-03,0,30,57,0.2
2025-11-03,SKU-1008,WH-03,357,120,240,0.2
2025-11-03,SKU-1009,WH-03,0,50,114,0.2
2025-11-03,SKU-1010,WH-03,18,50,115,0.2
2025-11-03,SKU-1011,WH-03,27,30,65,0.2
2025-11-03,SKU-1012,WH-03,7,50,105,0.2
2025-11-03,SKU-1013,WH-03,152,50,110,0.2
2025-11-03,SKU-1014,WH-03,349,80,159,0.2
2025-11-03,SKU-1015,WH-03,6,120,266,0.2
2025-11-03,SKU-1016,WH-03,14,80,176,0.2
2025-11-03,SKU-1017,WH-03,202,50,99,0.2
2025-11-03,SKU-1018,WH-03,19,80,166,0.2
2025-11-03,SKU-1019,WH-03,139,30,71,0.2
2025-11-03,SKU-1020,WH-03,583,120,275,0.2
2025-11-03,SKU-1021,WH-03,444,120,282,0.2
2025-11-03,SKU-1022,WH-03,201,50,99,0.2
2025-11-03,SKU-1023,WH-03,257,50,105,0.2
2025-11-03,SKU-1024,WH-03,145,50,101,0.2
2025-11-03,SKU-1025,WH-03,171,50,109,0.2
2025-11-03,SKU-1026,WH-03,409,120,259,0.2
2025-11-03,SKU-1027,WH-03,107,30,64,0.2
2025-11-03,SKU-1028,WH-03,0,50,95,0.2
2025-11-03,SKU-1029,WH-03,0,80,174,0.2
2025-11-03,SKU-1030,WH-03,426,120,237,0.2
2025-11-03,SKU-1031,WH-03,280,120,247,0.2
2025-11-03,SKU-1032,WH-03,85,30,71,0.2
2025-11-03,SKU-1033,WH-03,108,30,66,0.2
2025-11-03,SKU-1034,WH-03,503,120,268,0.2
2025-11-03,SKU-1035,WH-03,124,30,71,0.2
2025-11-03,SKU-1036,WH-03,0,50,105,0.2
2025-11-03,SKU-1037,WH-03,275,80,146,0.2
2025-11-03,SKU-1038,WH-03,269,80,172,0.2
2025-11-03,SKU-1039,WH-03,163,30,67,0.2
2025-11-03,SKU-1040,WH-03,94,30,66,0.2
2025-11-03,SKU-1041,WH-03,83,30,67,0.2
2025-11-03,SKU-1042,WH-03,82,30,56,0.2
2025-11-03,SKU-1043,WH-03,539,120,265,0.2
2025-11-03,SKU-1044,WH-03,219,80,145,0.2
2025-11-03,SKU-1045,WH-03,342,120,246,0.2
2025-11-03,SKU-1046,WH-03,60,30,59,0.2
2025-11-03,SKU-1047,WH-03,222,50,99,0.2
2025-11-03,SKU-1048,WH-03,224,50,119,0.2
2025-11-03,SKU-1049,WH-03,144,30,65,0.2
2025-11-03,SKU-1050,WH-03,261,80,162,0.2
2025-11-03,SKU-1051,WH-03,115,30,54,0.2
2025-11-03,SKU-1052,WH-03,170,80,154,0.2
2025-11-03,SKU-1053,WH-03,108,50,102,0.2
2025-11-03,SKU-1054,WH-03,265,50,111,0.2
2025-11-03,SKU-1055,WH-03,267,50,109,0.2
2025-11-03,SKU-1056,WH-03,44,50,116,0.2
2025-11-03,SKU-1057,WH-03,461,120,243,0.2
2025-11-03,SKU-1058,WH-03,135,50,98,0.2
2025-11-03,SKU-1059,WH-03,190,50,108,0.2
2025-11-03,SKU-1000,WH-04,30,120,276,0.2
2025-11-03,SKU-1001,WH-04,394,120,220,0.2
2025-11-03,SKU-1002,WH-04,2,80,174,0.2
2025-11-03,SKU-1003,WH-04,19,30,60,0.2
2025-11-03,SKU-1004,WH-04,183,50,115,0.2
2025-11-03,SKU-1005,WH-04,407,120,250,0.2
2025-11-03,SKU-1006,WH-04,503,120,241,0.2
2025-11-03,SKU-1007,WH-04,268,120,243,0.2
2025-11-03,SKU-1008,WH-04,11,30,57,0.2
2025-11-03,SKU-1009,WH-04,166,50,119,0.2
2025-11-03,SKU-1010,WH-04,136,30,57,0.2
2025-11-03,SKU-1011,WH-04,130,50,114,0.2
2025-11-03,SKU-1012,WH-04,389,80,165,0.2
2025-11-03,SKU-1013,WH-04,313,120,287,0.2
2025-11-03,SKU-1014,WH-04,135,30,59,0.2
2025-11-03,SKU-1015,WH-04,92,30,60,0.2
2025-11-03,SKU-1016,WH-04,170,50,102,0.2
2025-11-03,SKU-1017,WH-04,82,30,59,0.2
2025-11-03,SKU-1018,WH-04,182,50,111,0.2
2025-11-03,SKU-1019,WH-04,413,120,258,0.2
2025-11-03,SKU-1020,WH-04,193,80,173,0.2
2025-11-03,SKU-1021,WH-04,373,80,151,0.2
2025-11-03,SKU-1022,WH-04,0,50,117,0.2
2025-11-03,SKU-1023,WH-04,28,80,147,0.2
2025-11-03,SKU-1024,WH-04,590,120,277,0.2
2025-11-03,SKU-1025,WH-04,402,120,246,0.2
2025-11-03,SKU-1026,WH-04,427,80,191,0.2
2025-11-03,SKU-1027,WH-04,77,30,56,0.2
2025-11-03,SKU-1028,WH-04,104,50,90,0.2
2025-11-03,SKU-1029,WH-04,129,50,98,0.2
2025-11-03,SKU-1030,WH-04,340,80,151,0.2
2025-11-03,SKU-1031,WH-04,297,120,218,0.2
2025-11-03,SKU-1032,WH-04,214,80,155,0.2
2025-11-03,SKU-1033,WH-04,419,80,179,0.2
2025-11-03,SKU-1034,WH-04,0,120,219,0.2
2025-11-03,SKU-1035,WH-04,321,120,237,0.2
2025-11-03,SKU-1036,WH-04,315,120,270,0.2
2025-11-03,SKU-1037,WH-04,109,120,247,0.2
2025-11-03,SKU-1038,WH-04,338,120,226,0.2
2025-11-03,SKU-1039,WH-04,418,120,246,0.2
2025-11-03,SKU-1040,WH-04,304,80,183,0.2
2025-11-03,SKU-1041,WH-04,175,30,71,0.2
2025-11-03,SKU-1042,WH-04,458,120,259,0.2
2025-11-03,SKU-1043,WH-04,182,50,99,0.2
2025-11-03,SKU-1044,WH-04,241,50,119,0.2
2025-11-03,SKU-1045,WH-04,282,120,225,0.2
2025-11-03,SKU-1046,WH-04,283,80,149,0.2
2025-11-03,SKU-1047,WH-04,202,50,93,0.2
2025-11-03,SKU-1048,WH-04,111,50,111,0.2
2025-11-03,SKU-1049,WH-04,27,30,67,0.2
2025-11-03,SKU-1050,WH-04,207,50,103,0.2
2025-11-03,SKU-1051,WH-04,609,120,250,0.2
2025-11-03,SKU-1052,WH-04,99,30,64,0.2
2025-11-03,SKU-1053,WH-04,0,120,254,0.2
2025-11-03,SKU-1054,WH-04,162,50,93,0.2
2025-11-03,SKU-1055,WH-04,241,50,117,0.2
2025-11-03,SKU-1056,WH-04,63,30,59,0.2
2025-11-03,SKU-1057,WH-04,142,30,61,0.2
2025-11-03,SKU-1058,WH-04,186,50,95,0.2
2025-11-03,SKU-1059,WH-04,223,80,158,0.2
2025-11-10,SKU-1000,WH-01,165,80,164,0.2
2025-11-10,SKU-1001,WH-01,136,30,56,0.2
2025-11-10,SKU-1002,WH-01,153,50,96,0.2
2025-11-10,SKU-1003,WH-01,221,80,166,0.2
2025-11-10,SKU-1004,WH-01,547,120,263,0.2
2025-11-10,SKU-1005,WH-01,368,80,163,0.2
2025-11-10,SKU-1006,WH-01,150,50,90,0.2
2025-11-10,SKU-1007,WH-01,111,120,281,0.2
2025-11-10,SKU-1008,WH-01,339,120,259,0.2
2025-11-10,SKU-1009,WH-01,378,80,182,0.2
2025-11-10,SKU-1010,WH-01,324,120,270,0.2
2025-11-10,SKU-1011,WH-01,227,120,216,0.2
2025-11-10,SKU-1012,WH-01,0,120,278,0.2
2025-11-10,SKU-1013,WH-01,221,50,106,0.2
2025-11-10,SKU-1014,WH-01,36,80,147,0.2
2025-11-10,SKU-1015,WH-01,178,50,97,0.2
2025-11-10,SKU-1016,WH-01,10,50,100,0.2
2025-11-10,SKU-1017,WH-01,93,30,69,0.2
2025-11-10,SKU-1018,WH-01,522,120,272,0.2
2025-11-10,SKU-1019,WH-01,332,80,157,0.2
2025-11-10,SKU-1020,WH-01,99,30,58,0.2
2025-11-10,SKU-1021,WH-01,125,30,61,0.2
2025-11-10,SKU-1022,WH-01,188,50,92,0.2
2025-11-10,SKU-1023,WH-01,192,50,91,0.2
2025-11-10,SKU-1024,WH-01,288,120,255,0.2
2025-11-10,SKU-1025,WH-01,407,120,257,0.2
2025-11-10,SKU-1026,WH-01,140,30,66,0.2
2025-11-10,SKU-1027,WH-01,193,80,166,0.2
2025-11-10,SKU-1028,WH-01,520,120,287,0.2
2025-11-10,SKU-1029,WH-01,152,50,93,0.2
2025-11-10,SKU-1030,WH-01,391,80,167,0.2
2025-11-10,SKU-1031,WH-01,585,120,258,0.2
2025-11-10,SKU-1032,WH-01,17,50,90,0.2
2025-11-10,SKU-1033,WH-01,660,120,284,0.2
2025-11-10,SKU-1034,WH-01,221,50,111,0.2
2025-11-10,SKU-1035,WH-01,249,80,166,0.2
2025-11-10,SKU-1036,WH-01,152,30,62,0.2
2025-11-10,SKU-1037,WH-01,271,50,116,0.2
2025-11-10,SKU-1038,WH-01,159,30,65,0.2
2025-11-10,SKU-1039,WH-01,11,30,64,0.2
2025-11-10,SKU-1040,WH-01,106,30,57,0.2
2025-11-10,SKU-1041,WH-01,325,80,176,0.2
2025-11-10,SKU-1042,WH-01,591,120,237,0.2
2025-11-10,SKU-1043,WH-01,305,80,171,0.2
2025-11-10,SKU-1044,WH-01,204,80,153,0.2
2025-11-10,SKU-1045,WH-01,169,50,102,0.2
2025-11-10,SKU-1046,WH-01,372,80,180,0.2
2025-11-10,SKU-1047,WH-01,520,120,255,0.2
2025-11-10,SKU-1048,WH-01,297,80,165,0.2
2025-11-10,SKU-1049,WH-01,17,80,189,0.2
2025-11-10,SKU-1050,WH-01,138,30,68,0.2
2025-11-10,SKU-1051,WH-01,207,50,90,0.2
2025-11-10,SKU-1052,WH-01,256,50,114,0.2
2025-11-10,SKU-1053,WH-01,156,50,100,0.2
2025-11-10,SKU-1054,WH-01,447,120,262,0.2
2025-11-10,SKU-1055,WH-01,313,80,149,0.2
2025-11-10,SKU-1056,WH-01,31,50,107,0.2
2025-11-10,SKU-1057,WH-01,0,30,58,0.2
2025-11-10,SKU-1058,WH-01,457,120,287,0.2
2025-11-10,SKU-1059,WH-01,90,30,65,0.2
2025-11-10,SKU-1000,WH-02,363,120,221,0.2
2025-11-10,SKU-1001,WH-02,119,50,99,0.2
2025-11-10,SKU-1002,WH-02,226,80,153,0.2
2025-11-10,SKU-1003,WH-02,330,80,167,0.2
2025-11-10,SKU-1004,WH-02,225,50,96,0.2
2025-11-10,SKU-1005,WH-02,422,120,230,0.2
2025-11-10,SKU-1006,WH-02,585,120,255,0.2
2025-11-10,SKU-1007,WH-02,255,50,111,0.2
2025-11-10,SKU-1008,WH-02,552,120,251,0.2
2025-11-10,SKU-1009,WH-02,130,30,55,0.2
2025-11-10,SKU-1010,WH-02,586,120,235,0.2
2025-11-10,SKU-1011,WH-02,12,120,220,0.2
2025-11-10,SKU-1012,WH-02,438,120,269,0.2
2025-11-10,SKU-1013,WH-02,512,120,234,0.2
2025-11-10,SKU-1014,WH-02,173,50,118,0.2
2025-11-10,SKU-1015,WH-02,102,30,68,0.2
2025-11-10,SKU-1016,WH-02,323,80,176,0.2
2025-11-10,SKU-1017,WH-02,35,50,117,0.2
2025-11-10,SKU-1018,WH-02,335,80,168,0.2
2025-11-10,SKU-1019,WH-02,173,50,113,0.2
2025-11-10,SKU-1020,WH-02,45,50,118,0.2
2025-11-10,SKU-1021,WH-02,224,80,154,0.2
2025-11-10,SKU-1022,WH-02,0,120,247,0.2
2025-11-10,SKU-1023,WH-02,292,120,253,0.2
2025-11-10,SKU-1024,WH-02,111,50,105,0.2
2025-11-10,SKU-1025,WH-02,0,80,179,0.2
2025-11-10,SKU-1026,WH-02,72,30,68,0.2
2025-11-10,SKU-1027,WH-02,89,30,59,0.2
2025-11-10,SKU-1028,WH-02,133,30,70,0.2
2025-11-10,SKU-1029,WH-02,208,50,91,0.2
2025-11-10,SKU-1030,WH-02,212,50,90,0.2
2025-11-10,SKU-1031,WH-02,136,30,61,0.2
2025-11-10,SKU-1032,WH-02,375,120,231,0.2
2025-11-10,SKU-1033,WH-02,365,120,276,0.2
2025-11-10,SKU-1034,WH-02,0,50,109,0.2
2025-11-10,SKU-1035,WH-02,0,30,62,0.2
2025-11-10,SKU-1036,WH-02,76,120,248,0.2
2025-11-10,SKU-1037,WH-02,21,50,114,0.2
2025-11-10,SKU-1038,WH-02,125,50,102,0.2
2025-11-10,SKU-1039,WH-02,331,120,259,0.2
2025-11-10,SKU-1040,WH-02,0,50,114,0.2
2025-11-10,SKU-1041,WH-02,62,30,61,0.2
2025-11-10,SKU-1042,WH-02,41,80,168,0.2
2025-11-10,SKU-1043,WH-02,330,80,185,0.2
2025-11-10,SKU-1044,WH-02,105,30,60,0.2
2025-11-10,SKU-1045,WH-02,0,80,182,0.2
2025-11-10,SKU-1046,WH-02,134,50,116,0.2
2025-11-10,SKU-1047,WH-02,142,30,62,0.2
2025-11-10,SKU-1048,WH-02,123,30,59,0.2
2025-11-10,SKU-1049,WH-02,344,80,170,0.2
2025-11-10,SKU-1050,WH-02,362,80,182,0.2
2025-11-10,SKU-1051,WH-02,152,80,144,0.2
2025-11-10,SKU-1052,WH-02,282,80,188,0.2
2025-11-10,SKU-1053,WH-02,264,80,184,0.2
2025-11-10,SKU-1054,WH-02,136,30,71,0.2
2025-11-10,SKU-1055,WH-02,327,80,166,0.2
2025-11-10,SKU-1056,WH-02,675,120,284,0.2
2025-11-10,SKU-1057,WH-02,209,80,166,0.2
2025-11-10,SKU-1058,WH-02,186,80,186,0.2
2025-11-10,SKU-1059,WH-02,310,80,187,0.2
2025-11-10,SKU-1000,WH-03,279,80,153,0.2
2025-11-10,SKU-1001,WH-03,0,30,62,0.2
2025-11-10,SKU-1002,WH-03,261,80,188,0.2
2025-11-10,SKU-1003,WH-03,249,80,179,0.2
2025-11-10,SKU-1004,WH-03,0,120,229,0.2
2025-11-10,SKU-1005,WH-03,279,120,250,0.2
2025-11-10,SKU-1006,WH-03,139,30,67,0.2
2025-11-10,SKU-1007,WH-03,59,30,58,0.2
2025-11-10,SKU-1008,WH-03,19,30,55,0.2
2025-11-10,SKU-1009,WH-03,262,80,166,0.2
2025-11-10,SKU-1010,WH-03,67,80,173,0.2
2025-11-10,SKU-1011,WH-03,511,120,259,0.2
2025-11-10,SKU-1012,WH-03,142,50,97,0.2
2025-11-10,SKU-1013,WH-03,0,80,145,0.2
2025-11-10,SKU-1014,WH-03,0,30,64,0.2
2025-11-10,SKU-1015,WH-03,363,80,150,0.2
2025-11-10,SKU-1016,WH-03,120,50,117,0.2
2025-11-10,SKU-1017,WH-03,0,80,184,0.2
2025-11-10,SKU-1018,WH-03,125,30,58,0.2
2025-11-10,SKU-1019,WH-03,420,80,191,0.2
2025-11-10,SKU-1020,WH-03,272,80,182,0.2
2025-11-10,SKU-1021,WH-03,198,50,98,0.2
2025-11-10,SKU-1022,WH-03,338,120,284,0.2
2025-11-10,SKU-1023,WH-03,109,50,93,0.2
2025-11-10,SKU-1024,WH-03,226,80,159,0.2
2025-11-10,SKU-1025,WH-03,335,120,258,0.2
2025-11-10,SKU-1026,WH-03,102,30,54,0.2
2025-11-10,SKU-1027,WH-03,71,30,55,0.2
2025-11-10,SKU-1028,WH-03,261,120,225,0.2
2025-11-10,SKU-1029,WH-03,378,80,158,0.2
2025-11-10,SKU-1030,WH-03,44,80,173,0.2
2025-11-10,SKU-1031,WH-03,0,50,90,0.2
2025-11-10,SKU-1032,WH-03,81,30,64,0.2
2025-11-10,SKU-1033,WH-03,367,80,152,0.2
2025-11-10,SKU-1034,WH-03,0,120,228,0.2
2025-11-10,SKU-1035,WH-03,262,50,111,0.2
2025-11-10,SKU-1036,WH-03,118,30,54,0.2
2025-11-10,SKU-1037,WH-03,507,120,250,0.2
2025-11-10,SKU-1038,WH-03,220,50,119,0.2
2025-11-10,SKU-1039,WH-03,196,80,182,0.2
2025-11-10,SKU-1040,WH-03,109,30,56,0.2
2025-11-10,SKU-1041,WH-03,343,80,151,0.2
2025-11-10,SKU-1042,WH-03,69,120,287,0.2
2025-11-10,SKU-1043,WH-03,408,80,176,0.2
2025-11-10,SKU-1044,WH-03,148,30,61,0.2
2025-11-10,SKU-1045,WH-03,334,120,233,0.2
2025-11-10,SKU-1046,WH-03,281,80,191,0.2
2025-11-10,SKU-1047,WH-03,365,80,172,0.2
2025-11-10,SKU-1048,WH-03,117,50,95,0.2
2025-11-10,SKU-1049,WH-03,136,50,105,0.2
2025-11-10,SKU-1050,WH-03,129,50,97,0.2
2025-11-10,SKU-1051,WH-03,144,30,69,0.2
2025-11-10,SKU-1052,WH-03,35,80,151,0.2
2025-11-10,SKU-1053,WH-03,162,50,102,0.2
2025-11-10,SKU-1054,WH-03,86,30,63,0.2
2025-11-10,SKU-1055,WH-03,0,50,106,0.2
2025-11-10,SKU-1056,WH-03,139,30,59,0.2
2025-11-10,SKU-1057,WH-03,209,50,116,0.2
2025-11-10,SKU-1058,WH-03,156,50,111,0.2
2025-11-10,SKU-1059,WH-03,0,80,182,0.2
2025-11-10,SKU-1000,WH-04,188,80,185,0.2
2025-11-10,SKU-1001,WH-04,0,120,258,0.2
2025-11-10,SKU-1002,WH-04,206,50,102,0.2
2025-11-10,SKU-1003,WH-04,538,120,258,0.2
2025-11-10,SKU-1004,WH-04,283,80,154,0.2
2025-11-10,SKU-1005,WH-04,125,30,70,0.2
2025-11-10,SKU-1006,WH-04,31,50,104,0.2
2025-11-10,SKU-1007,WH-04,413,120,241,0.2
2025-11-10,SKU-1008,WH-04,116,30,60,0.2
2025-11-10,SKU-1009,WH-04,472,120,237,0.2
2025-11-10,SKU-1010,WH-04,519,120,238,0.2
2025-11-10,SKU-1011,WH-04,406,120,276,0.2
2025-11-10,SKU-1012,WH-04,0,30,68,0.2
2025-11-10,SKU-1013,WH-04,330,80,177,0.2
2025-11-10,SKU-1014,WH-04,364,120,251,0.2
2025-11-10,SKU-1015,WH-04,392,80,180,0.2
2025-11-10,SKU-1016,WH-04,56,120,223,0.2
2025-11-10,SKU-1017,WH-04,364,120,255,0.2
2025-11-10,SKU-1018,WH-04,271,80,171,0.2
2025-11-10,SKU-1019,WH-04,341,120,220,0.2
2025-11-10,SKU-1020,WH-04,92,30,56,0.2
2025-11-10,SKU-1021,WH-04,179,80,167,0.2
2025-11-10,SKU-1022,WH-04,147,50,104,0.2
2025-11-10,SKU-1023,WH-04,456,120,241,0.2
2025-11-10,SKU-1024,WH-04,123,30,59,0.2
2025-11-10,SKU-1025,WH-04,456,120,285,0.2
2025-11-10,SKU-1026,WH-04,335,120,234,0.2
2025-11-10,SKU-1027,WH-04,662,120,271,0.2
2025-11-10,SKU-1028,WH-04,26,30,62,0.2
2025-11-10,SKU-1029,WH-04,207,50,94,0.2
2025-11-10,SKU-1030,WH-04,261,80,146,0.2
2025-11-10,SKU-1031,WH-04,399,80,184,0.2
2025-11-10,SKU-1032,WH-04,10,80,154,0.2
2025-11-10,SKU-1033,WH-04,462,120,284,0.2
2025-11-10,SKU-1034,WH-04,628,120,275,0.2
2025-11-10,SKU-1035,WH-04,139,50,101,0.2
2025-11-10,SKU-1036,WH-04,263,50,117,0.2
2025-11-10,SKU-1037,WH-04,23,50,95,0.2
2025-11-10,SKU-1038,WH-04,10,30,62,0.2
2025-11-10,SKU-1039,WH-04,360,120,226,0.2
2025-11-10,SKU-1040,WH-04,18,50,101,0.2
2025-11-10,SKU-1041,WH-04,198,50,115,0.2
2025-11-10,SKU-1042,WH-04,115,30,62,0.2
2025-11-10,SKU-1043,WH-04,59,30,55,0.2
2025-11-10,SKU-1044,WH-04,224,80,185,0.2
2025-11-10,SKU-1045,WH-04,74,30,69,0.2
2025-11-10,SKU-1046,WH-04,20,30,55,0.2
2025-11-10,SKU-1047,WH-04,225,80,184,0.2
2025-11-10,SKU-1048,WH-04,226,50,99,0.2
2025-11-10,SKU-1049,WH-04,71,80,170,0.2
2025-11-10,SKU-1050,WH-04,80,30,65,0.2
2025-11-10,SKU-1051,WH-04,462,80,187,0.2
2025-11-10,SKU-1052,WH-04,94,30,56,0.2
2025-11-10,SKU-1053,WH-04,448,80,185,0.2
2025-11-10,SKU-1054,WH-04,79,30,59,0.2
2025-11-10,SKU-1055,WH-04,471,120,234,0.2
2025-11-10,SKU-1056,WH-04,103,30,55,0.2
2025-11-10,SKU-1057,WH-04,244,120,219,0.2
2025-11-10,SKU-1058,WH-04,366,80,190,0.2
2025-11-10,SKU-1059,WH-04,9,30,62,0.2
2025-11-17,SKU-1000,WH-01,0,80,145,0.2
2025-11-17,SKU-1001,WH-01,229,80,191,0.2
2025-11-17,SKU-1002,WH-01,4,30,54,0.2
2025-11-17,SKU-1003,WH-01,48,80,156,0.2
2025-11-17,SKU-1004,WH-01,70,30,67,0.2
2025-11-17,SKU-1005,WH-01,0,50,95,0.2
2025-11-17,SKU-1006,WH-01,72,30,61,0.2
2025-11-17,SKU-1007,WH-01,225,80,169,0.2
2025-11-17,SKU-1008,WH-01,478,120,273,0.2
2025-11-17,SKU-1009,WH-01,187,50,111,0.2
2025-11-17,SKU-1010,WH-01,100,50,95,0.2
2025-11-17,SKU-1011,WH-01,92,30,60,0.2
2025-11-17,SKU-1012,WH-01,308,80,180,0.2
2025-11-17,SKU-1013,WH-01,110,30,65,0.2
2025-11-17,SKU-1014,WH-01,411,120,223,0.2
2025-11-17,SKU-1015,WH-01,349,80,157,0.2
2025-11-17,SKU-1016,WH-01,104,30,63,0.2
2025-11-17,SKU-1017,WH-01,208,50,92,0.2
2025-11-17,SKU-1018,WH-01,122,50,103,0.2
2025-11-17,SKU-1019,WH-01,467,120,267,0.2
2025-11-17,SKU-1020,WH-01,238,50,96,0.2
2025-11-17,SKU-1021,WH-01,27,50,94,0.2
2025-11-17,SKU-1022,WH-01,22,120,261,0.2
2025-11-17,SKU-1023,WH-01,152,50,114,0.2
2025-11-17,SKU-1024,WH-01,213,50,94,0.2
2025-11-17,SKU-1025,WH-01,542,120,231,0.2
2025-11-17,SKU-1026,WH-01,442,120,225,0.2
2025-11-17,SKU-1027,WH-01,370,80,149,0.2
2025-11-17,SKU-1028,WH-01,8,30,54,0.2
2025-11-17,SKU-1029,WH-01,269,120,256,0.2
2025-11-17,SKU-1030,WH-01,73,30,69,0.2
2025-11-17,SKU-1031,WH-01,24,50,91,0.2
2025-11-17,SKU-1032,WH-01,185,50,106,0.2
2025-11-17,SKU-1033,WH-01,0,80,166,0.2
2025-11-17,SKU-1034,WH-01,143,30,69,0.2
2025-11-17,SKU-1035,WH-01,140,50,112,0.2
2025-11-17,SKU-1036,WH-01,212,50,92,0.2
2025-11-17,SKU-1037,WH-01,242,80,154,0.2
2025-11-17,SKU-1038,WH-01,511,120,259,0.2
2025-11-17,SKU-1039,WH-01,124,50,110,0.2
2025-11-17,SKU-1040,WH-01,120,30,65,0.2
2025-11-17,SKU-1041,WH-01,98,30,57,0.2
2025-11-17,SKU-1042,WH-01,14,30,63,0.2
2025-11-17,SKU-1043,WH-01,146,50,104,0.2
2025-11-17,SKU-1044,WH-01,0,50,90,0.2
2025-11-17,SKU-1045,WH-01,470,120,217,0.2
2025-11-17,SKU-1046,WH-01,477,120,217,0.2
2025-11-17,SKU-1047,WH-01,0,80,181,0.2
2025-11-17,SKU-1048,WH-01,0,50,108,0.2
2025-11-17,SKU-1049,WH-01,227,120,218,0.2
2025-11-17,SKU-1050,WH-01,382,80,165,0.2
2025-11-17,SKU-1051,WH-01,255,80,186,0.2
2025-11-17,SKU-1052,WH-01,104,50,92,0.2
2025-11-17,SKU-1053,WH-01,514,120,238,0.2
2025-11-17,SKU-1054,WH-01,133,50,119,0.2
2025-11-17,SKU-1055,WH-01,60,30,54,0.2
2025-11-17,SKU-1056,WH-01,143,30,69,0.2
2025-11-17,SKU-1057,WH-01,452,120,231,0.2
2025-11-17,SKU-1058,WH-01,116,50,111,0.2
2025-11-17,SKU-1059,WH-01,76,30,67,0.2
2025-11-17,SKU-1000,WH-02,54,80,172,0.2
2025-11-17,SKU-1001,WH-02,153,50,91,0.2
2025-11-17,SKU-1002,WH-02,540,120,222,0.2
2025-11-17,SKU-1003,WH-02,20,50,95,0.2
2025-11-17,SKU-1004,WH-02,0,120,250,0.2
2025-11-17,SKU-1005,WH-02,330,80,165,0.2
2025-11-17,SKU-1006,WH-02,519,120,284,0.2
2025-11-17,SKU-1007,WH-02,412,120,264,0.2
2025-11-17,SKU-1008,WH-02,366,120,284,0.2
2025-11-17,SKU-1009,WH-02,248,80,178,0.2
2025-11-17,SKU-1010,WH-02,296,120,248,0.2
2025-11-17,SKU-1011,WH-02,196,50,105,0.2
2025-11-17,SKU-1012,WH-02,368,80,181,0.2
2025-11-17,SKU-1013,WH-02,32,50,99,0.2
2025-11-17,SKU-1014,WH-02,332,80,167,0.2
2025-11-17,SKU-1015,WH-02,591,120,251,0.2
2025-11-17,SKU-1016,WH-02,609,120,277,0.2
2025-11-17,SKU-1017,WH-02,155,50,96,0.2
2025-11-17,SKU-1018,WH-02,59,120,225,0.2
2025-11-17,SKU-1019,WH-02,547,120,246,0.2
2025-11-17,SKU-1020,WH-02,0,120,227,0.2
2025-11-17,SKU-1021,WH-02,144,50,110,0.2
2025-11-17,SKU-1022,WH-02,5,30,54,0.2
2025-11-17,SKU-1023,WH-02,181,50,104,0.2
2025-11-17,SKU-1024,WH-02,169,50,108,0.2
2025-11-17,SKU-1025,WH-02,384,80,168,0.2
2025-11-17,SKU-1026,WH-02,169,50,95,0.2
2025-11-17,SKU-1027,WH-02,157,30,68,0.2
2025-11-17,SKU-1028,WH-02,122,50,119,0.2
2025-11-17,SKU-1029,WH-02,125,30,57,0.2
2025-11-17,SKU-1030,WH-02,494,120,261,0.2
2025-11-17,SKU-1031,WH-02,132,30,55,0.2
2025-11-17,SKU-1032,WH-02,476,120,250,0.2
2025-11-17,SKU-1033,WH-02,45,80,152,0.2
2025-11-17,SKU-1034,WH-02,101,120,267,0.2
2025-11-17,SKU-1035,WH-02,142,30,66,0.2
2025-11-17,SKU-1036,WH-02,462,120,254,0.2
2025-11-17,SKU-1037,WH-02,301,120,223,0.2
2025-11-17,SKU-1038,WH-02,0,80,152,0.2
2025-11-17,SKU-1039,WH-02,206,50,98,0.2
2025-11-17,SKU-1040,WH-02,120,30,55,0.2
2025-11-17,SKU-1041,WH-02,221,50,102,0.2
2025-11-17,SKU-1042,WH-02,0,80,169,0.2
2025-11-17,SKU-1043,WH-02,543,120,261,0.2
2025-11-17,SKU-1044,WH-02,265,80,165,0.2
2025-11-17,SKU-1045,WH-02,126,50,118,0.2
2025-11-17,SKU-1046,WH-02,105,30,67,0.2
2025-11-17,SKU-1047,WH-02,343,120,286,0.2
2025-11-17,SKU-1048,WH-02,261,50,105,0.2
2025-11-17,SKU-1049,WH-02,379,120,228,0.2
2025-11-17,SKU-1050,WH-02,0,30,59,0.2
2025-11-17,SKU-1051,WH-02,94,30,64,0.2
2025-11-17,SKU-1052,WH-02,66,30,54,0.2
2025-11-17,SKU-1053,WH-02,130,30,55,0.2
2025-11-17,SKU-1054,WH-02,227,50,102,0.2
2025-11-17,SKU-1055,WH-02,600,120,248,0.2
2025-11-17,SKU-1056,WH-02,64,120,287,0.2
2025-11-17,SKU-1057,WH-02,64,80,157,0.2
2025-11-17,SKU-1058,WH-02,202,80,186,0.2
2025-11-17,SKU-1059,WH-02,276,80,162,0.2
2025-11-17,SKU-1000,WH-03,159,50,97,0.2
2025-11-17,SKU-1001,WH-03,231,80,166,0.2
2025-11-17,SKU-1002,WH-03,235,50,119,0.2
2025-11-17,SKU-1003,WH-03,239,80,169,0.2
2025-11-17,SKU-1004,WH-03,421,120,266,0.2
2025-11-17,SKU-1005,WH-03,321,120,216,0.2
2025-11-17,SKU-1006,WH-03,202,80,161,0.2
2025-11-17,SKU-1007,WH-03,94,30,55,0.2
2025-11-17,SKU-1008,WH-03,254,80,147,0.2
2025-11-17,SKU-1009,WH-03,224,80,184,0.2
2025-11-17,SKU-1010,WH-03,0,30,56,0.2
2025-11-17,SKU-1011,WH-03,161,50,105,0.2
2025-11-17,SKU-1012,WH-03,243,50,101,0.2
2025-11-17,SKU-1013,WH-03,154,30,70,0.2
2025-11-17,SKU-1014,WH-03,0,120,286,0.2
2025-11-17,SKU-1015,WH-03,224,50,103,0.2
2025-11-17,SKU-1016,WH-03,598,120,287,0.2
2025-11-17,SKU-1017,WH-03,98,30,54,0.2
2025-11-17,SKU-1018,WH-03,117,50,94,0.2
2025-11-17,SKU-1019,WH-03,30,50,109,0.2
2025-11-17,SKU-1020,WH-03,153,30,67,0.2
2025-11-17,SKU-1021,WH-03,204,80,182,0.2
2025-11-17,SKU-1022,WH-03,180,50,98,0.2
2025-11-17,SKU-1023,WH-03,394,80,191,0.2
2025-11-17,SKU-1024,WH-03,196,80,181,0.2
2025-11-17,SKU-1025,WH-03,143,50,93,0.2
2025-11-17,SKU-1026,WH-03,3,80,154,0.2
2025-11-17,SKU-1027,WH-03,14,30,66,0.2
2025-11-17,SKU-1028,WH-03,89,30,63,0.2
2025-11-17,SKU-1029,WH-03,135,50,110,0.2
2025-11-17,SKU-1030,WH-03,539,120,258,0.2
2025-11-17,SKU-1031,WH-03,15,30,68,0.2
2025-11-17,SKU-1032,WH-03,218,50,91,0.2
2025-11-17,SKU-1033,WH-03,0,50,96,0.2
2025-11-17,SKU-1034,WH-03,355,80,148,0.2
2025-11-17,SKU-1035,WH-03,89,30,69,0.2
2025-11-17,SKU-1036,WH-03,343,80,144,0.2
2025-11-17,SKU-1037,WH-03,233,80,187,0.2
2025-11-17,SKU-1038,WH-03,456,80,190,0.2
2025-11-17,SKU-1039,WH-03,172,50,110,0.2
2025-11-17,SKU-1040,WH-03,316,120,285,0.2
2025-11-17,SKU-1041,WH-03,117,30,67,0.2
2025-11-17,SKU-1042,WH-03,68,30,62,0.2
2025-11-17,SKU-1043,WH-03,134,30,55,0.2
2025-11-17,SKU-1044,WH-03,403,80,181,0.2
2025-11-17,SKU-1045,WH-03,368,120,242,0.2
2025-11-17,SKU-1046,WH-03,142,50,117,0.2
2025-11-17,SKU-1047,WH-03,442,120,263,0.2
2025-11-17,SKU-1048,WH-03,390,120,232,0.2
2025-11-17,SKU-1049,WH-03,209,50,117,0.2
2025-11-17,SKU-1050,WH-03,112,50,94,0.2
2025-11-17,SKU-1051,WH-03,34,120,271,0.2
2025-11-17,SKU-1052,WH-03,408,120,227,0.2
2025-11-17,SKU-1053,WH-03,28,80,146,0.2
2025-11-17,SKU-1054,WH-03,230,50,95,0.2
2025-11-17,SKU-1055,WH-03,383,80,166,0.2
2025-11-17,SKU-1056,WH-03,95,30,58,0.2
2025-11-17,SKU-1057,WH-03,259,80,165,0.2
2025-11-17,SKU-1058,WH-03,56,80,147,0.2
2025-11-17,SKU-1059,WH-03,190,80,161,0.2
2025-11-17,SKU-1000,WH-04,270,80,182,0.2
2025-11-17,SKU-1001,WH-04,378,80,177,0.2
2025-11-17,SKU-1002,WH-04,291,120,264,0.2
2025-11-17,SKU-1003,WH-04,106,50,103,0.2
2025-11-17,SKU-1004,WH-04,415,120,229,0.2
2025-11-17,SKU-1005,WH-04,118,30,66,0.2
2025-11-17,SKU-1006,WH-04,22,30,61,0.2
2025-11-17,SKU-1007,WH-04,128,30,66,0.2
2025-11-17,SKU-1008,WH-04,88,30,58,0.2
2025-11-17,SKU-1009,WH-04,30,50,118,0.2
2025-11-17,SKU-1010,WH-04,157,30,71,0.2
2025-11-17,SKU-1011,WH-04,304,80,156,0.2
2025-11-17,SKU-1012,WH-04,156,30,68,0.2
2025-11-17,SKU-1013,WH-04,110,50,91,0.2
2025-11-17,SKU-1014,WH-04,195,50,101,0.2
2025-11-17,SKU-1015,WH-04,204,80,168,0.2
2025-11-17,SKU-1016,WH-04,172,50,113,0.2
2025-11-17,SKU-1017,WH-04,16,80,188,0.2
2025-11-17,SKU-1018,WH-04,87,30,58,0.2
2025-11-17,SKU-1019,WH-04,62,30,58,0.2
2025-11-17,SKU-1020,WH-04,223,80,183,0.2
2025-11-17,SKU-1021,WH-04,276,120,275,0.2
2025-11-17,SKU-1022,WH-04,135,30,60,0.2
2025-11-17,SKU-1023,WH-04,453,120,234,0.2
2025-11-17,SKU-1024,WH-04,462,80,188,0.2
2025-11-17,SKU-1025,WH-04,137,30,57,0.2
2025-11-17,SKU-1026,WH-04,157,50,109,0.2
2025-11-17,SKU-1027,WH-04,91,30,69,0.2
2025-11-17,SKU-1028,WH-04,268,50,111,0.2
2025-11-17,SKU-1029,WH-04,285,80,167,0.2
2025-11-17,SKU-1030,WH-04,97,120,270,0.2
2025-11-17,SKU-1031,WH-04,280,80,165,0.2
2025-11-17,SKU-1032,WH-04,303,120,251,0.2
2025-11-17,SKU-1033,WH-04,153,50,108,0.2
2025-11-17,SKU-1034,WH-04,119,30,67,0.2
2025-11-17,SKU-1035,WH-04,219,80,144,0.2
2025-11-17,SKU-1036,WH-04,119,30,59,0.2
2025-11-17,SKU-1037,WH-04,143,50,92,0.2
2025-11-17,SKU-1038,WH-04,99,30,57,0.2
2025-11-17,SKU-1039,WH-04,406,80,183,0.2
2025-11-17,SKU-1040,WH-04,44,80,187,0.2
2025-11-17,SKU-1041,WH-04,166,50,93,0.2
2025-11-17,SKU-1042,WH-04,263,80,148,0.2
2025-11-17,SKU-1043,WH-04,107,30,57,0.2
2025-11-17,SKU-1044,WH-04,0,80,157,0.2
2025-11-17,SKU-1045,WH-04,242,120,222,0.2
2025-11-17,SKU-1046,WH-04,285,80,147,0.2
2025-11-17,SKU-1047,WH-04,0,30,55,0.2
2025-11-17,SKU-1048,WH-04,358,80,183,0.2
2025-11-17,SKU-1049,WH-04,58,80,180,0.2
2025-11-17,SKU-1050,WH-04,0,30,65,0.2
2025-11-17,SKU-1051,WH-04,323,80,162,0.2
2025-11-17,SKU-1052,WH-04,0,80,191,0.2
2025-11-17,SKU-1053,WH-04,120,30,62,0.2
2025-11-17,SKU-1054,WH-04,474,120,230,0.2
2025-11-17,SKU-1055,WH-04,126,50,90,0.2
2025-11-17,SKU-1056,WH-04,360,80,158,0.2
2025-11-17,SKU-1057,WH-04,192,80,176,0.2
2025-11-17,SKU-1058,WH-04,107,30,56,0.2
2025-11-17,SKU-1059,WH-04,126,50,100,0.2
2025-11-24,SKU-1000,WH-01,30,120,279,0.2
2025-11-24,SKU-1001,WH-01,0,120,244,0.2
2025-11-24,SKU-1002,WH-01,121,30,59,0.2
2025-11-24,SKU-1003,WH-01,87,30,58,0.2
2025-11-24,SKU-1004,WH-01,241,50,108,0.2
2025-11-24,SKU-1005,WH-01,179,50,104,0.2
2025-11-24,SKU-1006,WH-01,55,30,54,0.2
2025-11-24,SKU-1007,WH-01,212,50,102,0.2
2025-11-24,SKU-1008,WH-01,12,80,170,0.2
2025-11-24,SKU-1009,WH-01,0,50,101,0.2
2025-11-24,SKU-1010,WH-01,544,120,227,0.2
2025-11-24,SKU-1011,WH-01,87,30,64,0.2
2025-11-24,SKU-1012,WH-01,151,30,64,0.2
2025-11-24,SKU-1013,WH-01,16,50,114,0.2
2025-11-24,SKU-1014,WH-01,345,80,162,0.2
2025-11-24,SKU-1015,WH-01,125,50,109,0.2
2025-11-24,SKU-1016,WH-01,355,120,247,0.2
2025-11-24,SKU-1017,WH-01,186,80,183,0.2
2025-11-24,SKU-1018,WH-01,100,120,235,0.2
2025-11-24,SKU-1019,WH-01,147,50,93,0.2
2025-11-24,SKU-1020,WH-01,361,80,188,0.2
2025-11-24,SKU-1021,WH-01,331,120,262,0.2
2025-11-24,SKU-1022,WH-01,52,120,274,0.2
2025-11-24,SKU-1023,WH-01,311,80,168,0.2
2025-11-24,SKU-1024,WH-01,53,80,184,0.2
2025-11-24,SKU-1025,WH-01,325,120,277,0.2
2025-11-24,SKU-1026,WH-01,136,30,71,0.2
2025-11-24,SKU-1027,WH-01,220,80,181,0.2
2025-11-24,SKU-1028,WH-01,15,50,95,0.2
2025-11-24,SKU-1029,WH-01,501,120,270,0.2
2025-11-24,SKU-1030,WH-01,390,120,236,0.2
2025-11-24,SKU-1031,WH-01,97,120,250,0.2
2025-11-24,SKU-1032,WH-01,88,30,64,0.2
2025-11-24,SKU-1033,WH-01,10,30,64,0.2
2025-11-24,SKU-1034,WH-01,224,80,153,0.2
2025-11-24,SKU-1035,WH-01,107,50,92,0.2
2025-11-24,SKU-1036,WH-01,122,30,69,0.2
2025-11-24,SKU-1037,WH-01,402,120,254,0.2
2025-11-24,SKU-1038,WH-01,208,80,180,0.2
2025-11-24,SKU-1039,WH-01,0,120,278,0.2
2025-11-24,SKU-1040,WH-01,153,50,111,0.2
2025-11-24,SKU-1041,WH-01,514,120,259,0.2
2025-11-24,SKU-1042,WH-01,340,80,168,0.2
2025-11-24,SKU-1043,WH-01,170,50,109,0.2
2025-11-24,SKU-1044,WH-01,126,50,109,0.2
2025-11-24,SKU-1045,WH-01,523,120,217,0.2
2025-11-24,SKU-1046,WH-01,62,80,150,0.2
2025-11-24,SKU-1047,WH-01,34,80,184,0.2
2025-11-24,SKU-1048,WH-01,111,30,60,0.2
2025-11-24,SKU-1049,WH-01,119,50,117,0.2
2025-11-24,SKU-1050,WH-01,116,30,63,0.2
2025-11-24,SKU-1051,WH-01,104,30,54,0.2
2025-11-24,SKU-1052,WH-01,100,30,66,0.2
2025-11-24,SKU-1053,WH-01,367,80,164,0.2
2025-11-24,SKU-1054,WH-01,129,30,66,0.2
2025-11-24,SKU-1055,WH-01,0,120,281,0.2
2025-11-24,SKU-1056,WH-01,373,120,223,0.2
2025-11-24,SKU-1057,WH-01,165,80,154,0.2
2025-11-24,SKU-1058,WH-01,199,50,103,0.2
2025-11-24,SKU-1059,WH-01,246,80,178,0.2
2025-11-24,SKU-1000,WH-02,114,30,54,0.2
2025-11-24,SKU-1001,WH-02,120,30,59,0.2
2025-11-24,SKU-1002,WH-02,245,80,150,0.2
2025-11-24,SKU-1003,WH-02,291,50,117,0.2
2025-11-24,SKU-1004,WH-02,287,120,226,0.2
2025-11-24,SKU-1005,WH-02,8,30,54,0.2
2025-11-24,SKU-1006,WH-02,166,50,93,0.2
2025-11-24,SKU-1007,WH-02,425,120,262,0.2
2025-11-24,SKU-1008,WH-02,73,30,66,0.2
2025-11-24,SKU-1009,WH-02,63,30,58,0.2
2025-11-24,SKU-1010,WH-02,311,80,150,0.2
2025-11-24,SKU-1011,WH-02,178,50,93,0.2
2025-11-24,SKU-1012,WH-02,527,120,260,0.2
2025-11-24,SKU-1013,WH-02,434,120,245,0.2
2025-11-24,SKU-1014,WH-02,131,30,58,0.2
2025-11-24,SKU-1015,WH-02,47,80,187,0.2
2025-11-24,SKU-1016,WH-02,204,50,109,0.2
2025-11-24,SKU-1017,WH-02,109,50,96,0.2
2025-11-24,SKU-1018,WH-02,421,120,268,0.2
2025-11-24,SKU-1019,WH-02,365,80,159,0.2
2025-11-24,SKU-1020,WH-02,508,120,250,0.2
2025-11-24,SKU-1021,WH-02,138,30,61,0.2
2025-11-24,SKU-1022,WH-02,148,30,70,0.2
2025-11-24,SKU-1023,WH-02,422,80,179,0.2
2025-11-24,SKU-1024,WH-02,102,120,220,0.2
2025-11-24,SKU-1025,WH-02,0,120,235,0.2
2025-11-24,SKU-1026,WH-02,184,80,155,0.2
2025-11-24,SKU-1027,WH-02,129,50,106,0.2
2025-11-24,SKU-1028,WH-02,147,50,92,0.2
2025-11-24,SKU-1029,WH-02,134,30,58,0.2
2025-11-24,SKU-1030,WH-02,102,30,67,0.2
2025-11-24,SKU-1031,WH-02,349,80,153,0.2
2025-11-24,SKU-1032,WH-02,111,30,58,0.2
2025-11-24,SKU-1033,WH-02,78,30,57,0.2
2025-11-24,SKU-1034,WH-02,621,120,256,0.2
2025-11-24,SKU-1035,WH-02,390,120,267,0.2
2025-11-24,SKU-1036,WH-02,185,50,106,0.2
2025-11-24,SKU-1037,WH-02,123,50,95,0.2
2025-11-24,SKU-1038,WH-02,124,30,63,0.2
2025-11-24,SKU-1039,WH-02,404,80,176,0.2
2025-11-24,SKU-1040,WH-02,162,50,101,0.2
2025-11-24,SKU-1041,WH-02,345,80,159,0.2
2025-11-24,SKU-1042,WH-02,119,30,68,0.2
2025-11-24,SKU-1043,WH-02,93,120,283,0.2
2025-11-24,SKU-1044,WH-02,0,30,70,0.2
2025-11-24,SKU-1045,WH-02,10,30,61,0.2
2025-11-24,SKU-1046,WH-02,200,50,102,0.2
2025-11-24,SKU-1047,WH-02,108,30,64,0.2
2025-11-24,SKU-1048,WH-02,160,50,99,0.2
2025-11-24,SKU-1049,WH-02,240,120,226,0.2
2025-11-24,SKU-1050,WH-02,268,80,151,0.2
2025-11-24,SKU-1051,WH-02,174,30,71,0.2
2025-11-24,SKU-1052,WH-02,451,120,228,0.2
2025-11-24,SKU-1053,WH-02,282,50,115,0.2
2025-11-24,SKU-1054,WH-02,472,120,272,0.2
2025-11-24,SKU-1055,WH-02,275,120,234,0.2
2025-11-24,SKU-1056,WH-02,320,120,257,0.2
2025-11-24,SKU-1057,WH-02,325,80,185,0.2
2025-11-24,SKU-1058,WH-02,326,80,158,0.2
2025-11-24,SKU-1059,WH-02,217,50,106,0.2
2025-11-24,SKU-1000,WH-03,158,30,71,0.2
2025-11-24,SKU-1001,WH-03,271,50,118,0.2
2025-11-24,SKU-1002,WH-03,142,30,68,0.2
2025-11-24,SKU-1003,WH-03,16,30,60,0.2
2025-11-24,SKU-1004,WH-03,22,30,70,0.2
2025-11-24,SKU-1005,WH-03,219,80,145,0.2
2025-11-24,SKU-1006,WH-03,120,30,67,0.2
2025-11-24,SKU-1007,WH-03,278,80,188,0.2
2025-11-24,SKU-1008,WH-03,23,80,156,0.2
2025-11-24,SKU-1009,WH-03,86,30,57,0.2
2025-11-24,SKU-1010,WH-03,273,120,253,0.2
2025-11-24,SKU-1011,WH-03,314,120,223,0.2
2025-11-24,SKU-1012,WH-03,139,30,56,0.2
2025-11-24,SKU-1013,WH-03,109,50,101,0.2
2025-11-24,SKU-1014,WH-03,129,30,64,0.2
2025-11-24,SKU-1015,WH-03,98,30,68,0.2
2025-11-24,SKU-1016,WH-03,107,50,99,0.2
2025-11-24,SKU-1017,WH-03,595,120,276,0.2
2025-11-24,SKU-1018,WH-03,211,50,100,0.2
2025-11-24,SKU-1019,WH-03,32,50,117,0.2
2025-11-24,SKU-1020,WH-03,339,80,164,0.2
2025-11-24,SKU-1021,WH-03,138,30,67,0.2
2025-11-24,SKU-1022,WH-03,0,80,170,0.2
2025-11-24,SKU-1023,WH-03,615,120,285,0.2
2025-11-24,SKU-1024,WH-03,176,50,97,0.2
2025-11-24,SKU-1025,WH-03,135,50,115,0.2
2025-11-24,SKU-1026,WH-03,276,120,218,0.2
2025-11-24,SKU-1027,WH-03,402,80,172,0.2
2025-11-24,SKU-1028,WH-03,92,30,62,0.2
2025-11-24,SKU-1029,WH-03,439,120,257,0.2
2025-11-24,SKU-1030,WH-03,209,50,111,0.2
2025-11-24,SKU-1031,WH-03,382,120,232,0.2
2025-11-24,SKU-1032,WH-03,20,30,68,0.2
2025-11-24,SKU-1033,WH-03,136,50,114,0.2
2025-11-24,SKU-1034,WH-03,492,120,253,0.2
2025-11-24,SKU-1035,WH-03,392,120,261,0.2
2025-11-24,SKU-1036,WH-03,249,50,108,0.2
2025-11-24,SKU-1037,WH-03,542,120,227,0.2
2025-11-24,SKU-1038,WH-03,271,80,151,0.2
2025-11-24,SKU-1039,WH-03,231,50,93,0.2
2025-11-24,SKU-1040,WH-03,80,120,234,0.2
2025-11-24,SKU-1041,WH-03,113,50,96,0.2
2025-11-24,SKU-1042,WH-03,184,50,100,0.2
2025-11-24,SKU-1043,WH-03,365,80,149,0.2
2025-11-24,SKU-1044,WH-03,183,80,155,0.2
2025-11-24,SKU-1045,WH-03,110,30,60,0.2
2025-11-24,SKU-1046,WH-03,195,80,173,0.2
2025-11-24,SKU-1047,WH-03,528,120,247,0.2
2025-11-24,SKU-1048,WH-03,136,30,67,0.2
2025-11-24,SKU-1049,WH-03,560,120,275,0.2
2025-11-24,SKU-1050,WH-03,94,30,64,0.2
2025-11-24,SKU-1051,WH-03,235,80,186,0.2
2025-11-24,SKU-1052,WH-03,76,80,148,0.2
2025-11-24,SKU-1053,WH-03,118,50,104,0.2
2025-11-24,SKU-1054,WH-03,0,50,99,0.2
2025-11-24,SKU-1055,WH-03,198,50,96,0.2
2025-11-24,SKU-1056,WH-03,16,30,57,0.2
2025-11-24,SKU-1057,WH-03,244,50,109,0.2
2025-11-24,SKU-1058,WH-03,144,30,63,0.2
2025-11-24,SKU-1059,WH-03,511,120,237,0.2
2025-11-24,SKU-1000,WH-04,116,50,95,0.2
2025-11-24,SKU-1001,WH-04,91,120,258,0.2
2025-11-24,SKU-1002,WH-04,508,120,243,0.2
2025-11-24,SKU-1003,WH-04,327,120,243,0.2
2025-11-24,SKU-1004,WH-04,79,30,55,0.2
2025-11-24,SKU-1005,WH-04,128,50,119,0.2
2025-11-24,SKU-1006,WH-04,492,120,271,0.2
2025-11-24,SKU-1007,WH-04,20,30,68,0.2
2025-11-24,SKU-1008,WH-04,303,120,258,0.2
2025-11-24,SKU-1009,WH-04,118,50,116,0.2
2025-11-24,SKU-1010,WH-04,337,80,157,0.2
2025-11-24,SKU-1011,WH-04,524,120,279,0.2
2025-11-24,SKU-1012,WH-04,150,30,61,0.2
2025-11-24,SKU-1013,WH-04,199,50,110,0.2
2025-11-24,SKU-1014,WH-04,165,50,110,0.2
2025-11-24,SKU-1015,WH-04,232,80,181,0.2
2025-11-24,SKU-1016,WH-04,2,50,101,0.2
2025-11-24,SKU-1017,WH-04,25,80,169,0.2
2025-11-24,SKU-1018,WH-04,432,120,286,0.2
2025-11-24,SKU-1019,WH-04,88,30,55,0.2
2025-11-24,SKU-1020,WH-04,191,50,94,0.2
2025-11-24,SKU-1021,WH-04,200,50,104,0.2
2025-11-24,SKU-1022,WH-04,321,80,167,0.2
2025-11-24,SKU-1023,WH-04,407,120,219,0.2
2025-11-24,SKU-1024,WH-04,668,120,268,0.2
2025-11-24,SKU-1025,WH-04,96,30,58,0.2
2025-11-24,SKU-1026,WH-04,426,120,232,0.2
2025-11-24,SKU-1027,WH-04,55,30,55,0.2
2025-11-24,SKU-1028,WH-04,16,30,66,0.2
2025-11-24,SKU-1029,WH-04,71,30,61,0.2
2025-11-24,SKU-1030,WH-04,329,80,171,0.2
2025-11-24,SKU-1031,WH-04,0,80,153,0.2
2025-11-24,SKU-1032,WH-04,327,80,161,0.2
2025-11-24,SKU-1033,WH-04,518,120,242,0.2
2025-11-24,SKU-1034,WH-04,212,50,90,0.2
2025-11-24,SKU-1035,WH-04,379,80,186,0.2
2025-11-24,SKU-1036,WH-04,65,30,61,0.2
2025-11-24,SKU-1037,WH-04,288,50,118,0.2
2025-11-24,SKU-1038,WH-04,66,30,58,0.2
2025-11-24,SKU-1039,WH-04,174,80,162,0.2
2025-11-24,SKU-1040,WH-04,414,80,187,0.2
2025-11-24,SKU-1041,WH-04,225,50,112,0.2
2025-11-24,SKU-1042,WH-04,200,80,188,0.2
2025-11-24,SKU-1043,WH-04,134,30,66,0.2
2025-11-24,SKU-1044,WH-04,329,120,280,0.2
2025-11-24,SKU-1045,WH-04,319,120,267,0.2
2025-11-24,SKU-1046,WH-04,352,120,285,0.2
2025-11-24,SKU-1047,WH-04,115,30,68,0.2
2025-11-24,SKU-1048,WH-04,190,50,94,0.2
2025-11-24,SKU-1049,WH-04,102,30,71,0.2
2025-11-24,SKU-1050,WH-04,190,50,104,0.2
2025-11-24,SKU-1051,WH-04,199,50,93,0.2
2025-11-24,SKU-1052,WH-04,369,120,264,0.2
2025-11-24,SKU-1053,WH-04,16,50,114,0.2
2025-11-24,SKU-1054,WH-04,0,50,94,0.2
2025-11-24,SKU-1055,WH-04,377,80,152,0.2
2025-11-24,SKU-1056,WH-04,26,120,266,0.2
2025-11-24,SKU-1057,WH-04,190,50,107,0.2
2025-11-24,SKU-1058,WH-04,115,30,56,0.2
2025-11-24,SKU-1059,WH-04,76,30,66,0.2
2025-12-01,SKU-1000,WH-01,86,120,245,0.2
2025-12-01,SKU-1001,WH-01,144,30,60,0.2
2025-12-01,SKU-1002,WH-01,596,120,253,0.2
2025-12-01,SKU-1003,WH-01,4,80,183,0.2
2025-12-01,SKU-1004,WH-01,337,80,156,0.2
2025-12-01,SKU-1005,WH-01,445,120,263,0.2
2025-12-01,SKU-1006,WH-01,179,80,178,0.2
2025-12-01,SKU-1007,WH-01,41,50,113,0.2
2025-12-01,SKU-1008,WH-01,123,50,90,0.2
2025-12-01,SKU-1009,WH-01,200,50,95,0.2
2025-12-01,SKU-1010,WH-01,19,30,64,0.2
2025-12-01,SKU-1011,WH-01,0,120,219,0.2
2025-12-01,SKU-1012,WH-01,402,120,232,0.2
2025-12-01,SKU-1013,WH-01,369,80,159,0.2
2025-12-01,SKU-1014,WH-01,294,80,155,0.2
2025-12-01,SKU-1015,WH-01,12,50,113,0.2
2025-12-01,SKU-1016,WH-01,155,30,70,0.2
2025-12-01,SKU-1017,WH-01,248,80,178,0.2
2025-12-01,SKU-1018,WH-01,152,30,68,0.2
2025-12-01,SKU-1019,WH-01,141,50,102,0.2
2025-12-01,SKU-1020,WH-01,0,30,70,0.2
2025-12-01,SKU-1021,WH-01,358,80,144,0.2
2025-12-01,SKU-1022,WH-01,516,120,248,0.2
2025-12-01,SKU-1023,WH-01,198,50,119,0.2
2025-12-01,SKU-1024,WH-01,298,120,239,0.2
2025-12-01,SKU-1025,WH-01,101,30,59,0.2
2025-12-01,SKU-1026,WH-01,153,50,109,0.2
2025-12-01,SKU-1027,WH-01,345,120,270,0.2
2025-12-01,SKU-1028,WH-01,79,30,67,0.2
2025-12-01,SKU-1029,WH-01,183,80,145,0.2
2025-12-01,SKU-1030,WH-01,321,120,244,0.2
2025-12-01,SKU-1031,WH-01,16,30,59,0.2
2025-12-01,SKU-1032,WH-01,34,50,106,0.2
2025-12-01,SKU-1033,WH-01,88,30,54,0.2
2025-12-01,SKU-1034,WH-01,0,80,179,0.2
2025-12-01,SKU-1035,WH-01,0,50,118,0.2
2025-12-01,SKU-1036,WH-01,321,80,168,0.2
2025-12-01,SKU-1037,WH-01,313,80,148,0.2
2025-12-01,SKU-1038,WH-01,151,50,105,0.2
2025-12-01,SKU-1039,WH-01,246,80,181,0.2
2025-12-01,SKU-1040,WH-01,59,80,153,0.2
2025-12-01,SKU-1041,WH-01,210,50,107,0.2
2025-12-01,SKU-1042,WH-01,177,50,99,0.2
2025-12-01,SKU-1043,WH-01,32,50,106,0.2
2025-12-01,SKU-1044,WH-01,0,120,260,0.2
2025-12-01,SKU-1045,WH-01,39,80,186,0.2
2025-12-01,SKU-1046,WH-01,423,80,178,0.2
2025-12-01,SKU-1047,WH-01,102,30,65,0.2
2025-12-01,SKU-1048,WH-01,29,80,164,0.2
2025-12-01,SKU-1049,WH-01,34,120,285,0.2
2025-12-01,SKU-1050,WH-01,201,50,104,0.2
2025-12-01,SKU-1051,WH-01,192,80,169,0.2
2025-12-01,SKU-1052,WH-01,324,80,151,0.2
2025-12-01,SKU-1053,WH-01,385,120,218,0.2
2025-12-01,SKU-1054,WH-01,552,120,257,0.2
2025-12-01,SKU-1055,WH-01,90,30,63,0.2
2025-12-01,SKU-1056,WH-01,112,30,59,0.2
2025-12-01,SKU-1057,WH-01,167,80,145,0.2
2025-12-01,SKU-1058,WH-01,173,50,111,0.2
2025-12-01,SKU-1059,WH-01,4,120,278,0.2
2025-12-01,SKU-1000,WH-02,159,30,65,0.2
2025-12-01,SKU-1001,WH-02,342,80,174,0.2
2025-12-01,SKU-1002,WH-02,81,30,67,0.2
2025-12-01,SKU-1003,WH-02,345,80,153,0.2
2025-12-01,SKU-1004,WH-02,415,80,189,0.2
2025-12-01,SKU-1005,WH-02,271,80,151,0.2
2025-12-01,SKU-1006,WH-02,338,80,158,0.2
2025-12-01,SKU-1007,WH-02,0,120,254,0.2
2025-12-01,SKU-1008,WH-02,11,30,56,0.2
2025-12-01,SKU-1009,WH-02,420,80,170,0.2
2025-12-01,SKU-1010,WH-02,204,50,110,0.2
2025-12-01,SKU-1011,WH-02,27,30,69,0.2
2025-12-01,SKU-1012,WH-02,194,50,116,0.2
2025-12-01,SKU-1013,WH-02,337,80,188,0.2
2025-12-01,SKU-1014,WH-02,393,120,250,0.2
2025-12-01,SKU-1015,WH-02,345,80,169,0.2
2025-12-01,SKU-1016,WH-02,341,120,264,0.2
2025-12-01,SKU-1017,WH-02,142,50,113,0.2
2025-12-01,SKU-1018,WH-02,122,30,63,0.2
2025-12-01,SKU-1019,WH-02,266,120,246,0.2
2025-12-01,SKU-1020,WH-02,0,120,286,0.2
2025-12-01,SKU-1021,WH-02,134,30,56,0.2
2025-12-01,SKU-1022,WH-02,294,120,259,0.2
2025-12-01,SKU-1023,WH-02,286,120,277,0.2
2025-12-01,SKU-1024,WH-02,78,80,187,0.2
2025-12-01,SKU-1025,WH-02,124,30,54,0.2
2025-12-01,SKU-1026,WH-02,152,30,62,0.2
2025-12-01,SKU-1027,WH-02,8,30,71,0.2
2025-12-01,SKU-1028,WH-02,123,50,110,0.2
2025-12-01,SKU-1029,WH-02,164,50,103,0.2
2025-12-01,SKU-1030,WH-02,415,120,241,0.2
2025-12-01,SKU-1031,WH-02,47,50,105,0.2
2025-12-01,SKU-1032,WH-02,239,50,119,0.2
2025-12-01,SKU-1033,WH-02,190,50,96,0.2
2025-12-01,SKU-1034,WH-02,316,80,171,0.2
2025-12-01,SKU-1035,WH-02,16,30,68,0.2
2025-12-01,SKU-1036,WH-02,162,50,104,0.2
2025-12-01,SKU-1037,WH-02,119,30,55,0.2
2025-12-01,SKU-1038,WH-02,152,50,106,0.2
2025-12-01,SKU-1039,WH-02,144,50,90,0.2
2025-12-01,SKU-1040,WH-02,29,30,65,0.2
2025-12-01,SKU-1041,WH-02,92,30,63,0.2
2025-12-01,SKU-1042,WH-02,434,120,269,0.2
2025-12-01,SKU-1043,WH-02,91,30,57,0.2
2025-12-01,SKU-1044,WH-02,32,120,241,0.2
2025-12-01,SKU-1045,WH-02,239,50,117,0.2
2025-12-01,SKU-1046,WH-02,280,80,187,0.2
2025-12-01,SKU-1047,WH-02,0,80,169,0.2
2025-12-01,SKU-1048,WH-02,377,80,154,0.2
2025-12-01,SKU-1049,WH-02,148,50,97,0.2
2025-12-01,SKU-1050,WH-02,176,50,103,0.2
2025-12-01,SKU-1051,WH-02,143,50,107,0.2
2025-12-01,SKU-1052,WH-02,235,50,106,0.2
2025-12-01,SKU-1053,WH-02,83,30,66,0.2
2025-12-01,SKU-1054,WH-02,166,50,108,0.2
2025-12-01,SKU-1055,WH-02,122,30,66,0.2
2025-12-01,SKU-1056,WH-02,272,80,145,0.2
2025-12-01,SKU-1057,WH-02,93,30,66,0.2
2025-12-01,SKU-1058,WH-02,59,80,149,0.2
2025-12-01,SKU-1059,WH-02,445,120,220,0.2
2025-12-01,SKU-1000,WH-03,70,30,56,0.2
2025-12-01,SKU-1001,WH-03,120,30,59,0.2
2025-12-01,SKU-1002,WH-03,132,50,93,0.2
2025-12-01,SKU-1003,WH-03,182,50,103,0.2
2025-12-01,SKU-1004,WH-03,0,80,147,0.2
2025-12-01,SKU-1005,WH-03,84,120,265,0.2
2025-12-01,SKU-1006,WH-03,56,120,221,0.2
2025-12-01,SKU-1007,WH-03,299,80,186,0.2
2025-12-01,SKU-1008,WH-03,166,50,95,0.2
2025-12-01,SKU-1009,WH-03,472,120,246,0.2
2025-12-01,SKU-1010,WH-03,169,80,149,0.2
2025-12-01,SKU-1011,WH-03,447,120,250,0.2
2025-12-01,SKU-1012,WH-03,192,80,188,0.2
2025-12-01,SKU-1013,WH-03,0,80,170,0.2
2025-12-01,SKU-1014,WH-03,423,120,240,0.2
2025-12-01,SKU-1015,WH-03,191,50,102,0.2
2025-12-01,SKU-1016,WH-03,59,30,54,0.2
2025-12-01,SKU-1017,WH-03,163,50,106,0.2
2025-12-01,SKU-1018,WH-03,214,50,90,0.2
2025-12-01,SKU-1019,WH-03,250,80,178,0.2
2025-12-01,SKU-1020,WH-03,76,30,66,0.2
2025-12-01,SKU-1021,WH-03,298,120,256,0.2
2025-12-01,SKU-1022,WH-03,231,50,103,0.2
2025-12-01,SKU-1023,WH-03,266,80,164,0.2
2025-12-01,SKU-1024,WH-03,13,80,184,0.2
2025-12-01,SKU-1025,WH-03,402,120,255,0.2
2025-12-01,SKU-1026,WH-03,134,50,96,0.2
2025-12-01,SKU-1027,WH-03,94,30,56,0.2
2025-12-01,SKU-1028,WH-03,393,80,179,0.2
2025-12-01,SKU-1029,WH-03,580,120,278,0.2
2025-12-01,SKU-1030,WH-03,67,30,59,0.2
2025-12-01,SKU-1031,WH-03,226,50,111,0.2
2025-12-01,SKU-1032,WH-03,136,30,64,0.2
2025-12-01,SKU-1033,WH-03,67,30,64,0.2
2025-12-01,SKU-1034,WH-03,235,50,96,0.2
2025-12-01,SKU-1035,WH-03,354,120,233,0.2
2025-12-01,SKU-1036,WH-03,197,50,98,0.2
2025-12-01,SKU-1037,WH-03,435,120,231,0.2
2025-12-01,SKU-1038,WH-03,397,120,274,0.2
2025-12-01,SKU-1039,WH-03,508,120,253,0.2
2025-12-01,SKU-1040,WH-03,210,50,116,0.2
2025-12-01,SKU-1041,WH-03,280,80,185,0.2
2025-12-01,SKU-1042,WH-03,373,80,162,0.2
2025-12-01,SKU-1043,WH-03,86,30,62,0.2
2025-12-01,SKU-1044,WH-03,272,120,226,0.2
2025-12-01,SKU-1045,WH-03,266,50,108,0.2
2025-12-01,SKU-1046,WH-03,303,80,184,0.2
2025-12-01,SKU-1047,WH-03,167,50,102,0.2
2025-12-01,SKU-1048,WH-03,12,30,68,0.2
2025-12-01,SKU-1049,WH-03,163,50,117,0.2
2025-12-01,SKU-1050,WH-03,213,50,90,0.2
2025-12-01,SKU-1051,WH-03,147,50,95,0.2
2025-12-01,SKU-1052,WH-03,455,120,269,0.2
2025-12-01,SKU-1053,WH-03,392,120,217,0.2
2025-12-01,SKU-1054,WH-03,147,30,64,0.2
2025-12-01,SKU-1055,WH-03,112,30,66,0.2
2025-12-01,SKU-1056,WH-03,153,50,103,0.2
2025-12-01,SKU-1057,WH-03,34,50,115,0.2
2025-12-01,SKU-1058,WH-03,55,30,55,0.2
2025-12-01,SKU-1059,WH-03,288,120,277,0.2
2025-12-01,SKU-1000,WH-04,247,80,160,0.2
2025-12-01,SKU-1001,WH-04,59,30,58,0.2
2025-12-01,SKU-1002,WH-04,415,120,253,0.2
2025-12-01,SKU-1003,WH-04,342,120,236,0.2
2025-12-01,SKU-1004,WH-04,101,30,67,0.2
2025-12-01,SKU-1005,WH-04,348,80,167,0.2
2025-12-01,SKU-1006,WH-04,284,50,116,0.2
2025-12-01,SKU-1007,WH-04,135,50,109,0.2
2025-12-01,SKU-1008,WH-04,221,50,105,0.2
2025-12-01,SKU-1009,WH-04,38,80,177,0.2
2025-12-01,SKU-1010,WH-04,264,120,231,0.2
2025-12-01,SKU-1011,WH-04,135,50,92,0.2
2025-12-01,SKU-1012,WH-04,404,120,274,0.2
2025-12-01,SKU-1013,WH-04,125,30,56,0.2
2025-12-01,SKU-1014,WH-04,168,80,146,0.2
2025-12-01,SKU-1015,WH-04,195,80,190,0.2
2025-12-01,SKU-1016,WH-04,165,80,163,0.2
2025-12-01,SKU-1017,WH-04,401,120,236,0.2
2025-12-01,SKU-1018,WH-04,287,120,238,0.2
2025-12-01,SKU-1019,WH-04,226,50,91,0.2
2025-12-01,SKU-1020,WH-04,137,50,114,0.2
2025-12-01,SKU-1021,WH-04,320,80,182,0.2
2025-12-01,SKU-1022,WH-04,371,120,276,0.2
2025-12-01,SKU-1023,WH-04,177,80,165,0.2
2025-12-01,SKU-1024,WH-04,74,120,263,0.2
2025-12-01,SKU-1025,WH-04,0,30,57,0.2
2025-12-01,SKU-1026,WH-04,137,30,66,0.2
2025-12-01,SKU-1027,WH-04,267,80,163,0.2
2025-12-01,SKU-1028,WH-04,141,50,115,0.2
2025-12-01,SKU-1029,WH-04,125,30,67,0.2
2025-12-01,SKU-1030,WH-04,74,30,69,0.2
2025-12-01,SKU-1031,WH-04,218,50,102,0.2
2025-12-01,SKU-1032,WH-04,168,50,98,0.2
2025-12-01,SKU-1033,WH-04,308,80,187,0.2
2025-12-01,SKU-1034,WH-04,133,50,93,0.2
2025-12-01,SKU-1035,WH-04,100,30,59,0.2
2025-12-01,SKU-1036,WH-04,31,80,170,0.2
2025-12-01,SKU-1037,WH-04,108,30,69,0.2
2025-12-01,SKU-1038,WH-04,0,30,63,0.2
2025-12-01,SKU-1039,WH-04,7,50,104,0.2
2025-12-01,SKU-1040,WH-04,499,120,268,0.2
2025-12-01,SKU-1041,WH-04,243,80,144,0.2
2025-12-01,SKU-1042,WH-04,394,80,179,0.2
2025-12-01,SKU-1043,WH-04,29,80,173,0.2
2025-12-01,SKU-1044,WH-04,571,120,258,0.2
2025-12-01,SKU-1045,WH-04,24,30,71,0.2
2025-12-01,SKU-1046,WH-04,597,120,273,0.2
2025-12-01,SKU-1047,WH-04,483,120,246,0.2
2025-12-01,SKU-1048,WH-04,240,50,103,0.2
2025-12-01,SKU-1049,WH-04,362,80,153,0.2
2025-12-01,SKU-1050,WH-04,551,120,230,0.2
2025-12-01,SKU-1051,WH-04,299,80,164,0.2
2025-12-01,SKU-1052,WH-04,91,30,61,0.2
2025-12-01,SKU-1053,WH-04,28,30,57,0.2
2025-12-01,SKU-1054,WH-04,162,30,70,0.2
2025-12-01,SKU-1055,WH-04,49,120,237,0.2
2025-12-01,SKU-1056,WH-04,0,120,274,0.2
2025-12-01,SKU-1057,WH-04,115,30,65,0.2
2025-12-01,SKU-1058,WH-04,296,80,157,0.2
2025-12-01,SKU-1059,WH-04,95,30,61,0.2
2025-12-08,SKU-1000,WH-01,301,80,145,0.2
2025-12-08,SKU-1001,WH-01,213,50,115,0.2
2025-12-08,SKU-1002,WH-01,298,80,146,0.2
2025-12-08,SKU-1003,WH-01,96,30,59,0.2
2025-12-08,SKU-1004,WH-01,0,50,100,0.2
2025-12-08,SKU-1005,WH-01,306,80,172,0.2
2025-12-08,SKU-1006,WH-01,238,80,165,0.2
2025-12-08,SKU-1007,WH-01,190,50,91,0.2
2025-12-08,SKU-1008,WH-01,364,80,155,0.2
2025-12-08,SKU-1009,WH-01,405,80,185,0.2
2025-12-08,SKU-1010,WH-01,170,80,145,0.2
2025-12-08,SKU-1011,WH-01,173,30,71,0.2
2025-12-08,SKU-1012,WH-01,122,50,102,0.2
2025-12-08,SKU-1013,WH-01,147,30,66,0.2
2025-12-08,SKU-1014,WH-01,0,30,59,0.2
2025-12-08,SKU-1015,WH-01,0,50,102,0.2
2025-12-08,SKU-1016,WH-01,79,30,62,0.2
2025-12-08,SKU-1017,WH-01,52,80,159,0.2
2025-12-08,SKU-1018,WH-01,0,30,57,0.2
2025-12-08,SKU-1019,WH-01,401,80,167,0.2
2025-12-08,SKU-1020,WH-01,0,50,93,0.2
2025-12-08,SKU-1021,WH-01,71,30,68,0.2
2025-12-08,SKU-1022,WH-01,0,30,61,0.2
2025-12-08,SKU-1023,WH-01,0,80,184,0.2
2025-12-08,SKU-1024,WH-01,94,30,68,0.2
2025-12-08,SKU-1025,WH-01,278,80,168,0.2
2025-12-08,SKU-1026,WH-01,397,120,223,0.2
2025-12-08,SKU-1027,WH-01,175,50,90,0.2
2025-12-08,SKU-1028,WH-01,58,30,57,0.2
2025-12-08,SKU-1029,WH-01,73,80,169,0.2
2025-12-08,SKU-1030,WH-01,647,120,265,0.2
2025-12-08,SKU-1031,WH-01,311,120,244,0.2
2025-12-08,SKU-1032,WH-01,432,120,263,0.2
2025-12-08,SKU-1033,WH-01,331,120,227,0.2
2025-12-08,SKU-1034,WH-01,174,50,91,0.2
2025-12-08,SKU-1035,WH-01,323,120,225,0.2
2025-12-08,SKU-1036,WH-01,283,120,259,0.2
2025-12-08,SKU-1037,WH-01,148,50,112,0.2
2025-12-08,SKU-1038,WH-01,21,30,58,0.2
2025-12-08,SKU-1039,WH-01,77,30,65,0.2
2025-12-08,SKU-1040,WH-01,382,120,270,0.2
2025-12-08,SKU-1041,WH-01,484,120,255,0.2
2025-12-08,SKU-1042,WH-01,65,30,65,0.2
2025-12-08,SKU-1043,WH-01,405,80,182,0.2
2025-12-08,SKU-1044,WH-01,42,50,103,0.2
2025-12-08,SKU-1045,WH-01,422,120,239,0.2
2025-12-08,SKU-1046,WH-01,244,80,146,0.2
2025-12-08,SKU-1047,WH-01,114,30,70,0.2
2025-12-08,SKU-1048,WH-01,280,80,147,0.2
2025-12-08,SKU-1049,WH-01,397,120,241,0.2
2025-12-08,SKU-1050,WH-01,175,50,93,0.2
2025-12-08,SKU-1051,WH-01,286,80,171,0.2
2025-12-08,SKU-1052,WH-01,0,120,260,0.2
2025-12-08,SKU-1053,WH-01,115,50,102,0.2
2025-12-08,SKU-1054,WH-01,66,30,65,0.2
2025-12-08,SKU-1055,WH-01,0,80,184,0.2
2025-12-08,SKU-1056,WH-01,134,30,69,0.2
2025-12-08,SKU-1057,WH-01,178,50,105,0.2
2025-12-08,SKU-1058,WH-01,122,30,63,0.2
2025-12-08,SKU-1059,WH-01,71,30,62,0.2
2025-12-08,SKU-1000,WH-02,368,80,187,0.2
2025-12-08,SKU-1001,WH-02,127,30,56,0.2
2025-12-08,SKU-1002,WH-02,288,80,165,0.2
2025-12-08,SKU-1003,WH-02,212,50,110,0.2
2025-12-08,SKU-1004,WH-02,229,80,184,0.2
2025-12-08,SKU-1005,WH-02,123,50,94,0.2
2025-12-08,SKU-1006,WH-02,444,80,184,0.2
2025-12-08,SKU-1007,WH-02,82,30,63,0.2
2025-12-08,SKU-1008,WH-02,397,120,252,0.2
2025-12-08,SKU-1009,WH-02,63,30,60,0.2
2025-12-08,SKU-1010,WH-02,353,80,153,0.2
2025-12-08,SKU-1011,WH-02,255,80,186,0.2
2025-12-08,SKU-1012,WH-02,20,120,225,0.2
2025-12-08,SKU-1013,WH-02,565,120,252,0.2
2025-12-08,SKU-1014,WH-02,515,120,243,0.2
2025-12-08,SKU-1015,WH-02,293,80,157,0.2
2025-12-08,SKU-1016,WH-02,330,80,165,0.2
2025-12-08,SKU-1017,WH-02,503,120,232,0.2
2025-12-08,SKU-1018,WH-02,139,30,64,0.2
2025-12-08,SKU-1019,WH-02,83,30,62,0.2
2025-12-08,SKU-1020,WH-02,235,50,98,0.2
2025-12-08,SKU-1021,WH-02,390,120,246,0.2
2025-12-08,SKU-1022,WH-02,68,80,148,0.2
2025-12-08,SKU-1023,WH-02,84,30,61,0.2
2025-12-08,SKU-1024,WH-02,128,30,59,0.2
2025-12-08,SKU-1025,WH-02,542,120,224,0.2
2025-12-08,SKU-1026,WH-02,317,80,167,0.2
2025-12-08,SKU-1027,WH-02,296,120,244,0.2
2025-12-08,SKU-1028,WH-02,271,80,157,0.2
2025-12-08,SKU-1029,WH-02,110,120,252,0.2
2025-12-08,SKU-1030,WH-02,121,50,109,0.2
2025-12-08,SKU-1031,WH-02,94,30,63,0.2
2025-12-08,SKU-1032,WH-02,284,80,181,0.2
2025-12-08,SKU-1033,WH-02,3,30,66,0.2
2025-12-08,SKU-1034,WH-02,134,30,67,0.2
2025-12-08,SKU-1035,WH-02,153,80,153,0.2
2025-12-08,SKU-1036,WH-02,271,80,178,0.2
2025-12-08,SKU-1037,WH-02,245,50,102,0.2
2025-12-08,SKU-1038,WH-02,279,80,170,0.2
2025-12-08,SKU-1039,WH-02,70,80,190,0.2
2025-12-08,SKU-1040,WH-02,0,50,119,0.2
2025-12-08,SKU-1041,WH-02,205,50,118,0.2
2025-12-08,SKU-1042,WH-02,165,80,156,0.2
2025-12-08,SKU-1043,WH-02,323,120,276,0.2
2025-12-08,SKU-1044,WH-02,214,80,190,0.2
2025-12-08,SKU-1045,WH-02,213,80,154,0.2
2025-12-08,SKU-1046,WH-02,229,50,112,0.2
2025-12-08,SKU-1047,WH-02,128,30,60,0.2
2025-12-08,SKU-1048,WH-02,124,50,93,0.2
2025-12-08,SKU-1049,WH-02,312,80,150,0.2
2025-12-08,SKU-1050,WH-02,410,80,174,0.2
2025-12-08,SKU-1051,WH-02,103,30,56,0.2
2025-12-08,SKU-1052,WH-02,147,30,62,0.2
2025-12-08,SKU-1053,WH-02,315,80,146,0.2
2025-12-08,SKU-1054,WH-02,221,50,104,0.2
2025-12-08,SKU-1055,WH-02,274,50,114,0.2
2025-12-08,SKU-1056,WH-02,349,80,148,0.2
2025-12-08,SKU-1057,WH-02,145,50,97,0.2
2025-12-08,SKU-1058,WH-02,269,120,262,0.2
2025-12-08,SKU-1059,WH-02,24,30,68,0.2
2025-12-08,SKU-1000,WH-03,595,120,267,0.2
2025-12-08,SKU-1001,WH-03,123,30,62,0.2
2025-12-08,SKU-1002,WH-03,260,80,152,0.2
2025-12-08,SKU-1003,WH-03,133,30,67,0.2
2025-12-08,SKU-1004,WH-03,175,50,103,0.2
2025-12-08,SKU-1005,WH-03,108,50,107,0.2
2025-12-08,SKU-1006,WH-03,221,50,100,0.2
2025-12-08,SKU-1007,WH-03,96,50,90,0.2
2025-12-08,SKU-1008,WH-03,333,80,174,0.2
2025-12-08,SKU-1009,WH-03,99,30,63,0.2
2025-12-08,SKU-1010,WH-03,48,120,228,0.2
2025-12-08,SKU-1011,WH-03,95,30,58,0.2
2025-12-08,SKU-1012,WH-03,50,120,269,0.2
2025-12-08,SKU-1013,WH-03,37,50,106,0.2
2025-12-08,SKU-1014,WH-03,228,80,162,0.2
2025-12-08,SKU-1015,WH-03,212,50,111,0.2
2025-12-08,SKU-1016,WH-03,123,30,63,0.2
2025-12-08,SKU-1017,WH-03,336,80,150,0.2
2025-12-08,SKU-1018,WH-03,35,80,144,0.2
2025-12-08,SKU-1019,WH-03,74,30,63,0.2
2025-12-08,SKU-1020,WH-03,203,50,117,0.2
2025-12-08,SKU-1021,WH-03,124,30,54,0.2
2025-12-08,SKU-1022,WH-03,489,120,234,0.2
2025-12-08,SKU-1023,WH-03,47,80,145,0.2
2025-12-08,SKU-1024,WH-03,151,80,148,0.2
2025-12-08,SKU-1025,WH-03,200,50,96,0.2
2025-12-08,SKU-1026,WH-03,376,80,167,0.2
2025-12-08,SKU-1027,WH-03,34,120,251,0.2
2025-12-08,SKU-1028,WH-03,9,80,162,0.2
2025-12-08,SKU-1029,WH-03,237,50,114,0.2
2025-12-08,SKU-1030,WH-03,99,120,220,0.2
2025-12-08,SKU-1031,WH-03,127,30,54,0.2
2025-12-08,SKU-1032,WH-03,103,30,61,0.2
2025-12-08,SKU-1033,WH-03,173,50,114,0.2
2025-12-08,SKU-1034,WH-03,434,80,181,0.2
2025-12-08,SKU-1035,WH-03,220,50,113,0.2
2025-12-08,SKU-1036,WH-03,106,120,223,0.2
2025-12-08,SKU-1037,WH-03,593,120,266,0.2
2025-12-08,SKU-1038,WH-03,132,30,57,0.2
2025-12-08,SKU-1039,WH-03,14,30,66,0.2
2025-12-08,SKU-1040,WH-03,254,50,112,0.2
2025-12-08,SKU-1041,WH-03,79,30,63,0.2
2025-12-08,SKU-1042,WH-03,72,30,60,0.2
2025-12-08,SKU-1043,WH-03,38,120,257,0.2
2025-12-08,SKU-1044,WH-03,8,30,58,0.2
2025-12-08,SKU-1045,WH-03,177,50,111,0.2
2025-12-08,SKU-1046,WH-03,160,50,94,0.2
2025-12-08,SKU-1047,WH-03,287,120,232,0.2
2025-12-08,SKU-1048,WH-03,0,80,150,0.2
2025-12-08,SKU-1049,WH-03,223,80,173,0.2
2025-12-08,SKU-1050,WH-03,39,50,106,0.2
2025-12-08,SKU-1051,WH-03,41,120,217,0.2
2025-12-08,SKU-1052,WH-03,24,50,117,0.2
2025-12-08,SKU-1053,WH-03,0,50,93,0.2
2025-12-08,SKU-1054,WH-03,605,120,258,0.2
2025-12-08,SKU-1055,WH-03,471,120,251,0.2
2025-12-08,SKU-1056,WH-03,305,80,166,0.2
2025-12-08,SKU-1057,WH-03,196,80,173,0.2
2025-12-08,SKU-1058,WH-03,0,120,257,0.2
2025-12-08,SKU-1059,WH-03,355,80,163,0.2
2025-12-08,SKU-1000,WH-04,99,30,54,0.2
2025-12-08,SKU-1001,WH-04,122,30,61,0.2
2025-12-08,SKU-1002,WH-04,78,30,60,0.2
2025-12-08,SKU-1003,WH-04,165,30,68,0.2
2025-12-08,SKU-1004,WH-04,305,120,237,0.2
2025-12-08,SKU-1005,WH-04,35,50,119,0.2
2025-12-08,SKU-1006,WH-04,467,120,287,0.2
2025-12-08,SKU-1007,WH-04,60,80,188,0.2
2025-12-08,SKU-1008,WH-04,127,50,103,0.2
2025-12-08,SKU-1009,WH-04,168,80,151,0.2
2025-12-08,SKU-1010,WH-04,131,30,68,0.2
2025-12-08,SKU-1011,WH-04,567,120,257,0.2
2025-12-08,SKU-1012,WH-04,298,80,191,0.2
2025-12-08,SKU-1013,WH-04,400,120,273,0.2
2025-12-08,SKU-1014,WH-04,247,80,147,0.2
2025-12-08,SKU-1015,WH-04,39,50,117,0.2
2025-12-08,SKU-1016,WH-04,294,80,161,0.2
2025-12-08,SKU-1017,WH-04,88,30,62,0.2
2025-12-08,SKU-1018,WH-04,242,50,105,0.2
2025-12-08,SKU-1019,WH-04,156,50,117,0.2
2025-12-08,SKU-1020,WH-04,7,50,95,0.2
2025-12-08,SKU-1021,WH-04,206,80,144,0.2
2025-12-08,SKU-1022,WH-04,202,80,159,0.2
2025-12-08,SKU-1023,WH-04,72,30,58,0.2
2025-12-08,SKU-1024,WH-04,498,120,254,0.2
2025-12-08,SKU-1025,WH-04,332,80,158,0.2
2025-12-08,SKU-1026,WH-04,172,50,102,0.2
2025-12-08,SKU-1027,WH-04,569,120,244,0.2
2025-12-08,SKU-1028,WH-04,394,120,233,0.2
2025-12-08,SKU-1029,WH-04,0,80,183,0.2
2025-12-08,SKU-1030,WH-04,42,50,96,0.2
2025-12-08,SKU-1031,WH-04,247,80,154,0.2
2025-12-08,SKU-1032,WH-04,410,120,235,0.2
2025-12-08,SKU-1033,WH-04,75,30,60,0.2
2025-12-08,SKU-1034,WH-04,200,50,95,0.2
2025-12-08,SKU-1035,WH-04,256,120,222,0.2
2025-12-08,SKU-1036,WH-04,137,30,61,0.2
2025-12-08,SKU-1037,WH-04,208,50,111,0.2
2025-12-08,SKU-1038,WH-04,106,30,69,0.2
2025-12-08,SKU-1039,WH-04,193,80,181,0.2
2025-12-08,SKU-1040,WH-04,12,80,145,0.2
2025-12-08,SKU-1041,WH-04,263,80,167,0.2
2025-12-08,SKU-1042,WH-04,133,50,118,0.2
2025-12-08,SKU-1043,WH-04,143,30,71,0.2
2025-12-08,SKU-1044,WH-04,301,120,268,0.2
2025-12-08,SKU-1045,WH-04,508,120,280,0.2
2025-12-08,SKU-1046,WH-04,261,120,248,0.2
2025-12-08,SKU-1047,WH-04,136,50,102,0.2
2025-12-08,SKU-1048,WH-04,209,50,96,0.2
2025-12-08,SKU-1049,WH-04,448,120,274,0.2
2025-12-08,SKU-1050,WH-04,298,80,176,0.2
2025-12-08,SKU-1051,WH-04,261,120,228,0.2
2025-12-08,SKU-1052,WH-04,3,30,60,0.2
2025-12-08,SKU-1053,WH-04,401,120,262,0.2
2025-12-08,SKU-1054,WH-04,4,80,190,0.2
2025-12-08,SKU-1055,WH-04,351,120,236,0.2
2025-12-08,SKU-1056,WH-04,533,120,231,0.2
2025-12-08,SKU-1057,WH-04,129,50,93,0.2
2025-12-08,SKU-1058,WH-04,233,80,151,0.2
2025-12-08,SKU-1059,WH-04,412,80,181,0.2
2025-12-15,SKU-1000,WH-01,448,120,240,0.2
2025-12-15,SKU-1001,WH-01,491,120,280,0.2
2025-12-15,SKU-1002,WH-01,108,50,92,0.2
2025-12-15,SKU-1003,WH-01,217,50,93,0.2
2025-12-15,SKU-1004,WH-01,369,80,150,0.2
2025-12-15,SKU-1005,WH-01,426,80,172,0.2
2025-12-15,SKU-1006,WH-01,318,120,264,0.2
2025-12-15,SKU-1007,WH-01,0,30,59,0.2
2025-12-15,SKU-1008,WH-01,106,30,55,0.2
2025-12-15,SKU-1009,WH-01,427,80,173,0.2
2025-12-15,SKU-1010,WH-01,583,120,256,0.2
2025-12-15,SKU-1011,WH-01,80,30,56,0.2
2025-12-15,SKU-1012,WH-01,75,30,57,0.2
2025-12-15,SKU-1013,WH-01,393,120,267,0.2
2025-12-15,SKU-1014,WH-01,69,80,173,0.2
2025-12-15,SKU-1015,WH-01,448,80,187,0.2
2025-12-15,SKU-1016,WH-01,142,30,65,0.2
2025-12-15,SKU-1017,WH-01,129,30,69,0.2
2025-12-15,SKU-1018,WH-01,512,120,245,0.2
2025-12-15,SKU-1019,WH-01,200,50,102,0.2
2025-12-15,SKU-1020,WH-01,95,30,64,0.2
2025-12-15,SKU-1021,WH-01,328,80,178,0.2
2025-12-15,SKU-1022,WH-01,12,50,115,0.2
2025-12-15,SKU-1023,WH-01,139,50,112,0.2
2025-12-15,SKU-1024,WH-01,127,30,54,0.2
2025-12-15,SKU-1025,WH-01,114,50,105,0.2
2025-12-15,SKU-1026,WH-01,0,120,237,0.2
2025-12-15,SKU-1027,WH-01,304,80,161,0.2
2025-12-15,SKU-1028,WH-01,277,50,111,0.2
2025-12-15,SKU-1029,WH-01,110,50,108,0.2
2025-12-15,SKU-1030,WH-01,164,50,96,0.2
2025-12-15,SKU-1031,WH-01,29,30,60,0.2
2025-12-15,SKU-1032,WH-01,157,30,71,0.2
2025-12-15,SKU-1033,WH-01,388,80,169,0.2
2025-12-15,SKU-1034,WH-01,81,30,62,0.2
2025-12-15,SKU-1035,WH-01,95,30,59,0.2
2025-12-15,SKU-1036,WH-01,120,50,92,0.2
2025-12-15,SKU-1037,WH-01,418,120,280,0.2
2025-12-15,SKU-1038,WH-01,126,30,69,0.2
2025-12-15,SKU-1039,WH-01,20,80,180,0.2
2025-12-15,SKU-1040,WH-01,266,50,117,0.2
2025-12-15,SKU-1041,WH-01,0,120,274,0.2
2025-12-15,SKU-1042,WH-01,0,80,168,0.2
2025-12-15,SKU-1043,WH-01,246,50,104,0.2
2025-12-15,SKU-1044,WH-01,151,30,69,0.2
2025-12-15,SKU-1045,WH-01,430,120,238,0.2
2025-12-15,SKU-1046,WH-01,218,50,102,0.2
2025-12-15,SKU-1047,WH-01,360,80,166,0.2
2025-12-15,SKU-1048,WH-01,80,30,70,0.2
2025-12-15,SKU-1049,WH-01,103,30,69,0.2
2025-12-15,SKU-1050,WH-01,299,80,188,0.2
2025-12-15,SKU-1051,WH-01,40,80,184,0.2
2025-12-15,SKU-1052,WH-01,22,50,98,0.2
2025-12-15,SKU-1053,WH-01,2,50,93,0.2
2025-12-15,SKU-1054,WH-01,0,50,118,0.2
2025-12-15,SKU-1055,WH-01,233,50,106,0.2
2025-12-15,SKU-1056,WH-01,325,120,277,0.2
2025-12-15,SKU-1057,WH-01,116,120,271,0.2
2025-12-15,SKU-1058,WH-01,0,50,102,0.2
2025-12-15,SKU-1059,WH-01,117,50,103,0.2
2025-12-15,SKU-1000,WH-02,301,80,180,0.2
2025-12-15,SKU-1001,WH-02,22,30,59,0.2
2025-12-15,SKU-1002,WH-02,129,50,98,0.2
2025-12-15,SKU-1003,WH-02,110,30,58,0.2
2025-12-15,SKU-1004,WH-02,334,80,163,0.2
2025-12-15,SKU-1005,WH-02,238,50,111,0.2
2025-12-15,SKU-1006,WH-02,210,50,114,0.2
2025-12-15,SKU-1007,WH-02,105,30,57,0.2
2025-12-15,SKU-1008,WH-02,25,80,156,0.2
2025-12-15,SKU-1009,WH-02,10,30,65,0.2
2025-12-15,SKU-1010,WH-02,279,80,153,0.2
2025-12-15,SKU-1011,WH-02,151,30,63,0.2
2025-12-15,SKU-1012,WH-02,251,80,171,0.2
2025-12-15,SKU-1013,WH-02,2,120,275,0.2
2025-12-15,SKU-1014,WH-02,297,120,237,0.2
2025-12-15,SKU-1015,WH-02,318,80,145,0.2
2025-12-15,SKU-1016,WH-02,12,120,272,0.2
2025-12-15,SKU-1017,WH-02,405,80,178,0.2
2025-12-15,SKU-1018,WH-02,76,30,55,0.2
2025-12-15,SKU-1019,WH-02,324,80,158,0.2
2025-12-15,SKU-1020,WH-02,393,120,264,0.2
2025-12-15,SKU-1021,WH-02,113,50,104,0.2
2025-12-15,SKU-1022,WH-02,257,120,218,0.2
2025-12-15,SKU-1023,WH-02,181,80,172,0.2
2025-12-15,SKU-1024,WH-02,293,80,158,0.2
2025-12-15,SKU-1025,WH-02,194,50,108,0.2
2025-12-15,SKU-1026,WH-02,192,50,111,0.2
2025-12-15,SKU-1027,WH-02,215,80,168,0.2
2025-12-15,SKU-1028,WH-02,293,80,161,0.2
2025-12-15,SKU-1029,WH-02,273,120,234,0.2
2025-12-15,SKU-1030,WH-02,155,50,109,0.2
2025-12-15,SKU-1031,WH-02,534,120,261,0.2
2025-12-15,SKU-1032,WH-02,81,30,65,0.2
2025-12-15,SKU-1033,WH-02,0,120,268,0.2
2025-12-15,SKU-1034,WH-02,318,120,276,0.2
2025-12-15,SKU-1035,WH-02,169,50,92,0.2
2025-12-15,SKU-1036,WH-02,81,30,55,0.2
2025-12-15,SKU-1037,WH-02,295,120,252,0.2
2025-12-15,SKU-1038,WH-02,281,80,159,0.2
2025-12-15,SKU-1039,WH-02,318,80,151,0.2
2025-12-15,SKU-1040,WH-02,145,30,69,0.2
2025-12-15,SKU-1041,WH-02,146,30,63,0.2
2025-12-15,SKU-1042,WH-02,114,30,59,0.2
2025-12-15,SKU-1043,WH-02,412,120,224,0.2
2025-12-15,SKU-1044,WH-02,0,50,94,0.2
2025-12-15,SKU-1045,WH-02,131,30,59,0.2
2025-12-15,SKU-1046,WH-02,34,80,180,0.2
2025-12-15,SKU-1047,WH-02,0,30,64,0.2
2025-12-15,SKU-1048,WH-02,502,120,259,0.2
2025-12-15,SKU-1049,WH-02,239,120,221,0.2
2025-12-15,SKU-1050,WH-02,151,80,149,0.2
2025-12-15,SKU-1051,WH-02,427,120,220,0.2
2025-12-15,SKU-1052,WH-02,208,50,97,0.2
2025-12-15,SKU-1053,WH-02,4,30,69,0.2
2025-12-15,SKU-1054,WH-02,540,120,250,0.2
2025-12-15,SKU-1055,WH-02,475,120,278,0.2
2025-12-15,SKU-1056,WH-02,78,80,166,0.2
2025-12-15,SKU-1057,WH-02,187,50,108,0.2
2025-12-15,SKU-1058,WH-02,88,30,55,0.2
2025-12-15,SKU-1059,WH-02,496,120,261,0.2
2025-12-15,SKU-1000,WH-03,208,50,105,0.2
2025-12-15,SKU-1001,WH-03,92,30,69,0.2
2025-12-15,SKU-1002,WH-03,353,80,162,0.2
2025-12-15,SKU-1003,WH-03,409,120,276,0.2
2025-12-15,SKU-1004,WH-03,51,80,185,0.2
2025-12-15,SKU-1005,WH-03,117,50,92,0.2
2025-12-15,SKU-1006,WH-03,190,80,147,0.2
2025-12-15,SKU-1007,WH-03,7,50,108,0.2
2025-12-15,SKU-1008,WH-03,645,120,267,0.2
2025-12-15,SKU-1009,WH-03,201,80,163,0.2
2025-12-15,SKU-1010,WH-03,111,30,55,0.2
2025-12-15,SKU-1011,WH-03,161,30,71,0.2
2025-12-15,SKU-1012,WH-03,476,120,284,0.2
2025-12-15,SKU-1013,WH-03,66,120,242,0.2
2025-12-15,SKU-1014,WH-03,600,120,278,0.2
2025-12-15,SKU-1015,WH-03,408,120,244,0.2
2025-12-15,SKU-1016,WH-03,425,80,183,0.2
2025-12-15,SKU-1017,WH-03,269,80,146,0.2
2025-12-15,SKU-1018,WH-03,208,50,94,0.2
2025-12-15,SKU-1019,WH-03,513,120,286,0.2
2025-12-15,SKU-1020,WH-03,135,50,116,0.2
2025-12-15,SKU-1021,WH-03,85,30,66,0.2
2025-12-15,SKU-1022,WH-03,508,120,251,0.2
2025-12-15,SKU-1023,WH-03,226,80,184,0.2
2025-12-15,SKU-1024,WH-03,0,30,63,0.2
2025-12-15,SKU-1025,WH-03,127,30,68,0.2
2025-12-15,SKU-1026,WH-03,199,80,177,0.2
2025-12-15,SKU-1027,WH-03,366,80,175,0.2
2025-12-15,SKU-1028,WH-03,119,50,90,0.2
2025-12-15,SKU-1029,WH-03,48,50,97,0.2
2025-12-15,SKU-1030,WH-03,219,50,109,0.2
2025-12-15,SKU-1031,WH-03,0,80,172,0.2
2025-12-15,SKU-1032,WH-03,3,50,90,0.2
2025-12-15,SKU-1033,WH-03,224,50,107,0.2
2025-12-15,SKU-1034,WH-03,0,50,100,0.2
2025-12-15,SKU-1035,WH-03,351,80,145,0.2
2025-12-15,SKU-1036,WH-03,10,30,59,0.2
2025-12-15,SKU-1037,WH-03,420,80,174,0.2
2025-12-15,SKU-1038,WH-03,27,30,59,0.2
2025-12-15,SKU-1039,WH-03,88,30,62,0.2
2025-12-15,SKU-1040,WH-03,120,30,66,0.2
2025-12-15,SKU-1041,WH-03,120,30,71,0.2
2025-12-15,SKU-1042,WH-03,330,80,181,0.2
2025-12-15,SKU-1043,WH-03,551,120,222,0.2
2025-12-15,SKU-1044,WH-03,157,80,149,0.2
2025-12-15,SKU-1045,WH-03,107,30,56,0.2
2025-12-15,SKU-1046,WH-03,21,30,70,0.2
2025-12-15,SKU-1047,WH-03,17,30,71,0.2
2025-12-15,SKU-1048,WH-03,82,30,59,0.2
2025-12-15,SKU-1049,WH-03,103,30,71,0.2
2025-12-15,SKU-1050,WH-03,343,80,151,0.2
2025-12-15,SKU-1051,WH-03,322,80,155,0.2
2025-12-15,SKU-1052,WH-03,88,30,65,0.2
2025-12-15,SKU-1053,WH-03,0,30,69,0.2
2025-12-15,SKU-1054,WH-03,18,120,275,0.2
2025-12-15,SKU-1055,WH-03,293,80,161,0.2
2025-12-15,SKU-1056,WH-03,59,30,57,0.2
2025-12-15,SKU-1057,WH-03,256,50,109,0.2
2025-12-15,SKU-1058,WH-03,126,30,62,0.2
2025-12-15,SKU-1059,WH-03,405,80,188,0.2
2025-12-15,SKU-1000,WH-04,32,80,176,0.2
2025-12-15,SKU-1001,WH-04,22,120,243,0.2
2025-12-15,SKU-1002,WH-04,140,30,68,0.2
2025-12-15,SKU-1003,WH-04,70,30,70,0.2
2025-12-15,SKU-1004,WH-04,281,80,183,0.2
2025-12-15,SKU-1005,WH-04,16,30,63,0.2
2025-12-15,SKU-1006,WH-04,284,80,145,0.2
2025-12-15,SKU-1007,WH-04,320,80,166,0.2
2025-12-15,SKU-1008,WH-04,251,80,164,0.2
2025-12-15,SKU-1009,WH-04,183,50,97,0.2
2025-12-15,SKU-1010,WH-04,183,50,108,0.2
2025-12-15,SKU-1011,WH-04,67,30,64,0.2
2025-12-15,SKU-1012,WH-04,3,30,58,0.2
2025-12-15,SKU-1013,WH-04,494,120,266,0.2
2025-12-15,SKU-1014,WH-04,167,50,112,0.2
2025-12-15,SKU-1015,WH-04,448,120,223,0.2
2025-12-15,SKU-1016,WH-04,21,80,162,0.2
2025-12-15,SKU-1017,WH-04,508,120,255,0.2
2025-12-15,SKU-1018,WH-04,205,50,95,0.2
2025-12-15,SKU-1019,WH-04,290,80,162,0.2
2025-12-15,SKU-1020,WH-04,121,30,54,0.2
2025-12-15,SKU-1021,WH-04,332,120,258,0.2
2025-12-15,SKU-1022,WH-04,283,120,235,0.2
2025-12-15,SKU-1023,WH-04,319,120,226,0.2
2025-12-15,SKU-1024,WH-04,283,80,164,0.2
2025-12-15,SKU-1025,WH-04,477,120,221,0.2
2025-12-15,SKU-1026,WH-04,334,80,157,0.2
2025-12-15,SKU-1027,WH-04,76,120,283,0.2
2025-12-15,SKU-1028,WH-04,256,50,103,0.2
2025-12-15,SKU-1029,WH-04,157,50,109,0.2
2025-12-15,SKU-1030,WH-04,106,50,101,0.2
2025-12-15,SKU-1031,WH-04,495,120,263,0.2
2025-12-15,SKU-1032,WH-04,454,120,243,0.2
2025-12-15,SKU-1033,WH-04,77,30,65,0.2
2025-12-15,SKU-1034,WH-04,262,50,119,0.2
2025-12-15,SKU-1035,WH-04,354,80,174,0.2
2025-12-15,SKU-1036,WH-04,99,30,60,0.2
2025-12-15,SKU-1037,WH-04,193,50,112,0.2
2025-12-15,SKU-1038,WH-04,160,30,68,0.2
2025-12-15,SKU-1039,WH-04,130,30,60,0.2
2025-12-15,SKU-1040,WH-04,37,80,167,0.2
2025-12-15,SKU-1041,WH-04,203,50,109,0.2
2025-12-15,SKU-1042,WH-04,411,120,263,0.2
2025-12-15,SKU-1043,WH-04,588,120,258,0.2
2025-12-15,SKU-1044,WH-04,510,120,266,0.2
2025-12-15,SKU-1045,WH-04,189,50,117,0.2
2025-12-15,SKU-1046,WH-04,81,120,265,0.2
2025-12-15,SKU-1047,WH-04,221,80,150,0.2
2025-12-15,SKU-1048,WH-04,308,80,150,0.2
2025-12-15,SKU-1049,WH-04,121,50,111,0.2
2025-12-15,SKU-1050,WH-04,26,50,102,0.2
2025-12-15,SKU-1051,WH-04,153,30,65,0.2
2025-12-15,SKU-1052,WH-04,85,30,70,0.2
2025-12-15,SKU-1053,WH-04,60,30,60,0.2
2025-12-15,SKU-1054,WH-04,288,80,149,0.2
2025-12-15,SKU-1055,WH-04,44,50,119,0.2
2025-12-15,SKU-1056,WH-04,461,120,247,0.2
2025-12-15,SKU-1057,WH-04,141,50,102,0.2
2025-12-15,SKU-1058,WH-04,248,120,237,0.2
2025-12-15,SKU-1059,WH-04,88,30,57,0.2
2025-12-22,SKU-1000,WH-01,374,80,159,0.2
2025-12-22,SKU-1001,WH-01,119,30,68,0.2
2025-12-22,SKU-1002,WH-01,70,30,68,0.2
2025-12-22,SKU-1003,WH-01,108,30,59,0.2
2025-12-22,SKU-1004,WH-01,55,120,249,0.2
2025-12-22,SKU-1005,WH-01,378,80,185,0.2
2025-12-22,SKU-1006,WH-01,0,80,145,0.2
2025-12-22,SKU-1007,WH-01,540,120,242,0.2
2025-12-22,SKU-1008,WH-01,287,120,237,0.2
2025-12-22,SKU-1009,WH-01,0,120,242,0.2
2025-12-22,SKU-1010,WH-01,190,50,105,0.2
2025-12-22,SKU-1011,WH-01,130,30,60,0.2
2025-12-22,SKU-1012,WH-01,135,30,62,0.2
2025-12-22,SKU-1013,WH-01,391,80,186,0.2
2025-12-22,SKU-1014,WH-01,80,30,64,0.2
2025-12-22,SKU-1015,WH-01,446,120,248,0.2
2025-12-22,SKU-1016,WH-01,227,50,106,0.2
2025-12-22,SKU-1017,WH-01,289,120,226,0.2
2025-12-22,SKU-1018,WH-01,0,120,228,0.2
2025-12-22,SKU-1019,WH-01,169,50,100,0.2
2025-12-22,SKU-1020,WH-01,463,120,219,0.2
2025-12-22,SKU-1021,WH-01,160,30,71,0.2
2025-12-22,SKU-1022,WH-01,383,120,244,0.2
2025-12-22,SKU-1023,WH-01,412,120,270,0.2
2025-12-22,SKU-1024,WH-01,133,50,119,0.2
2025-12-22,SKU-1025,WH-01,316,80,161,0.2
2025-12-22,SKU-1026,WH-01,17,30,67,0.2
2025-12-22,SKU-1027,WH-01,184,80,168,0.2
2025-12-22,SKU-1028,WH-01,206,80,186,0.2
2025-12-22,SKU-1029,WH-01,102,30,54,0.2
2025-12-22,SKU-1030,WH-01,191,50,109,0.2
2025-12-22,SKU-1031,WH-01,163,80,161,0.2
2025-12-22,SKU-1032,WH-01,215,80,162,0.2
2025-12-22,SKU-1033,WH-01,136,30,59,0.2
2025-12-22,SKU-1034,WH-01,407,80,178,0.2
2025-12-22,SKU-1035,WH-01,303,120,287,0.2
2025-12-22,SKU-1036,WH-01,128,30,67,0.2
2025-12-22,SKU-1037,WH-01,413,120,250,0.2
2025-12-22,SKU-1038,WH-01,384,120,223,0.2
2025-12-22,SKU-1039,WH-01,287,120,261,0.2
2025-12-22,SKU-1040,WH-01,200,80,167,0.2
2025-12-22,SKU-1041,WH-01,589,120,263,0.2
2025-12-22,SKU-1042,WH-01,456,120,249,0.2
2025-12-22,SKU-1043,WH-01,136,30,68,0.2
2025-12-22,SKU-1044,WH-01,187,50,99,0.2
2025-12-22,SKU-1045,WH-01,158,30,67,0.2
2025-12-22,SKU-1046,WH-01,61,30,54,0.2
2025-12-22,SKU-1047,WH-01,468,120,286,0.2
2025-12-22,SKU-1048,WH-01,357,80,144,0.2
2025-12-22,SKU-1049,WH-01,7,30,60,0.2
2025-12-22,SKU-1050,WH-01,0,80,152,0.2
2025-12-22,SKU-1051,WH-01,68,30,68,0.2
2025-12-22,SKU-1052,WH-01,104,30,68,0.2
2025-12-22,SKU-1053,WH-01,79,120,226,0.2
2025-12-22,SKU-1054,WH-01,100,30,56,0.2
2025-12-22,SKU-1055,WH-01,0,50,108,0.2
2025-12-22,SKU-1056,WH-01,137,30,63,0.2
2025-12-22,SKU-1057,WH-01,349,80,150,0.2
2025-12-22,SKU-1058,WH-01,200,80,147,0.2
2025-12-22,SKU-1059,WH-01,506,120,237,0.2
2025-12-22,SKU-1000,WH-02,372,80,152,0.2
2025-12-22,SKU-1001,WH-02,49,80,144,0.2
2025-12-22,SKU-1002,WH-02,81,120,225,0.2
2025-12-22,SKU-1003,WH-02,130,50,101,0.2
2025-12-22,SKU-1004,WH-02,117,30,62,0.2
2025-12-22,SKU-1005,WH-02,373,80,166,0.2
2025-12-22,SKU-1006,WH-02,167,50,105,0.2
2025-12-22,SKU-1007,WH-02,477,120,261,0.2
2025-12-22,SKU-1008,WH-02,345,80,171,0.2
2025-12-22,SKU-1009,WH-02,323,80,144,0.2
2025-12-22,SKU-1010,WH-02,317,80,179,0.2
2025-12-22,SKU-1011,WH-02,179,50,108,0.2
2025-12-22,SKU-1012,WH-02,277,80,151,0.2
2025-12-22,SKU-1013,WH-02,94,30,66,0.2
2025-12-22,SKU-1014,WH-02,184,80,173,0.2
2025-12-22,SKU-1015,WH-02,117,30,71,0.2
2025-12-22,SKU-1016,WH-02,154,50,111,0.2
2025-12-22,SKU-1017,WH-02,282,120,241,0.2
2025-12-22,SKU-1018,WH-02,0,80,180,0.2
2025-12-22,SKU-1019,WH-02,41,120,246,0.2
2025-12-22,SKU-1020,WH-02,0,120,226,0.2
2025-12-22,SKU-1021,WH-02,434,120,240,0.2
2025-12-22,SKU-1022,WH-02,176,50,100,0.2
2025-12-22,SKU-1023,WH-02,132,50,100,0.2
2025-12-22,SKU-1024,WH-02,51,80,147,0.2
2025-12-22,SKU-1025,WH-02,542,120,276,0.2
2025-12-22,SKU-1026,WH-02,94,30,63,0.2
2025-12-22,SKU-1027,WH-02,118,30,54,0.2
2025-12-22,SKU-1028,WH-02,435,120,236,0.2
2025-12-22,SKU-1029,WH-02,415,80,189,0.2
2025-12-22,SKU-1030,WH-02,28,80,166,0.2
2025-12-22,SKU-1031,WH-02,89,30,65,0.2
2025-12-22,SKU-1032,WH-02,97,50,95,0.2
2025-12-22,SKU-1033,WH-02,429,120,271,0.2
2025-12-22,SKU-1034,WH-02,426,80,183,0.2
2025-12-22,SKU-1035,WH-02,125,30,66,0.2
2025-12-22,SKU-1036,WH-02,166,30,68,0.2
2025-12-22,SKU-1037,WH-02,133,30,70,0.2
2025-12-22,SKU-1038,WH-02,641,120,262,0.2
2025-12-22,SKU-1039,WH-02,0,120,243,0.2
2025-12-22,SKU-1040,WH-02,177,50,103,0.2
2025-12-22,SKU-1041,WH-02,134,30,66,0.2
2025-12-22,SKU-1042,WH-02,391,120,253,0.2
2025-12-22,SKU-1043,WH-02,357,120,252,0.2
2025-12-22,SKU-1044,WH-02,198,80,159,0.2
2025-12-22,SKU-1045,WH-02,267,80,186,0.2
2025-12-22,SKU-1046,WH-02,384,120,242,0.2
2025-12-22,SKU-1047,WH-02,208,80,163,0.2
2025-12-22,SKU-1048,WH-02,60,120,280,0.2
2025-12-22,SKU-1049,WH-02,263,50,117,0.2
2025-12-22,SKU-1050,WH-02,260,120,249,0.2
2025-12-22,SKU-1051,WH-02,521,120,233,0.2
2025-12-22,SKU-1052,WH-02,0,50,96,0.2
2025-12-22,SKU-1053,WH-02,16,30,56,0.2
2025-12-22,SKU-1054,WH-02,359,80,144,0.2
2025-12-22,SKU-1055,WH-02,128,30,70,0.2
2025-12-22,SKU-1056,WH-02,159,80,147,0.2
2025-12-22,SKU-1057,WH-02,220,50,117,0.2
2025-12-22,SKU-1058,WH-02,209,50,95,0.2
2025-12-22,SKU-1059,WH-02,487,120,243,0.2
2025-12-22,SKU-1000,WH-03,160,50,115,0.2
2025-12-22,SKU-1001,WH-03,44,50,91,0.2
2025-12-22,SKU-1002,WH-03,237,50,99,0.2
2025-12-22,SKU-1003,WH-03,273,80,145,0.2
2025-12-22,SKU-1004,WH-03,0,80,168,0.2
2025-12-22,SKU-1005,WH-03,344,120,282,0.2
2025-12-22,SKU-1006,WH-03,16,30,68,0.2
2025-12-22,SKU-1007,WH-03,0,80,182,0.2
2025-12-22,SKU-1008,WH-03,524,120,280,0.2
2025-12-22,SKU-1009,WH-03,335,120,278,0.2
2025-12-22,SKU-1010,WH-03,67,30,61,0.2
2025-12-22,SKU-1011,WH-03,134,30,60,0.2
2025-12-22,SKU-1012,WH-03,151,30,64,0.2
2025-12-22,SKU-1013,WH-03,483,120,243,0.2
2025-12-22,SKU-1014,WH-03,567,120,276,0.2
2025-12-22,SKU-1015,WH-03,270,80,172,0.2
2025-12-22,SKU-1016,WH-03,214,50,101,0.2
2025-12-22,SKU-1017,WH-03,104,50,97,0.2
2025-12-22,SKU-1018,WH-03,258,50,108,0.2
2025-12-22,SKU-1019,WH-03,567,120,271,0.2
2025-12-22,SKU-1020,WH-03,372,120,282,0.2
2025-12-22,SKU-1021,WH-03,133,30,56,0.2
2025-12-22,SKU-1022,WH-03,93,30,54,0.2
2025-12-22,SKU-1023,WH-03,155,30,71,0.2
2025-12-22,SKU-1024,WH-03,264,120,220,0.2
2025-12-22,SKU-1025,WH-03,165,80,155,0.2
2025-12-22,SKU-1026,WH-03,72,30,54,0.2
2025-12-22,SKU-1027,WH-03,132,50,96,0.2
2025-12-22,SKU-1028,WH-03,299,120,246,0.2
2025-12-22,SKU-1029,WH-03,142,50,113,0.2
2025-12-22,SKU-1030,WH-03,215,50,118,0.2
2025-12-22,SKU-1031,WH-03,73,80,185,0.2
2025-12-22,SKU-1032,WH-03,24,30,69,0.2
2025-12-22,SKU-1033,WH-03,83,30,61,0.2
2025-12-22,SKU-1034,WH-03,100,30,61,0.2
2025-12-22,SKU-1035,WH-03,341,80,186,0.2
2025-12-22,SKU-1036,WH-03,343,80,190,0.2
2025-12-22,SKU-1037,WH-03,268,80,160,0.2
2025-12-22,SKU-1038,WH-03,102,30,66,0.2
2025-12-22,SKU-1039,WH-03,329,120,272,0.2
2025-12-22,SKU-1040,WH-03,0,80,179,0.2
2025-12-22,SKU-1041,WH-03,12,30,64,0.2
2025-12-22,SKU-1042,WH-03,105,30,54,0.2
2025-12-22,SKU-1043,WH-03,199,80,176,0.2
2025-12-22,SKU-1044,WH-03,248,80,159,0.2
2025-12-22,SKU-1045,WH-03,110,30,63,0.2
2025-12-22,SKU-1046,WH-03,55,80,160,0.2
2025-12-22,SKU-1047,WH-03,133,50,102,0.2
2025-12-22,SKU-1048,WH-03,73,30,60,0.2
2025-12-22,SKU-1049,WH-03,232,80,176,0.2
2025-12-22,SKU-1050,WH-03,121,50,105,0.2
2025-12-22,SKU-1051,WH-03,52,80,144,0.2
2025-12-22,SKU-1052,WH-03,145,50,102,0.2
2025-12-22,SKU-1053,WH-03,393,120,274,0.2
2025-12-22,SKU-1054,WH-03,131,50,102,0.2
2025-12-22,SKU-1055,WH-03,101,50,96,0.2
2025-12-22,SKU-1056,WH-03,196,50,108,0.2
2025-12-22,SKU-1057,WH-03,358,120,220,0.2
2025-12-22,SKU-1058,WH-03,269,80,184,0.2
2025-12-22,SKU-1059,WH-03,63,30,54,0.2
2025-12-22,SKU-1000,WH-04,93,30,66,0.2
2025-12-22,SKU-1001,WH-04,652,120,279,0.2
2025-12-22,SKU-1002,WH-04,253,50,111,0.2
2025-12-22,SKU-1003,WH-04,157,50,119,0.2
2025-12-22,SKU-1004,WH-04,149,30,68,0.2
2025-12-22,SKU-1005,WH-04,237,80,187,0.2
2025-12-22,SKU-1006,WH-04,292,80,160,0.2
2025-12-22,SKU-1007,WH-04,246,80,177,0.2
2025-12-22,SKU-1008,WH-04,147,30,67,0.2
2025-12-22,SKU-1009,WH-04,271,80,177,0.2
2025-12-22,SKU-1010,WH-04,514,120,217,0.2
2025-12-22,SKU-1011,WH-04,266,80,172,0.2
2025-12-22,SKU-1012,WH-04,420,120,233,0.2
2025-12-22,SKU-1013,WH-04,155,30,64,0.2
2025-12-22,SKU-1014,WH-04,299,120,234,0.2
2025-12-22,SKU-1015,WH-04,397,80,177,0.2
2025-12-22,SKU-1016,WH-04,43,80,178,0.2
2025-12-22,SKU-1017,WH-04,121,50,119,0.2
2025-12-22,SKU-1018,WH-04,538,120,223,0.2
2025-12-22,SKU-1019,WH-04,308,80,151,0.2
2025-12-22,SKU-1020,WH-04,310,80,157,0.2
2025-12-22,SKU-1021,WH-04,443,80,186,0.2
2025-12-22,SKU-1022,WH-04,170,80,155,0.2
2025-12-22,SKU-1023,WH-04,167,80,154,0.2
2025-12-22,SKU-1024,WH-04,103,30,58,0.2
2025-12-22,SKU-1025,WH-04,162,30,68,0.2
2025-12-22,SKU-1026,WH-04,101,30,70,0.2
2025-12-22,SKU-1027,WH-04,111,30,54,0.2
2025-12-22,SKU-1028,WH-04,89,30,65,0.2
2025-12-22,SKU-1029,WH-04,224,50,116,0.2
2025-12-22,SKU-1030,WH-04,28,80,147,0.2
2025-12-22,SKU-1031,WH-04,84,30,56,0.2
2025-12-22,SKU-1032,WH-04,126,50,101,0.2
2025-12-22,SKU-1033,WH-04,452,120,248,0.2
2025-12-22,SKU-1034,WH-04,441,80,179,0.2
2025-12-22,SKU-1035,WH-04,535,120,227,0.2
2025-12-22,SKU-1036,WH-04,378,80,162,0.2
2025-12-22,SKU-1037,WH-04,107,30,63,0.2
2025-12-22,SKU-1038,WH-04,358,80,170,0.2
2025-12-22,SKU-1039,WH-04,388,120,277,0.2
2025-12-22,SKU-1040,WH-04,0,80,150,0.2
2025-12-22,SKU-1041,WH-04,48,50,90,0.2
2025-12-22,SKU-1042,WH-04,148,50,119,0.2
2025-12-22,SKU-1043,WH-04,170,30,71,0.2
2025-12-22,SKU-1044,WH-04,109,50,104,0.2
2025-12-22,SKU-1045,WH-04,592,120,247,0.2
2025-12-22,SKU-1046,WH-04,553,120,236,0.2
2025-12-22,SKU-1047,WH-04,201,50,105,0.2
2025-12-22,SKU-1048,WH-04,32,120,272,0.2
2025-12-22,SKU-1049,WH-04,228,50,104,0.2
2025-12-22,SKU-1050,WH-04,133,30,56,0.2
2025-12-22,SKU-1051,WH-04,149,50,99,0.2
2025-12-22,SKU-1052,WH-04,230,80,153,0.2
2025-12-22,SKU-1053,WH-04,209,80,153,0.2
2025-12-22,SKU-1054,WH-04,160,50,102,0.2
2025-12-22,SKU-1055,WH-04,98,30,54,0.2
2025-12-22,SKU-1056,WH-04,347,80,150,0.2
2025-12-22,SKU-1057,WH-04,238,80,172,0.2
2025-12-22,SKU-1058,WH-04,98,30,54,0.2
2025-12-22,SKU-1059,WH-04,199,50,96,0.2
2025-12-29,SKU-1000,WH-01,295,80,180,0.2
2025-12-29,SKU-1001,WH-01,145,30,63,0.2
2025-12-29,SKU-1002,WH-01,126,30,57,0.2
2025-12-29,SKU-1003,WH-01,293,120,251,0.2
2025-12-29,SKU-1004,WH-01,127,50,112,0.2
2025-12-29,SKU-1005,WH-01,372,80,171,0.2
2025-12-29,SKU-1006,WH-01,215,50,90,0.2
2025-12-29,SKU-1007,WH-01,29,30,59,0.2
2025-12-29,SKU-1008,WH-01,368,120,228,0.2
2025-12-29,SKU-1009,WH-01,12,50,116,0.2
2025-12-29,SKU-1010,WH-01,197,50,93,0.2
2025-12-29,SKU-1011,WH-01,8,80,175,0.2
2025-12-29,SKU-1012,WH-01,389,120,225,0.2
2025-12-29,SKU-1013,WH-01,221,80,153,0.2
2025-12-29,SKU-1014,WH-01,478,120,234,0.2
2025-12-29,SKU-1015,WH-01,218,50,99,0.2
2025-12-29,SKU-1016,WH-01,136,30,66,0.2
2025-12-29,SKU-1017,WH-01,438,120,253,0.2
2025-12-29,SKU-1018,WH-01,224,120,224,0.2
2025-12-29,SKU-1019,WH-01,160,50,114,0.2
2025-12-29,SKU-1020,WH-01,374,80,185,0.2
2025-12-29,SKU-1021,WH-01,646,120,281,0.2
2025-12-29,SKU-1022,WH-01,281,50,117,0.2
2025-12-29,SKU-1023,WH-01,332,80,167,0.2
2025-12-29,SKU-1024,WH-01,5,30,71,0.2
2025-12-29,SKU-1025,WH-01,136,50,102,0.2
2025-12-29,SKU-1026,WH-01,158,30,70,0.2
2025-12-29,SKU-1027,WH-01,80,30,60,0.2
2025-12-29,SKU-1028,WH-01,547,120,262,0.2
2025-12-29,SKU-1029,WH-01,168,30,70,0.2
2025-12-29,SKU-1030,WH-01,138,50,118,0.2
2025-12-29,SKU-1031,WH-01,45,50,110,0.2
2025-12-29,SKU-1032,WH-01,386,120,236,0.2
2025-12-29,SKU-1033,WH-01,0,50,96,0.2
2025-12-29,SKU-1034,WH-01,0,120,252,0.2
2025-12-29,SKU-1035,WH-01,136,30,63,0.2
2025-12-29,SKU-1036,WH-01,40,50,99,0.2
2025-12-29,SKU-1037,WH-01,149,50,98,0.2
2025-12-29,SKU-1038,WH-01,383,120,270,0.2
2025-12-29,SKU-1039,WH-01,291,80,163,0.2
2025-12-29,SKU-1040,WH-01,223,50,90,0.2
2025-12-29,SKU-1041,WH-01,372,120,270,0.2
2025-12-29,SKU-1042,WH-01,196,50,98,0.2
2025-12-29,SKU-1043,WH-01,220,50,114,0.2
2025-12-29,SKU-1044,WH-01,81,30,54,0.2
2025-12-29,SKU-1045,WH-01,261,120,230,0.2
2025-12-29,SKU-1046,WH-01,280,80,182,0.2
2025-12-29,SKU-1047,WH-01,329,80,168,0.2
2025-12-29,SKU-1048,WH-01,0,80,180,0.2
2025-12-29,SKU-1049,WH-01,20,30,60,0.2
2025-12-29,SKU-1050,WH-01,9,30,66,0.2
2025-12-29,SKU-1051,WH-01,195,50,107,0.2
2025-12-29,SKU-1052,WH-01,115,30,68,0.2
2025-12-29,SKU-1053,WH-01,201,80,144,0.2
2025-12-29,SKU-1054,WH-01,65,30,64,0.2
2025-12-29,SKU-1055,WH-01,344,120,276,0.2
2025-12-29,SKU-1056,WH-01,557,120,269,0.2
2025-12-29,SKU-1057,WH-01,512,120,265,0.2
2025-12-29,SKU-1058,WH-01,114,30,69,0.2
2025-12-29,SKU-1059,WH-01,68,80,160,0.2
2025-12-29,SKU-1000,WH-02,57,30,57,0.2
2025-12-29,SKU-1001,WH-02,348,80,159,0.2
2025-12-29,SKU-1002,WH-02,367,80,183,0.2
2025-12-29,SKU-1003,WH-02,253,80,146,0.2
2025-12-29,SKU-1004,WH-02,134,30,71,0.2
2025-12-29,SKU-1005,WH-02,218,50,94,0.2
2025-12-29,SKU-1006,WH-02,399,120,276,0.2
2025-12-29,SKU-1007,WH-02,161,50,98,0.2
2025-12-29,SKU-1008,WH-02,168,50,119,0.2
2025-12-29,SKU-1009,WH-02,281,120,218,0.2
2025-12-29,SKU-1010,WH-02,80,30,55,0.2
2025-12-29,SKU-1011,WH-02,424,80,189,0.2
2025-12-29,SKU-1012,WH-02,69,30,55,0.2
2025-12-29,SKU-1013,WH-02,206,50,92,0.2
2025-12-29,SKU-1014,WH-02,161,30,68,0.2
2025-12-29,SKU-1015,WH-02,108,30,59,0.2
2025-12-29,SKU-1016,WH-02,229,80,184,0.2
2025-12-29,SKU-1017,WH-02,119,50,117,0.2
2025-12-29,SKU-1018,WH-02,112,30,54,0.2
2025-12-29,SKU-1019,WH-02,312,80,178,0.2
2025-12-29,SKU-1020,WH-02,1,50,116,0.2
2025-12-29,SKU-1021,WH-02,320,80,165,0.2
2025-12-29,SKU-1022,WH-02,101,50,92,0.2
2025-12-29,SKU-1023,WH-02,370,120,273,0.2
2025-12-29,SKU-1024,WH-02,1,30,54,0.2
2025-12-29,SKU-1025,WH-02,0,30,64,0.2
2025-12-29,SKU-1026,WH-02,57,30,57,0.2
2025-12-29,SKU-1027,WH-02,0,30,56,0.2
2025-12-29,SKU-1028,WH-02,52,120,242,0.2
2025-12-29,SKU-1029,WH-02,274,50,112,0.2
2025-12-29,SKU-1030,WH-02,531,120,225,0.2
2025-12-29,SKU-1031,WH-02,130,50,94,0.2
2025-12-29,SKU-1032,WH-02,0,80,150,0.2
2025-12-29,SKU-1033,WH-02,140,30,63,0.2
2025-12-29,SKU-1034,WH-02,570,120,259,0.2
2025-12-29,SKU-1035,WH-02,552,120,244,0.2
2025-12-29,SKU-1036,WH-02,119,50,103,0.2
2025-12-29,SKU-1037,WH-02,398,120,270,0.2
2025-12-29,SKU-1038,WH-02,53,80,144,0.2
2025-12-29,SKU-1039,WH-02,82,120,268,0.2
2025-12-29,SKU-1040,WH-02,233,50,119,0.2
2025-12-29,SKU-1041,WH-02,311,80,160,0.2
2025-12-29,SKU-1042,WH-02,403,80,188,0.2
2025-12-29,SKU-1043,WH-02,345,120,233,0.2
2025-12-29,SKU-1044,WH-02,253,50,112,0.2
2025-12-29,SKU-1045,WH-02,421,80,187,0.2
2025-12-29,SKU-1046,WH-02,210,50,118,0.2
2025-12-29,SKU-1047,WH-02,211,50,91,0.2
2025-12-29,SKU-1048,WH-02,220,50,93,0.2
2025-12-29,SKU-1049,WH-02,334,80,169,0.2
2025-12-29,SKU-1050,WH-02,370,120,216,0.2
2025-12-29,SKU-1051,WH-02,107,30,57,0.2
2025-12-29,SKU-1052,WH-02,135,30,59,0.2
2025-12-29,SKU-1053,WH-02,137,50,101,0.2
2025-12-29,SKU-1054,WH-02,101,30,71,0.2
2025-12-29,SKU-1055,WH-02,542,120,284,0.2
2025-12-29,SKU-1056,WH-02,67,30,57,0.2
2025-12-29,SKU-1057,WH-02,165,50,95,0.2
2025-12-29,SKU-1058,WH-02,305,120,245,0.2
2025-12-29,SKU-1059,WH-02,0,80,180,0.2
2025-12-29,SKU-1000,WH-03,333,80,178,0.2
2025-12-29,SKU-1001,WH-03,0,80,180,0.2
2025-12-29,SKU-1002,WH-03,395,80,160,0.2
2025-12-29,SKU-1003,WH-03,141,50,112,0.2
2025-12-29,SKU-1004,WH-03,460,120,239,0.2
2025-12-29,SKU-1005,WH-03,32,80,165,0.2
2025-12-29,SKU-1006,WH-03,83,30,54,0.2
2025-12-29,SKU-1007,WH-03,227,80,149,0.2
2025-12-29,SKU-1008,WH-03,111,30,60,0.2
2025-12-29,SKU-1009,WH-03,138,50,102,0.2
2025-12-29,SKU-1010,WH-03,149,50,93,0.2
2025-12-29,SKU-1011,WH-03,272,120,220,0.2
2025-12-29,SKU-1012,WH-03,440,120,233,0.2
2025-12-29,SKU-1013,WH-03,289,80,182,0.2
2025-12-29,SKU-1014,WH-03,250,50,112,0.2
2025-12-29,SKU-1015,WH-03,211,50,114,0.2
2025-12-29,SKU-1016,WH-03,75,30,68,0.2
2025-12-29,SKU-1017,WH-03,234,50,95,0.2
2025-12-29,SKU-1018,WH-03,133,30,58,0.2
2025-12-29,SKU-1019,WH-03,189,80,144,0.2
2025-12-29,SKU-1020,WH-03,274,120,262,0.2
2025-12-29,SKU-1021,WH-03,143,50,109,0.2
2025-12-29,SKU-1022,WH-03,445,120,258,0.2
2025-12-29,SKU-1023,WH-03,112,30,59,0.2
2025-12-29,SKU-1024,WH-03,191,50,110,0.2
2025-12-29,SKU-1025,WH-03,327,80,178,0.2
2025-12-29,SKU-1026,WH-03,112,30,58,0.2
2025-12-29,SKU-1027,WH-03,62,30,57,0.2
2025-12-29,SKU-1028,WH-03,611,120,275,0.2
2025-12-29,SKU-1029,WH-03,104,50,95,0.2
2025-12-29,SKU-1030,WH-03,115,30,63,0.2
2025-12-29,SKU-1031,WH-03,565,120,231,0.2
2025-12-29,SKU-1032,WH-03,121,30,70,0.2
2025-12-29,SKU-1033,WH-03,189,80,158,0.2
2025-12-29,SKU-1034,WH-03,122,30,59,0.2
2025-12-29,SKU-1035,WH-03,73,80,190,0.2
2025-12-29,SKU-1036,WH-03,275,50,117,0.2
2025-12-29,SKU-1037,WH-03,106,50,92,0.2
2025-12-29,SKU-1038,WH-03,0,120,234,0.2
2025-12-29,SKU-1039,WH-03,266,120,262,0.2
2025-12-29,SKU-1040,WH-03,218,80,156,0.2
2025-12-29,SKU-1041,WH-03,85,30,63,0.2
2025-12-29,SKU-1042,WH-03,65,30,58,0.2
2025-12-29,SKU-1043,WH-03,460,120,257,0.2
2025-12-29,SKU-1044,WH-03,107,30,58,0.2
2025-12-29,SKU-1045,WH-03,120,30,71,0.2
2025-12-29,SKU-1046,WH-03,365,80,181,0.2
2025-12-29,SKU-1047,WH-03,23,30,69,0.2
2025-12-29,SKU-1048,WH-03,383,80,162,0.2
2025-12-29,SKU-1049,WH-03,89,30,55,0.2
2025-12-29,SKU-1050,WH-03,293,80,157,0.2
2025-12-29,SKU-1051,WH-03,16,80,146,0.2
2025-12-29,SKU-1052,WH-03,417,120,277,0.2
2025-12-29,SKU-1053,WH-03,82,30,68,0.2
2025-12-29,SKU-1054,WH-03,39,50,97,0.2
2025-12-29,SKU-1055,WH-03,542,120,285,0.2
2025-12-29,SKU-1056,WH-03,260,120,250,0.2
2025-12-29,SKU-1057,WH-03,401,80,189,0.2
2025-12-29,SKU-1058,WH-03,152,50,102,0.2
2025-12-29,SKU-1059,WH-03,384,120,232,0.2
2025-12-29,SKU-1000,WH-04,340,120,258,0.2
2025-12-29,SKU-1001,WH-04,429,120,287,0.2
2025-12-29,SKU-1002,WH-04,347,80,164,0.2
2025-12-29,SKU-1003,WH-04,230,120,218,0.2
2025-12-29,SKU-1004,WH-04,343,120,251,0.2
2025-12-29,SKU-1005,WH-04,240,50,100,0.2
2025-12-29,SKU-1006,WH-04,154,50,111,0.2
2025-12-29,SKU-1007,WH-04,314,80,167,0.2
2025-12-29,SKU-1008,WH-04,205,50,100,0.2
2025-12-29,SKU-1009,WH-04,134,50,110,0.2
2025-12-29,SKU-1010,WH-04,274,120,227,0.2
2025-12-29,SKU-1011,WH-04,0,80,148,0.2
2025-12-29,SKU-1012,WH-04,145,30,63,0.2
2025-12-29,SKU-1013,WH-04,206,50,99,0.2
2025-12-29,SKU-1014,WH-04,198,80,186,0.2
2025-12-29,SKU-1015,WH-04,141,50,115,0.2
2025-12-29,SKU-1016,WH-04,594,120,244,0.2
2025-12-29,SKU-1017,WH-04,272,80,146,0.2
2025-12-29,SKU-1018,WH-04,201,50,93,0.2
2025-12-29,SKU-1019,WH-04,199,50,106,0.2
2025-12-29,SKU-1020,WH-04,114,50,96,0.2
2025-12-29,SKU-1021,WH-04,167,30,71,0.2
2025-12-29,SKU-1022,WH-04,167,80,156,0.2
2025-12-29,SKU-1023,WH-04,130,30,64,0.2
2025-12-29,SKU-1024,WH-04,123,30,62,0.2
2025-12-29,SKU-1025,WH-04,88,30,68,0.2
2025-12-29,SKU-1026,WH-04,254,120,241,0.2
2025-12-29,SKU-1027,WH-04,29,30,71,0.2
2025-12-29,SKU-1028,WH-04,40,80,167,0.2
2025-12-29,SKU-1029,WH-04,280,50,114,0.2
2025-12-29,SKU-1030,WH-04,154,50,98,0.2
2025-12-29,SKU-1031,WH-04,412,120,256,0.2
2025-12-29,SKU-1032,WH-04,301,80,162,0.2
2025-12-29,SKU-1033,WH-04,115,30,66,0.2
2025-12-29,SKU-1034,WH-04,242,50,105,0.2
2025-12-29,SKU-1035,WH-04,167,50,115,0.2
2025-12-29,SKU-1036,WH-04,105,30,60,0.2
2025-12-29,SKU-1037,WH-04,165,50,107,0.2
2025-12-29,SKU-1038,WH-04,278,120,266,0.2
2025-12-29,SKU-1039,WH-04,118,30,63,0.2
2025-12-29,SKU-1040,WH-04,5,30,58,0.2
2025-12-29,SKU-1041,WH-04,8,50,102,0.2
2025-12-29,SKU-1042,WH-04,143,50,114,0.2
2025-12-29,SKU-1043,WH-04,353,120,233,0.2
2025-12-29,SKU-1044,WH-04,219,50,92,0.2
2025-12-29,SKU-1045,WH-04,452,80,190,0.2
2025-12-29,SKU-1046,WH-04,114,30,54,0.2
2025-12-29,SKU-1047,WH-04,162,50,95,0.2
2025-12-29,SKU-1048,WH-04,114,50,99,0.2
2025-12-29,SKU-1049,WH-04,473,120,257,0.2
2025-12-29,SKU-1050,WH-04,278,120,218,0.2
2025-12-29,SKU-1051,WH-04,187,50,108,0.2
2025-12-29,SKU-1052,WH-04,105,50,104,0.2
2025-12-29,SKU-1053,WH-04,87,30,58,0.2
2025-12-29,SKU-1054,WH-04,83,30,71,0.2
2025-12-29,SKU-1055,WH-04,43,120,241,0.2
2025-12-29,SKU-1056,WH-04,67,30,60,0.2
2025-12-29,SKU-1057,WH-04,0,80,169,0.2
2025-12-29,SKU-1058,WH-04,64,30,60,0.2
2025-12-29,SKU-1059,WH-04,41,120,247,0.2
